floor_area_m2,material_type,location,floors,labor_count,duration_days
196.48,Tiles,Indoor,5,10,9
948.71,Tiles,Indoor,1,8,35
51.81,Tiles,Outdoor,1,9,4
812.04,Hardwood,Outdoor,2,4,104
3342.15,Cement Rendering,Indoor,6,9,94
2040.81,Tiles,Both,2,9,82
1851.87,Hardwood,Outdoor,4,2,534
66.3,Cement Rendering,Indoor,1,5,3
406.83,Tiles,Indoor,1,16,10
558.05,Cement Rendering,Outdoor,1,7,17
4100.36,Tiles,Outdoor,6,12,160
25.14,Tiles,Indoor,1,16,3
1335.64,Titanium,Indoor,8,8,95
59.46,Tiles,Indoor,3,14,4
316.76,Hardwood,Outdoor,1,2,75
120.39,Titanium,Indoor,1,7,8
3823.26,Hardwood,Both,1,11,179
513.38,Tiles,Outdoor,1,7,25
771.41,Hardwood,Indoor,3,4,95
4676.43,Tiles,Outdoor,3,4,421
1717.4,Titanium,Outdoor,1,6,116
168.66,Hardwood,Both,2,2,47
2409.87,Cement Rendering,Indoor,1,11,42
1019.14,Tiles,Outdoor,1,14,27
312.1,Tiles,Outdoor,1,6,18
4125.05,Tiles,Outdoor,1,5,257
114.13,Cement Rendering,Indoor,1,10,3
164.87,Hardwood,Indoor,1,10,9
41.17,Hardwood,Outdoor,2,12,4
1124.51,Cement Rendering,Indoor,2,8,28
1945.05,Hardwood,Indoor,2,6,148
1223.47,Cement Rendering,Indoor,2,5,48
167.72,Tiles,Both,3,2,34
4590.23,Hardwood,Both,6,4,790
313.31,Tiles,Indoor,2,19,8
145.45,Tiles,Indoor,9,20,6
625.69,Cement Rendering,Indoor,9,9,21
644,Cement Rendering,Outdoor,3,13,14
173.72,Cement Rendering,Indoor,3,10,5
39.18,Hardwood,Indoor,3,10,4
542.29,Tiles,Both,1,11,19
83.33,Titanium,Indoor,2,11,5
93.33,Hardwood,Both,1,5,11
169.32,Hardwood,Both,2,4,24
1996.31,Tiles,Both,4,1,811
1309.64,Titanium,Both,1,3,185
108.52,Tiles,Outdoor,4,4,12
344.41,Tiles,Both,6,3,55
352.27,Cement Rendering,Both,4,5,19
1738.31,Tiles,Indoor,1,14,41
3864.43,Hardwood,Outdoor,1,3,598
163.84,Titanium,Both,7,5,22
36.45,Titanium,Both,2,10,4
168.78,Hardwood,Both,6,14,11
137.85,Tiles,Both,6,13,7
1254.3,Titanium,Indoor,7,13,58
150.65,Tiles,Indoor,5,5,13
50.9,Tiles,Both,9,5,7
428.4,Hardwood,Outdoor,8,3,105
2947.24,Hardwood,Indoor,1,7,177
1333.94,Tiles,Outdoor,2,9,51
133.41,Cement Rendering,Both,3,11,4
1940.4,Tiles,Indoor,4,6,113
155.68,Titanium,Indoor,2,7,11
364.01,Cement Rendering,Indoor,8,10,11
4039.17,Tiles,Outdoor,1,6,210
540.01,Titanium,Indoor,2,5,44
738.83,Titanium,Indoor,1,8,35
388.48,Hardwood,Both,4,5,49
23.91,Cement Rendering,Indoor,6,2,4
570.82,Cement Rendering,Outdoor,3,5,27
184.43,Titanium,Both,1,7,13
173.27,Tiles,Indoor,1,13,6
677.08,Titanium,Both,3,16,26
1841.9,Titanium,Outdoor,6,9,116
2064.47,Tiles,Indoor,1,10,59
1686.69,Tiles,Indoor,1,6,80
71.15,Tiles,Indoor,1,10,4
910.12,Tiles,Outdoor,2,4,78
741.1,Tiles,Outdoor,6,12,31
184.65,Tiles,Both,6,17,8
643.71,Tiles,Outdoor,1,5,42
198.97,Tiles,Outdoor,2,4,19
260,Tiles,Indoor,2,9,11
122.84,Cement Rendering,Indoor,1,7,4
72.3,Titanium,Indoor,5,13,5
33.1,Cement Rendering,Outdoor,10,6,3
664.58,Titanium,Both,8,4,111
44.38,Cement Rendering,Outdoor,3,5,3
655.71,Cement Rendering,Outdoor,5,3,58
2440.06,Cement Rendering,Indoor,2,10,48
3492.24,Titanium,Indoor,4,10,157
143.6,Hardwood,Outdoor,1,19,6
1390.9,Tiles,Indoor,3,6,77
2198.14,Cement Rendering,Both,4,13,50
1540.89,Titanium,Both,1,12,60
480.28,Tiles,Outdoor,1,13,15
948.24,Hardwood,Indoor,2,9,49
198.77,Hardwood,Indoor,1,12,9
160.85,Titanium,Indoor,1,16,6
135.21,Tiles,Both,4,10,7
671.83,Cement Rendering,Indoor,4,6,26
473.95,Tiles,Indoor,5,6,31
1261.29,Tiles,Indoor,1,3,119
652.8,Cement Rendering,Indoor,3,11,14
3812.07,Tiles,Indoor,1,5,214
22.26,Tiles,Indoor,9,9,3
259.17,Hardwood,Indoor,7,9,20
453.65,Cement Rendering,Indoor,8,8,17
1481.8,Cement Rendering,Outdoor,1,4,75
369.07,Hardwood,Indoor,5,9,25
1184.44,Tiles,Indoor,2,13,32
3264.15,Tiles,Outdoor,5,16,100
53.76,Titanium,Indoor,1,2,12
92.08,Tiles,Indoor,1,11,4
1572.4,Titanium,Both,5,10,89
758.94,Tiles,Outdoor,4,15,24
922.33,Cement Rendering,Indoor,5,9,25
39.9,Titanium,Outdoor,8,8,5
230.79,Cement Rendering,Indoor,2,5,10
173.91,Hardwood,Outdoor,9,20,10
347.83,Cement Rendering,Both,2,10,9
2954.54,Tiles,Outdoor,3,3,355
73.33,Titanium,Both,2,10,5
171.23,Hardwood,Outdoor,2,6,16
175.23,Tiles,Outdoor,10,10,11
436.8,Cement Rendering,Indoor,5,10,11
1146.85,Tiles,Both,2,11,40
175.7,Tiles,Indoor,1,9,7
238.7,Hardwood,Both,2,3,44
1647.74,Titanium,Outdoor,1,13,57
3110.08,Tiles,Indoor,8,8,170
2268.98,Tiles,Both,2,16,61
688.92,Tiles,Indoor,3,20,16
272.98,Tiles,Indoor,3,9,12
380.18,Cement Rendering,Outdoor,3,5,19
875.16,Titanium,Outdoor,6,7,71
689.04,Hardwood,Indoor,1,8,38
719.34,Hardwood,Indoor,3,7,52
1497.55,Titanium,Indoor,2,17,43
130.83,Tiles,Both,6,13,7
377.01,Titanium,Both,7,1,236
120.99,Hardwood,Both,5,7,13
121.4,Hardwood,Indoor,4,14,7
147.38,Tiles,Indoor,1,8,7
671.57,Cement Rendering,Indoor,7,10,19
166.05,Cement Rendering,Indoor,1,5,7
148.74,Hardwood,Outdoor,1,7,12
114.01,Tiles,Indoor,1,13,5
81.55,Tiles,Indoor,3,9,5
3238.78,Hardwood,Outdoor,1,9,169
641.95,Cement Rendering,Outdoor,3,14,13
147.82,Tiles,Indoor,4,10,7
627.25,Titanium,Both,4,14,28
372.23,Tiles,Outdoor,5,3,53
139.6,Cement Rendering,Indoor,3,18,3
746.45,Hardwood,Indoor,6,8,56
2069.4,Tiles,Indoor,9,3,316
4650.49,Titanium,Both,9,12,288
670.43,Cement Rendering,Outdoor,2,10,15
542.84,Hardwood,Both,1,5,55
161.48,Tiles,Both,1,2,28
2346.05,Tiles,Indoor,1,16,50
98.82,Cement Rendering,Both,1,7,4
641,Hardwood,Indoor,5,4,90
242.29,Tiles,Indoor,9,1,112
455.45,Hardwood,Both,1,10,24
786.28,Tiles,Indoor,1,3,75
1573.56,Titanium,Outdoor,3,1,726
1214.82,Cement Rendering,Outdoor,1,12,23
54.55,Hardwood,Indoor,1,14,4
157.34,Cement Rendering,Indoor,1,4,8
196.96,Cement Rendering,Both,1,6,8
28.38,Titanium,Outdoor,5,8,4
1672.99,Cement Rendering,Outdoor,8,2,260
2274,Tiles,Indoor,9,2,520
429.6,Titanium,Indoor,7,2,116
117.33,Cement Rendering,Indoor,4,9,4
179.14,Tiles,Indoor,3,3,21
2249.89,Titanium,Both,5,5,252
322.44,Tiles,Indoor,2,3,34
592.7,Tiles,Indoor,8,2,130
959.4,Cement Rendering,Outdoor,6,9,31
528.62,Tiles,Indoor,2,10,18
2275.89,Titanium,Both,3,6,187
312.69,Titanium,Indoor,1,13,11
653.05,Tiles,Both,6,18,22
1843.46,Tiles,Indoor,8,13,70
48.87,Titanium,Indoor,2,1,21
1763.18,Tiles,Indoor,4,1,609
1166.51,Tiles,Indoor,2,11,35
1765.34,Cement Rendering,Indoor,1,9,36
349.43,Titanium,Indoor,2,5,29
994.38,Tiles,Indoor,4,8,45
209.11,Tiles,Outdoor,1,6,13
41.96,Tiles,Indoor,1,11,3
80.83,Titanium,Outdoor,6,12,6
157.88,Cement Rendering,Indoor,8,13,5
535.93,Titanium,Indoor,1,1,193
148.21,Tiles,Both,8,3,27
1214.39,Tiles,Outdoor,2,6,69
73.29,Cement Rendering,Outdoor,1,8,3
3374.09,Titanium,Both,6,5,399
51.56,Tiles,Both,4,4,7
1640.5,Titanium,Both,2,15,59
574.25,Tiles,Both,4,4,60
90.75,Tiles,Indoor,1,8,5
92.31,Cement Rendering,Both,1,13,3
1845.9,Tiles,Indoor,3,12,55
1565.1,Hardwood,Outdoor,2,8,100
29.9,Cement Rendering,Both,2,11,2
287.81,Cement Rendering,Indoor,2,8,8
79.66,Tiles,Indoor,2,9,5
1900.77,Cement Rendering,Indoor,4,5,85
1916.5,Hardwood,Both,2,9,115
75.97,Hardwood,Outdoor,2,9,6
3274.65,Tiles,Both,6,10,152
2056.18,Titanium,Outdoor,4,7,147
405.45,Cement Rendering,Indoor,8,8,15
42.01,Cement Rendering,Both,1,12,2
2302.38,Cement Rendering,Indoor,5,3,182
281.43,Hardwood,Both,6,4,50
435.32,Titanium,Indoor,2,5,36
1563.73,Tiles,Indoor,6,8,78
1425.96,Hardwood,Both,2,5,153
507.5,Hardwood,Both,6,3,118
122.59,Hardwood,Outdoor,1,13,7
1285.32,Titanium,Indoor,7,4,172
766.83,Cement Rendering,Indoor,2,1,149
100.32,Cement Rendering,Both,2,1,24
4598.1,Tiles,Both,1,6,252
1983.63,Cement Rendering,Outdoor,2,1,426
60.95,Hardwood,Outdoor,5,8,7
66.1,Tiles,Indoor,2,12,4
249.62,Hardwood,Outdoor,1,8,16
42.97,Tiles,Outdoor,1,7,4
234,Hardwood,Indoor,3,8,16
3885.83,Tiles,Indoor,4,19,89
22.6,Titanium,Indoor,5,10,3
2050.08,Tiles,Indoor,3,12,61
144.66,Tiles,Outdoor,4,12,7
144.19,Tiles,Indoor,1,4,12
169.34,Tiles,Both,3,5,15
1125.68,Tiles,Both,7,6,93
78.88,Hardwood,Outdoor,7,7,10
3741.01,Tiles,Both,3,12,129
935.1,Tiles,Both,3,6,61
125.75,Tiles,Outdoor,2,10,6
207.22,Hardwood,Indoor,10,5,32
4869.81,Cement Rendering,Outdoor,2,12,94
770.78,Cement Rendering,Outdoor,5,1,203
144.56,Tiles,Indoor,3,9,7
768.32,Tiles,Both,3,8,38
583.08,Cement Rendering,Indoor,5,8,18
528.68,Tiles,Indoor,2,20,12
166.64,Tiles,Indoor,6,7,11
1557.24,Cement Rendering,Outdoor,6,6,73
30.39,Tiles,Both,6,11,3
4094.61,Titanium,Outdoor,1,4,408
146.46,Cement Rendering,Outdoor,2,12,4
559.8,Cement Rendering,Indoor,10,11,17
657.11,Hardwood,Indoor,9,10,47
601.99,Tiles,Both,5,10,28
174.6,Tiles,Both,1,3,21
46.35,Tiles,Outdoor,2,16,3
2238.24,Tiles,Outdoor,3,3,269
105.36,Tiles,Indoor,8,4,13
627.07,Tiles,Both,3,13,22
27.27,Tiles,Outdoor,4,12,3
576.54,Tiles,Outdoor,2,17,16
679.1,Titanium,Indoor,1,2,123
480.75,Cement Rendering,Outdoor,2,11,11
2263.46,Hardwood,Indoor,2,9,115
94.64,Tiles,Indoor,1,6,6
561.92,Cement Rendering,Both,1,6,21
374.57,Titanium,Indoor,3,8,21
23.71,Hardwood,Outdoor,9,5,6
212.28,Tiles,Both,4,8,13
705.4,Tiles,Both,5,12,29
428.96,Tiles,Indoor,3,2,71
654.17,Tiles,Both,4,3,90
3485.37,Titanium,Indoor,8,11,185
101.46,Tiles,Indoor,1,6,7
463.88,Tiles,Outdoor,2,9,19
178.5,Titanium,Indoor,2,13,8
619.71,Tiles,Both,2,10,24
3959.67,Titanium,Outdoor,4,1,1950
779.62,Titanium,Both,3,11,38
286.55,Tiles,Outdoor,6,4,33
200.54,Hardwood,Indoor,1,6,16
130.48,Tiles,Both,8,14,7
906.82,Cement Rendering,Indoor,2,10,18
375.21,Cement Rendering,Both,2,6,15
2025.85,Tiles,Outdoor,3,4,183
109.29,Cement Rendering,Both,2,6,5
132.8,Tiles,Indoor,8,12,7
39.5,Titanium,Indoor,10,12,4
4511.73,Tiles,Indoor,4,6,261
339.74,Tiles,Indoor,3,15,10
265.97,Tiles,Outdoor,1,10,10
575.89,Cement Rendering,Indoor,4,3,44
809.8,Tiles,Both,2,16,23
1612.19,Cement Rendering,Both,2,10,38
2724.56,Tiles,Outdoor,5,16,84
2938.49,Hardwood,Indoor,8,20,121
487.64,Hardwood,Both,8,14,32
110.87,Cement Rendering,Both,2,19,3
486.73,Hardwood,Both,2,4,66
46,Tiles,Indoor,1,11,3
1765.66,Titanium,Indoor,6,14,73
1676.46,Cement Rendering,Outdoor,1,3,112
59.69,Tiles,Indoor,5,17,4
135.66,Cement Rendering,Outdoor,4,2,18
69.09,Tiles,Outdoor,7,11,5
38.79,Hardwood,Indoor,3,5,6
44.51,Titanium,Outdoor,2,9,4
513.72,Titanium,Indoor,1,11,19
940.1,Tiles,Outdoor,1,9,34
107.62,Tiles,Outdoor,1,6,8
252.95,Cement Rendering,Outdoor,1,8,7
1571.38,Tiles,Indoor,1,8,57
2029.85,Tiles,Both,5,9,99
75.12,Cement Rendering,Both,8,2,13
2580.31,Tiles,Both,5,18,77
441.2,Hardwood,Indoor,7,15,23
603.61,Titanium,Outdoor,4,6,52
105.96,Tiles,Outdoor,1,1,35
67.74,Titanium,Outdoor,3,13,5
75.39,Tiles,Both,5,3,13
1513.29,Titanium,Both,1,4,161
25.37,Tiles,Outdoor,1,11,3
326.06,Cement Rendering,Both,1,8,10
150.53,Titanium,Indoor,3,10,8
68.28,Cement Rendering,Outdoor,1,6,3
171.76,Hardwood,Both,4,7,17
782.85,Hardwood,Outdoor,5,6,82
273.37,Tiles,Both,2,13,10
133.21,Hardwood,Both,3,17,7
264,Cement Rendering,Indoor,4,15,5
958.1,Titanium,Indoor,1,10,36
721.77,Cement Rendering,Both,5,9,23
719.2,Tiles,Both,1,16,19
2794.17,Hardwood,Indoor,1,9,131
166.42,Tiles,Both,2,8,9
342.91,Tiles,Indoor,1,19,8
700.79,Hardwood,Indoor,2,9,37
43.35,Tiles,Both,3,7,4
72.78,Tiles,Both,3,10,5
340.29,Hardwood,Both,4,8,28
147.2,Cement Rendering,Outdoor,3,15,4
578.28,Cement Rendering,Indoor,6,16,12
654.13,Tiles,Both,1,11,22
100.92,Tiles,Outdoor,4,9,6
482.98,Cement Rendering,Outdoor,1,8,13
176.4,Cement Rendering,Both,4,12,5
2768.43,Cement Rendering,Indoor,1,8,63
1255.18,Tiles,Indoor,2,9,44
3065.42,Titanium,Both,4,13,137
959.86,Tiles,Outdoor,1,1,298
99.98,Tiles,Both,3,13,5
104.51,Cement Rendering,Indoor,7,14,3
209.82,Cement Rendering,Both,7,9,8
168.6,Tiles,Both,3,11,8
1477.7,Cement Rendering,Indoor,1,13,23
735.95,Tiles,Both,1,19,18
1651.85,Hardwood,Indoor,2,13,65
143.04,Hardwood,Indoor,5,1,81
178.81,Tiles,Indoor,8,7,13
589.96,Cement Rendering,Outdoor,5,11,16
44.68,Titanium,Outdoor,5,6,6
20.83,Tiles,Indoor,1,3,4
91.81,Tiles,Indoor,1,6,6
115.69,Tiles,Indoor,2,7,7
164.18,Hardwood,Both,3,4,25
266.94,Tiles,Indoor,1,7,13
480.74,Cement Rendering,Indoor,1,10,10
302.04,Cement Rendering,Indoor,8,6,15
678.72,Tiles,Indoor,6,13,24
2841.18,Tiles,Both,1,6,157
4921.84,Tiles,Outdoor,3,9,198
80.17,Hardwood,Indoor,1,9,6
518.74,Titanium,Outdoor,9,8,44
1545.93,Tiles,Outdoor,6,12,62
490.07,Tiles,Indoor,4,11,18
926.67,Hardwood,Indoor,2,8,54
4229.58,Tiles,Both,2,14,122
576.03,Cement Rendering,Both,4,6,26
208.42,Hardwood,Outdoor,2,11,12
3576.71,Cement Rendering,Indoor,3,8,94
537.07,Tiles,Indoor,5,9,24
394.53,Cement Rendering,Indoor,2,17,6
170.51,Cement Rendering,Indoor,2,4,9
475.74,Tiles,Outdoor,2,6,28
996.53,Hardwood,Outdoor,4,4,145
3110.54,Cement Rendering,Indoor,3,17,46
84.81,Cement Rendering,Outdoor,2,1,19
303.14,Tiles,Indoor,4,4,28
2175.03,Cement Rendering,Indoor,7,4,145
93.21,Tiles,Both,3,10,6
559.4,Tiles,Indoor,6,9,26
2000.47,Tiles,Outdoor,1,3,208
68.86,Cement Rendering,Outdoor,3,7,3
81.39,Cement Rendering,Outdoor,4,10,3
3887.73,Tiles,Indoor,2,7,169
77.45,Cement Rendering,Indoor,6,17,2
487.39,Titanium,Indoor,6,8,32
24.94,Titanium,Indoor,1,8,3
93.17,Titanium,Both,3,3,17
144.02,Hardwood,Indoor,6,2,44
1729.25,Hardwood,Indoor,6,11,97
179.89,Tiles,Indoor,6,7,12
4439.3,Cement Rendering,Both,3,6,181
1876.08,Cement Rendering,Indoor,1,4,85
76.13,Tiles,Outdoor,2,11,4
62.77,Hardwood,Both,4,3,15
4464.44,Hardwood,Both,7,3,1082
1225.2,Titanium,Both,5,10,70
538.43,Tiles,Indoor,2,10,18
959.17,Tiles,Indoor,8,6,71
3318.9,Cement Rendering,Both,5,11,88
592.11,Tiles,Indoor,3,5,40
312.14,Tiles,Both,2,9,14
481.42,Tiles,Outdoor,1,3,52
1581.83,Cement Rendering,Both,2,1,360
3006.59,Titanium,Indoor,4,4,335
3185.77,Titanium,Indoor,2,14,101
83.41,Tiles,Outdoor,1,10,5
802.85,Tiles,Indoor,1,10,24
131.3,Hardwood,Both,2,3,25
81.29,Titanium,Indoor,2,14,5
143.75,Titanium,Indoor,10,3,31
186.25,Titanium,Indoor,5,10,11
85.87,Titanium,Both,1,3,14
1802.69,Tiles,Both,2,3,214
33.48,Tiles,Outdoor,3,12,3
705.85,Titanium,Indoor,3,8,39
1303.13,Cement Rendering,Both,9,8,57
99.93,Tiles,Outdoor,9,19,5
2830.83,Hardwood,Outdoor,2,10,144
2422.62,Titanium,Indoor,1,5,175
29.68,Titanium,Outdoor,4,8,4
615.42,Cement Rendering,Outdoor,3,5,29
101.81,Cement Rendering,Both,3,7,5
697.57,Titanium,Indoor,4,11,31
899.38,Cement Rendering,Indoor,2,9,20
138.67,Titanium,Indoor,4,11,8
172.48,Tiles,Both,5,4,21
144.98,Tiles,Both,5,1,65
1263.1,Cement Rendering,Outdoor,3,2,146
403.92,Tiles,Outdoor,2,5,29
111.83,Titanium,Indoor,3,2,25
1216.49,Tiles,Indoor,1,15,28
1740.32,Hardwood,Outdoor,2,6,147
626.86,Tiles,Indoor,2,8,26
2949.18,Hardwood,Both,9,2,1187
355.75,Hardwood,Indoor,3,1,174
110.21,Tiles,Outdoor,2,9,6
659.25,Cement Rendering,Both,5,5,38
85.61,Cement Rendering,Indoor,6,14,3
2504.65,Titanium,Both,5,3,465
328.43,Tiles,Indoor,10,11,17
167.4,Hardwood,Outdoor,4,7,16
2713.17,Cement Rendering,Indoor,6,2,340
450.25,Hardwood,Indoor,1,6,33
1991.53,Titanium,Indoor,1,2,358
144.79,Tiles,Indoor,1,8,7
512.74,Hardwood,Indoor,2,5,48
45.22,Titanium,Both,4,2,14
1357.92,Cement Rendering,Indoor,2,8,34
342.04,Hardwood,Indoor,2,7,24
1225.5,Tiles,Both,1,1,402
2470.38,Cement Rendering,Both,2,10,57
541.46,Tiles,Both,1,2,90
3609.13,Cement Rendering,Both,6,6,178
93.76,Cement Rendering,Outdoor,6,7,5
129.31,Cement Rendering,Indoor,1,5,6
859.87,Tiles,Indoor,2,7,39
218.75,Tiles,Indoor,1,14,7
571.44,Hardwood,Both,10,12,45
518.06,Tiles,Both,3,7,30
71.02,Cement Rendering,Both,5,2,11
3824.05,Titanium,Both,9,3,880
345.98,Hardwood,Both,1,20,13
155.44,Titanium,Indoor,6,13,9
114.8,Hardwood,Outdoor,8,1,85
2410.9,Tiles,Outdoor,1,19,50
1637.29,Tiles,Indoor,1,5,93
104.23,Cement Rendering,Both,1,3,8
2362.01,Hardwood,Indoor,1,9,111
4436.14,Hardwood,Both,9,7,511
3489.59,Cement Rendering,Indoor,1,4,157
4479.81,Hardwood,Outdoor,1,17,148
755.96,Titanium,Indoor,3,4,80
130.16,Cement Rendering,Outdoor,8,16,4
796.46,Hardwood,Indoor,3,15,32
3053.02,Tiles,Both,1,11,96
177.18,Cement Rendering,Both,1,11,5
729.84,Tiles,Indoor,1,2,103
37.29,Cement Rendering,Indoor,5,17,2
1638.75,Tiles,Outdoor,1,8,65
1907,Titanium,Indoor,1,13,60
70.99,Hardwood,Indoor,1,7,6
1730.43,Hardwood,Indoor,3,9,95
200.18,Hardwood,Indoor,7,4,33
52.89,Cement Rendering,Outdoor,5,11,2
65.04,Cement Rendering,Indoor,3,13,2
77.73,Tiles,Indoor,4,9,5
24.12,Cement Rendering,Indoor,1,13,1
83.59,Tiles,Outdoor,1,9,5
161.68,Tiles,Indoor,1,8,8
62.97,Cement Rendering,Both,4,2,9
106.63,Hardwood,Outdoor,3,13,7
1512.26,Tiles,Both,2,14,45
229.87,Hardwood,Outdoor,3,14,12
1952.13,Tiles,Indoor,5,4,181
4930.44,Hardwood,Indoor,2,19,146
798.31,Tiles,Both,1,15,22
2668.46,Tiles,Indoor,2,5,162
721.68,Titanium,Outdoor,3,7,49
272.74,Tiles,Both,8,15,13
243.51,Tiles,Outdoor,2,7,14
481.58,Tiles,Indoor,1,4,35
610.38,Cement Rendering,Both,2,5,29
2365.5,Hardwood,Indoor,6,6,232
98.66,Titanium,Indoor,7,3,19
3608.33,Hardwood,Indoor,2,10,164
53.82,Hardwood,Outdoor,5,14,5
1676.44,Cement Rendering,Indoor,3,3,117
2294.99,Cement Rendering,Indoor,6,13,50
93.03,Hardwood,Outdoor,1,13,6
574.32,Cement Rendering,Indoor,2,9,13
159.28,Tiles,Indoor,1,14,6
1971.36,Tiles,Indoor,1,9,63
4642.92,Tiles,Outdoor,1,7,207
144.85,Titanium,Indoor,8,10,10
186.24,Tiles,Both,2,17,7
443.34,Tiles,Indoor,1,8,17
691.25,Tiles,Indoor,3,10,24
1436.82,Tiles,Outdoor,2,3,162
178.14,Tiles,Both,1,11,7
1308.65,Cement Rendering,Both,7,12,37
1820.46,Titanium,Outdoor,5,10,97
3149.31,Tiles,Indoor,1,11,85
298.56,Titanium,Indoor,3,12,13
4180,Tiles,Both,6,14,156
35.62,Cement Rendering,Indoor,6,12,2
128.75,Tiles,Indoor,2,11,6
146.09,Tiles,Indoor,2,13,6
717.3,Tiles,Both,1,14,21
717.98,Tiles,Indoor,1,13,19
52.05,Tiles,Outdoor,7,8,5
134.51,Titanium,Indoor,4,4,17
183.92,Tiles,Both,1,12,7
653.65,Cement Rendering,Outdoor,4,7,24
3458.91,Cement Rendering,Indoor,2,1,668
153.32,Cement Rendering,Outdoor,4,5,9
394.15,Cement Rendering,Indoor,3,4,21
1307.65,Tiles,Outdoor,3,6,80
2492.31,Tiles,Both,2,4,222
4795.6,Tiles,Indoor,5,3,588
1802.89,Cement Rendering,Indoor,4,1,400
1235.59,Tiles,Indoor,10,10,61
193.22,Titanium,Indoor,2,9,10
275.79,Titanium,Outdoor,2,10,14
348.12,Tiles,Indoor,6,3,47
1001.03,Cement Rendering,Indoor,1,4,46
103.7,Cement Rendering,Outdoor,2,2,12
309.56,Hardwood,Indoor,1,10,15
4588.25,Titanium,Indoor,1,8,207
973.09,Tiles,Indoor,10,6,79
242.78,Cement Rendering,Indoor,2,12,5
138.17,Cement Rendering,Both,1,13,3
286.55,Tiles,Indoor,4,14,10
150.39,Cement Rendering,Indoor,9,5,10
707.57,Titanium,Outdoor,5,3,126
217.3,Hardwood,Indoor,2,9,13
1953.59,Cement Rendering,Indoor,2,1,378
700.05,Hardwood,Indoor,8,3,154
209.46,Tiles,Indoor,4,10,9
1780.73,Tiles,Both,4,6,122
614.66,Cement Rendering,Outdoor,1,6,21
419.24,Hardwood,Outdoor,10,2,169
278.14,Hardwood,Both,7,2,103
330.11,Hardwood,Indoor,1,10,16
326.46,Tiles,Both,2,13,12
254.48,Tiles,Outdoor,1,7,13
181.11,Cement Rendering,Outdoor,3,6,8
309.04,Titanium,Both,2,2,72
92.71,Tiles,Outdoor,2,10,5
994.73,Titanium,Indoor,2,13,35
3230.67,Tiles,Outdoor,1,4,251
134.7,Titanium,Indoor,3,4,16
3482.85,Tiles,Both,4,3,472
754.58,Hardwood,Outdoor,5,7,68
772.88,Cement Rendering,Indoor,3,2,81
4597.2,Tiles,Outdoor,8,4,555
633.18,Cement Rendering,Indoor,3,14,12
419.11,Hardwood,Both,5,5,56
4926.26,Tiles,Indoor,2,11,141
1308.85,Titanium,Both,4,16,52
305.35,Tiles,Indoor,2,10,11
4125.57,Hardwood,Outdoor,4,6,397
76.36,Tiles,Outdoor,4,7,6
2230.52,Tiles,Both,6,8,130
43.25,Titanium,Indoor,5,4,7
60.09,Hardwood,Outdoor,2,11,5
150.24,Cement Rendering,Both,5,13,5
1754.6,Cement Rendering,Both,5,6,82
754.49,Tiles,Both,9,6,69
189.03,Tiles,Outdoor,5,14,8
2349.62,Titanium,Outdoor,5,9,139
661.43,Hardwood,Indoor,1,10,30
47.81,Tiles,Indoor,2,9,4
113.44,Tiles,Indoor,4,4,12
71.62,Cement Rendering,Both,3,10,3
535.49,Tiles,Both,2,5,40
30.91,Tiles,Indoor,3,3,5
54.14,Tiles,Indoor,1,11,3
797.91,Hardwood,Both,1,10,41
740.88,Tiles,Outdoor,9,10,40
166.55,Hardwood,Indoor,3,5,18
4555.45,Tiles,Both,2,2,806
1128.08,Tiles,Both,1,17,28
185.54,Cement Rendering,Outdoor,5,13,5
245.33,Tiles,Outdoor,9,12,13
762.71,Titanium,Indoor,2,6,51
28.68,Titanium,Outdoor,3,5,5
82.09,Tiles,Indoor,1,10,4
578.04,Tiles,Both,3,11,23
168.49,Cement Rendering,Both,2,3,14
1544.61,Tiles,Outdoor,2,8,66
82.56,Titanium,Outdoor,9,4,15
746.87,Titanium,Outdoor,2,16,26
524.59,Cement Rendering,Indoor,3,8,15
3262.42,Titanium,Both,2,7,213
498.27,Cement Rendering,Indoor,6,4,32
147.95,Hardwood,Both,8,20,9
521.24,Tiles,Indoor,1,11,16
385.8,Cement Rendering,Outdoor,1,10,9
3295.15,Tiles,Outdoor,2,9,124
406.62,Tiles,Indoor,1,5,25
138.37,Tiles,Both,1,11,6
1587.38,Tiles,Indoor,3,4,130
702.07,Hardwood,Indoor,3,5,70
930.91,Cement Rendering,Indoor,3,1,194
431.78,Tiles,Both,3,9,20
3680.79,Titanium,Indoor,1,12,119
1295.41,Tiles,Outdoor,2,8,56
705.9,Hardwood,Outdoor,1,8,43
291.89,Hardwood,Outdoor,9,11,23
403.09,Cement Rendering,Indoor,1,6,13
53.08,Hardwood,Indoor,2,7,5
176.89,Tiles,Outdoor,3,13,7
1248.37,Tiles,Indoor,4,6,74
698.16,Tiles,Indoor,7,8,38
718.12,Tiles,Indoor,3,8,31
46.5,Cement Rendering,Outdoor,1,4,3
625.01,Cement Rendering,Indoor,6,11,16
477.39,Cement Rendering,Indoor,6,1,120
111.76,Cement Rendering,Outdoor,1,9,3
61.32,Cement Rendering,Both,3,9,3
135.13,Titanium,Indoor,1,7,9
4668.39,Cement Rendering,Both,3,12,103
1110.02,Titanium,Indoor,5,6,89
546.58,Cement Rendering,Indoor,1,4,25
1657.91,Tiles,Indoor,1,8,60
205.16,Titanium,Outdoor,1,8,12
116.56,Hardwood,Both,5,10,10
410.26,Cement Rendering,Outdoor,1,12,8
1448.72,Tiles,Outdoor,5,11,58
41.42,Tiles,Indoor,6,5,5
1495.29,Cement Rendering,Outdoor,5,9,45
21.15,Titanium,Outdoor,2,6,4
124.25,Tiles,Both,2,6,9
128.9,Titanium,Indoor,5,8,10
524.49,Tiles,Indoor,2,11,17
2253.64,Titanium,Outdoor,2,11,93
54.31,Tiles,Indoor,3,11,4
1074.09,Hardwood,Indoor,1,4,114
3589.01,Cement Rendering,Indoor,1,1,642
790.37,Tiles,Outdoor,4,9,36
4550.75,Tiles,Indoor,1,10,128
1286.93,Cement Rendering,Outdoor,3,5,60
25.77,Cement Rendering,Indoor,1,20,1
1400.96,Tiles,Outdoor,3,11,49
34.43,Tiles,Both,8,6,5
3191.99,Tiles,Indoor,8,9,156
85.14,Cement Rendering,Indoor,2,16,2
2426.45,Hardwood,Both,3,10,140
3908.36,Titanium,Both,9,8,339
544.25,Cement Rendering,Indoor,1,10,11
4192.61,Cement Rendering,Indoor,9,8,154
153.15,Cement Rendering,Indoor,4,13,4
169.02,Tiles,Indoor,7,5,16
4208.09,Hardwood,Indoor,1,11,167
1152.32,Cement Rendering,Indoor,3,4,61
167.23,Titanium,Outdoor,3,12,9
207.16,Tiles,Outdoor,3,19,7
2277.04,Tiles,Both,8,5,234
112.27,Cement Rendering,Both,2,8,4
424.71,Titanium,Indoor,9,11,25
607.62,Cement Rendering,Indoor,3,6,22
341.75,Tiles,Indoor,2,9,13
489.74,Cement Rendering,Outdoor,2,13,10
48.78,Cement Rendering,Outdoor,1,3,4
57.73,Tiles,Indoor,1,17,3
148.91,Cement Rendering,Indoor,10,13,5
627.03,Titanium,Indoor,3,9,31
608.45,Cement Rendering,Both,2,10,15
388.15,Tiles,Outdoor,8,5,39
39.4,Hardwood,Both,1,9,4
289.04,Titanium,Indoor,4,8,18
2312.49,Tiles,Indoor,4,4,201
149.23,Tiles,Outdoor,3,13,7
45.92,Cement Rendering,Indoor,2,5,3
348.9,Tiles,Both,2,9,16
3535.56,Cement Rendering,Indoor,5,10,84
4252.04,Cement Rendering,Indoor,1,2,381
1732.79,Cement Rendering,Indoor,5,2,205
44.84,Titanium,Both,2,5,6
120.24,Cement Rendering,Both,1,10,4
1353.52,Tiles,Both,3,5,105
781.15,Titanium,Indoor,3,10,34
530.11,Tiles,Outdoor,2,6,31
679.11,Tiles,Indoor,1,6,33
150.46,Hardwood,Indoor,2,1,70
4867.45,Tiles,Indoor,2,6,245
21.15,Tiles,Indoor,3,7,3
137.94,Tiles,Indoor,1,7,7
142.33,Hardwood,Both,4,5,19
2175.17,Tiles,Both,1,6,120
563.37,Tiles,Outdoor,1,1,176
105.6,Cement Rendering,Indoor,1,11,3
1196.55,Cement Rendering,Indoor,2,6,39
2496.54,Tiles,Both,2,13,77
2641.04,Titanium,Indoor,2,4,257
2189.51,Hardwood,Indoor,5,5,243
1553.59,Titanium,Indoor,2,12,56
788.93,Tiles,Outdoor,2,6,46
207.11,Hardwood,Outdoor,1,10,12
162,Hardwood,Indoor,1,10,9
46.78,Tiles,Indoor,5,1,19
145.36,Tiles,Outdoor,2,3,18
34.62,Tiles,Both,10,10,4
123.13,Titanium,Both,1,5,12
4471.62,Titanium,Both,2,4,509
402.71,Cement Rendering,Both,3,7,15
131.53,Cement Rendering,Indoor,2,11,3
153.02,Hardwood,Outdoor,1,4,20
62.14,Tiles,Indoor,4,7,5
23,Hardwood,Both,1,11,3
514.61,Tiles,Outdoor,3,9,22
380.69,Tiles,Indoor,3,2,63
1021.49,Hardwood,Indoor,3,3,167
698.67,Titanium,Outdoor,4,5,71
556.09,Cement Rendering,Both,1,8,16
936.85,Hardwood,Indoor,3,16,35
409.45,Titanium,Both,1,2,88
68.62,Hardwood,Both,1,11,5
298.28,Tiles,Indoor,4,4,28
1506.4,Cement Rendering,Outdoor,2,8,41
727.47,Cement Rendering,Indoor,2,6,24
179.75,Tiles,Indoor,2,20,5
79.48,Titanium,Indoor,5,9,6
313.42,Titanium,Both,1,17,11
426.8,Titanium,Both,3,8,28
3255.3,Tiles,Indoor,6,1,1268
1972.83,Tiles,Outdoor,3,15,56
26.04,Tiles,Indoor,2,9,3
149.77,Cement Rendering,Indoor,8,11,5
2148.14,Cement Rendering,Both,4,9,63
3988.48,Tiles,Outdoor,3,2,716
143.34,Tiles,Both,2,14,6
1186.19,Titanium,Outdoor,1,12,44
369.66,Cement Rendering,Outdoor,1,8,10
28.08,Titanium,Indoor,2,9,3
318.47,Tiles,Indoor,1,2,46
211.52,Tiles,Indoor,3,12,8
41.58,Tiles,Indoor,4,4,6
636.38,Cement Rendering,Indoor,5,6,26
2724.9,Titanium,Indoor,2,6,177
195.98,Tiles,Both,3,19,7
271.26,Cement Rendering,Both,1,7,9
2249.85,Cement Rendering,Indoor,8,15,49
2194.41,Cement Rendering,Outdoor,1,7,63
53.44,Tiles,Indoor,3,5,5
632.82,Cement Rendering,Outdoor,1,9,15
207.92,Cement Rendering,Indoor,5,9,6
124.76,Cement Rendering,Indoor,1,13,3
715.99,Cement Rendering,Both,4,5,38
785.52,Cement Rendering,Indoor,7,8,27
100.1,Tiles,Both,1,5,9
387.48,Tiles,Indoor,2,6,21
327.21,Hardwood,Outdoor,6,10,23
2313.79,Hardwood,Indoor,3,5,226
163.55,Titanium,Indoor,2,17,6
568.2,Cement Rendering,Indoor,1,17,8
3323.88,Tiles,Indoor,1,8,117
2266.54,Tiles,Outdoor,3,3,272
4939.47,Cement Rendering,Both,8,6,271
768.18,Cement Rendering,Indoor,7,11,20
2296.34,Tiles,Indoor,2,16,53
2386.59,Tiles,Both,1,4,197
1840.76,Tiles,Outdoor,1,5,116
403.38,Titanium,Indoor,3,9,21
1436.36,Hardwood,Indoor,1,4,152
142.33,Cement Rendering,Indoor,2,11,4
4394.68,Cement Rendering,Both,10,14,129
382.11,Tiles,Indoor,2,2,59
1447.26,Tiles,Outdoor,5,9,68
723.11,Titanium,Outdoor,2,13,28
179.33,Tiles,Indoor,5,9,9
571.37,Cement Rendering,Indoor,2,6,19
1584.83,Tiles,Outdoor,1,8,63
152.78,Tiles,Outdoor,1,12,6
4240.59,Cement Rendering,Indoor,2,4,205
622.12,Cement Rendering,Indoor,1,10,12
4491.42,Titanium,Indoor,1,7,231
505.24,Tiles,Both,3,16,16
416.6,Titanium,Both,3,10,22
159.01,Cement Rendering,Outdoor,2,6,7
1559.19,Tiles,Indoor,1,4,110
337.68,Tiles,Both,3,1,130
1205.16,Tiles,Indoor,2,2,183
332.48,Tiles,Outdoor,3,13,12
43.72,Titanium,Indoor,6,10,4
1308.05,Hardwood,Indoor,2,4,149
559.26,Titanium,Outdoor,5,4,75
539.38,Hardwood,Indoor,2,6,42
222.89,Tiles,Outdoor,2,3,27
350.87,Tiles,Outdoor,4,9,17
136.76,Tiles,Both,3,10,7
4965.71,Tiles,Outdoor,2,8,209
3385.28,Cement Rendering,Outdoor,3,10,79
292.36,Tiles,Outdoor,9,1,150
120.07,Cement Rendering,Both,5,20,3
387.62,Tiles,Outdoor,1,4,32
146.43,Tiles,Outdoor,2,1,51
392.3,Titanium,Outdoor,1,4,41
74.07,Titanium,Both,5,10,6
569.24,Hardwood,Outdoor,2,12,27
640.66,Hardwood,Indoor,5,6,61
309.91,Titanium,Both,7,6,34
3201.87,Cement Rendering,Both,4,13,72
422.14,Tiles,Both,5,11,19
25.06,Tiles,Indoor,1,7,3
3041.13,Tiles,Indoor,5,12,102
3609.99,Cement Rendering,Indoor,3,4,188
4331.37,Tiles,Both,1,14,116
2394.7,Titanium,Indoor,5,8,143
1688.46,Cement Rendering,Both,4,9,50
94.7,Cement Rendering,Outdoor,4,6,5
374.22,Hardwood,Indoor,1,5,33
90.58,Cement Rendering,Indoor,1,1,17
499.2,Cement Rendering,Indoor,2,3,33
1282.27,Cement Rendering,Indoor,3,6,45
261.52,Tiles,Outdoor,1,2,42
291.79,Tiles,Outdoor,6,11,14
374.4,Hardwood,Outdoor,4,8,29
4389.6,Tiles,Indoor,6,15,133
463.01,Titanium,Outdoor,2,5,42
157.78,Tiles,Both,2,11,7
669.25,Hardwood,Indoor,1,8,37
466.51,Cement Rendering,Both,3,3,39
150.81,Titanium,Indoor,4,12,8
429.11,Tiles,Outdoor,3,18,12
391.9,Hardwood,Outdoor,5,7,36
1726.15,Cement Rendering,Outdoor,1,15,27
482.22,Tiles,Indoor,3,13,15
172.94,Cement Rendering,Indoor,6,12,5
486.97,Titanium,Indoor,6,14,22
4090.7,Cement Rendering,Indoor,1,8,92
538.74,Cement Rendering,Outdoor,2,9,14
3262.07,Hardwood,Indoor,10,6,392
21.3,Hardwood,Indoor,1,6,3
520.76,Cement Rendering,Outdoor,6,6,25
2271.79,Cement Rendering,Outdoor,2,6,82
417.19,Tiles,Outdoor,2,4,37
753.25,Hardwood,Indoor,10,10,56
31.48,Cement Rendering,Outdoor,3,7,2
2712.57,Tiles,Indoor,2,12,75
444.51,Cement Rendering,Outdoor,3,7,16
296,Tiles,Outdoor,6,5,28
435.31,Tiles,Indoor,9,9,24
993.27,Tiles,Outdoor,1,11,31
4959.19,Titanium,Indoor,1,14,145
95.59,Titanium,Both,1,10,6
1331.94,Cement Rendering,Indoor,5,8,40
471.45,Titanium,Indoor,9,12,27
25.65,Hardwood,Outdoor,5,9,4
95.71,Cement Rendering,Indoor,10,12,4
358.54,Cement Rendering,Outdoor,6,5,21
64.96,Hardwood,Indoor,1,4,9
274.55,Tiles,Both,1,11,10
675.81,Hardwood,Indoor,1,4,72
2886.22,Tiles,Both,5,5,251
575.66,Cement Rendering,Outdoor,2,10,13
998.07,Cement Rendering,Indoor,2,11,19
1705.75,Tiles,Outdoor,2,4,144
821.16,Hardwood,Indoor,4,17,32
206.39,Hardwood,Outdoor,9,7,24
4646.03,Tiles,Indoor,1,10,131
659.58,Titanium,Outdoor,3,4,78
130.44,Cement Rendering,Outdoor,4,13,4
35.63,Cement Rendering,Indoor,1,5,2
23.79,Cement Rendering,Both,4,13,2
4095.57,Titanium,Indoor,6,3,685
738.04,Tiles,Both,7,11,36
94.71,Hardwood,Outdoor,8,5,16
740.2,Titanium,Indoor,1,2,134
1451.38,Tiles,Indoor,9,5,134
485.38,Hardwood,Outdoor,1,8,30
142.99,Cement Rendering,Outdoor,8,11,5
31.67,Tiles,Indoor,2,14,3
122.45,Hardwood,Outdoor,1,11,7
3937.03,Tiles,Both,3,7,215
2127.81,Titanium,Outdoor,1,17,61
1620.03,Tiles,Both,2,10,59
572.38,Hardwood,Indoor,3,17,21
93.54,Titanium,Outdoor,1,2,21
299.23,Titanium,Both,4,6,28
121.25,Titanium,Indoor,1,11,6
483.83,Cement Rendering,Outdoor,2,8,14
1564.37,Hardwood,Indoor,1,12,60
38.91,Hardwood,Outdoor,2,10,4
1054.07,Tiles,Both,1,3,117
472.68,Hardwood,Indoor,4,3,83
27.99,Tiles,Both,2,4,4
687.22,Cement Rendering,Indoor,5,5,33
1525.13,Hardwood,Both,4,6,157
3940.34,Cement Rendering,Both,5,12,99
388.68,Cement Rendering,Indoor,2,11,8
452.53,Hardwood,Indoor,1,13,18
662.37,Cement Rendering,Indoor,1,4,31
124.28,Hardwood,Indoor,6,12,8
308.61,Tiles,Outdoor,2,16,10
204.29,Cement Rendering,Indoor,9,10,7
1392,Cement Rendering,Indoor,1,8,32
77.9,Titanium,Outdoor,1,12,5
352.11,Cement Rendering,Both,4,17,7
290.14,Titanium,Indoor,4,5,28
387.93,Hardwood,Both,1,11,20
2940.54,Titanium,Indoor,1,14,87
1808.01,Tiles,Indoor,4,6,106
1355.1,Cement Rendering,Outdoor,7,7,58
95.36,Tiles,Both,1,15,4
420.76,Cement Rendering,Outdoor,4,18,8
40.35,Titanium,Indoor,1,13,3
286.97,Tiles,Both,3,12,12
559.54,Cement Rendering,Both,6,3,56
1632.17,Hardwood,Outdoor,6,5,214
2051.77,Cement Rendering,Indoor,3,14,35
273.21,Tiles,Indoor,10,2,67
656.77,Cement Rendering,Outdoor,2,12,14
1569.7,Cement Rendering,Outdoor,1,11,30
2832.65,Tiles,Outdoor,1,8,111
132.53,Hardwood,Outdoor,1,7,11
2286.26,Tiles,Both,2,8,103
713.58,Cement Rendering,Both,2,1,163
348,Hardwood,Outdoor,5,12,21
160.94,Titanium,Indoor,8,10,11
989.53,Tiles,Outdoor,2,4,84
222.48,Titanium,Indoor,10,5,29
96.56,Hardwood,Outdoor,9,5,17
1184.02,Tiles,Indoor,4,5,84
75.24,Tiles,Outdoor,1,11,4
510.84,Tiles,Outdoor,5,16,17
2399.55,Cement Rendering,Both,2,2,273
1290.95,Hardwood,Indoor,1,11,53
722.62,Tiles,Outdoor,2,17,19
262.72,Tiles,Indoor,4,6,17
159.49,Cement Rendering,Both,4,7,7
123.37,Tiles,Outdoor,4,13,6
369.23,Cement Rendering,Both,1,5,17
781.88,Titanium,Indoor,2,7,45
167.86,Titanium,Indoor,9,13,10
593.47,Cement Rendering,Indoor,1,6,19
61.67,Cement Rendering,Outdoor,1,6,3
79.67,Tiles,Indoor,2,15,4
490.14,Cement Rendering,Indoor,2,1,96
2458.55,Tiles,Outdoor,2,6,139
4951.74,Tiles,Indoor,3,15,125
607.58,Titanium,Both,1,9,30
84.26,Hardwood,Indoor,1,2,20
542.14,Cement Rendering,Both,1,1,115
456.74,Titanium,Indoor,3,4,49
116.81,Hardwood,Both,2,4,17
1429,Tiles,Indoor,2,18,31
949.83,Titanium,Indoor,10,12,54
148.91,Hardwood,Indoor,7,3,33
234.28,Cement Rendering,Indoor,7,19,5
173.62,Titanium,Indoor,2,15,7
525.05,Titanium,Both,1,4,57
523.84,Cement Rendering,Both,6,6,27
467.88,Cement Rendering,Indoor,1,17,7
1603.85,Titanium,Both,2,8,93
332.5,Cement Rendering,Indoor,10,2,52
1788.23,Tiles,Both,4,8,93
255.02,Tiles,Outdoor,6,4,30
71.15,Hardwood,Indoor,1,5,8
745.59,Tiles,Indoor,3,16,20
655.43,Cement Rendering,Indoor,5,9,18
2205.77,Titanium,Indoor,4,10,100
112.81,Hardwood,Indoor,3,7,10
391.65,Hardwood,Indoor,1,5,35
163.53,Tiles,Both,3,8,10
649.15,Cement Rendering,Indoor,1,12,11
3699.32,Tiles,Indoor,6,14,118
653.66,Tiles,Outdoor,1,12,20
157.09,Cement Rendering,Indoor,1,3,10
130.53,Titanium,Indoor,5,11,8
37.25,Titanium,Outdoor,1,3,7
30.6,Titanium,Both,5,15,3
164.19,Cement Rendering,Indoor,1,13,3
4872.03,Tiles,Indoor,3,11,150
111.24,Cement Rendering,Outdoor,1,5,5
65.1,Hardwood,Outdoor,9,3,18
100.67,Titanium,Indoor,3,7,8
2952.94,Tiles,Indoor,1,5,166
177.54,Cement Rendering,Indoor,1,12,4
1747.57,Cement Rendering,Indoor,1,5,63
374.13,Hardwood,Indoor,3,6,32
1121.75,Cement Rendering,Both,2,10,26
179.8,Tiles,Indoor,2,10,7
42.94,Tiles,Outdoor,1,15,3
2662.71,Hardwood,Indoor,3,20,82
154.1,Titanium,Indoor,4,9,10
146.32,Tiles,Indoor,2,9,7
480.93,Tiles,Both,1,5,33
569.96,Cement Rendering,Indoor,1,2,52
782.71,Tiles,Outdoor,1,10,26
32.24,Titanium,Both,5,4,6
484.46,Tiles,Indoor,6,9,23
2579.96,Tiles,Both,2,6,154
465.53,Cement Rendering,Outdoor,7,6,24
1636.02,Cement Rendering,Outdoor,3,3,127
589.59,Titanium,Outdoor,2,13,23
423.27,Tiles,Both,3,6,29
3301.89,Cement Rendering,Indoor,6,6,139
846.7,Hardwood,Indoor,1,6,61
398.44,Titanium,Indoor,4,9,22
2664.69,Tiles,Indoor,1,6,125
715.43,Tiles,Both,1,11,24
791.19,Tiles,Indoor,3,12,25
128.02,Tiles,Outdoor,5,6,11
405.9,Tiles,Indoor,6,12,16
1711.38,Tiles,Indoor,10,7,119
138.86,Cement Rendering,Both,1,6,6
148.19,Tiles,Indoor,5,10,7
148.66,Tiles,Outdoor,1,7,9
461.55,Titanium,Indoor,1,11,18
1781.06,Cement Rendering,Both,5,8,63
3832.27,Tiles,Both,2,9,152
504.28,Tiles,Indoor,1,10,16
89.66,Tiles,Both,1,4,9
690.88,Tiles,Indoor,3,7,34
50.71,Cement Rendering,Both,2,9,2
581.44,Cement Rendering,Indoor,1,5,22
1920.08,Cement Rendering,Both,9,8,84
157.53,Cement Rendering,Outdoor,7,14,5
405.97,Titanium,Indoor,8,11,23
37.91,Titanium,Both,3,13,4
4828.96,Tiles,Both,1,3,528
1360.46,Tiles,Indoor,5,5,102
270.31,Cement Rendering,Both,2,5,13
484.53,Tiles,Both,2,7,26
777.29,Hardwood,Both,2,11,41
836.81,Hardwood,Outdoor,6,10,56
4227.02,Titanium,Indoor,3,6,294
3407.77,Hardwood,Indoor,7,13,180
744.16,Tiles,Both,1,3,83
1201.05,Cement Rendering,Both,8,10,40
2103.69,Tiles,Indoor,7,13,75
3678.26,Tiles,Both,4,14,122
2201.66,Titanium,Outdoor,2,9,107
2054.5,Tiles,Indoor,1,10,59
670.64,Cement Rendering,Indoor,4,6,26
45.25,Tiles,Both,6,12,4
1966.09,Titanium,Indoor,2,11,74
129.99,Hardwood,Both,1,7,11
160.22,Hardwood,Both,1,16,8
4118.12,Tiles,Both,9,4,554
1087.72,Tiles,Indoor,1,3,103
767.34,Cement Rendering,Outdoor,2,15,14
597.96,Cement Rendering,Outdoor,1,13,11
1290.25,Tiles,Indoor,6,9,58
3208.14,Titanium,Indoor,2,4,311
61.89,Tiles,Both,2,10,4
187.39,Cement Rendering,Indoor,4,10,5
2004.66,Titanium,Indoor,1,2,360
57.57,Hardwood,Both,8,17,5
644.16,Cement Rendering,Indoor,3,6,23
410.59,Hardwood,Outdoor,3,5,46
756.87,Hardwood,Indoor,2,8,45
38.69,Cement Rendering,Indoor,7,13,2
2374.68,Tiles,Both,3,11,87
70.08,Hardwood,Indoor,10,12,6
156.49,Titanium,Both,1,4,18
25.74,Tiles,Outdoor,2,20,3
2602.94,Tiles,Outdoor,3,8,118
2273.83,Cement Rendering,Indoor,7,4,151
101.4,Tiles,Both,3,9,6
3815.51,Tiles,Indoor,1,12,97
730.28,Cement Rendering,Outdoor,4,7,27
769.81,Hardwood,Indoor,1,13,29
462.06,Hardwood,Outdoor,1,17,17
769.6,Tiles,Outdoor,5,17,24
311.84,Cement Rendering,Outdoor,2,2,34
172.3,Tiles,Indoor,1,17,5
952.53,Hardwood,Indoor,5,5,107
1912.26,Cement Rendering,Indoor,2,12,34
129.59,Cement Rendering,Outdoor,6,8,5
729.07,Tiles,Outdoor,2,11,25
1843.96,Tiles,Indoor,1,6,87
319.8,Titanium,Indoor,3,10,15
360.95,Tiles,Both,2,4,34
164.46,Hardwood,Outdoor,2,2,43
27.22,Cement Rendering,Indoor,1,10,1
337.84,Tiles,Indoor,3,3,38
292.14,Cement Rendering,Indoor,1,14,5
113.95,Tiles,Outdoor,4,5,11
4678.49,Cement Rendering,Indoor,5,9,124
981.66,Tiles,Indoor,1,4,70
609.23,Hardwood,Both,3,8,45
783.86,Tiles,Outdoor,4,7,45
40.01,Cement Rendering,Indoor,1,17,2
1156.48,Tiles,Outdoor,2,10,41
1125.36,Tiles,Indoor,2,1,340
44.39,Titanium,Both,2,13,4
305.63,Tiles,Both,1,1,102
622.4,Hardwood,Both,5,9,47
360.99,Tiles,Indoor,3,9,15
686.53,Tiles,Outdoor,3,7,37
30.16,Hardwood,Indoor,2,8,4
3367.56,Titanium,Indoor,2,4,327
57.14,Cement Rendering,Both,2,9,2
1917.17,Cement Rendering,Indoor,4,17,31
1944.61,Titanium,Both,5,13,93
355.84,Titanium,Outdoor,1,4,37
243.46,Tiles,Both,2,4,23
22.9,Hardwood,Indoor,1,13,3
855.32,Cement Rendering,Indoor,3,3,60
61.25,Tiles,Indoor,1,14,3
44.19,Titanium,Outdoor,4,11,4
3595.13,Tiles,Both,1,3,394
665.15,Hardwood,Both,1,3,111
720.07,Hardwood,Indoor,2,7,48
634.45,Cement Rendering,Outdoor,2,3,46
1547.05,Tiles,Both,1,12,47
100.8,Cement Rendering,Indoor,5,6,5
274.85,Titanium,Indoor,1,12,11
434.36,Tiles,Both,5,6,33
43.29,Cement Rendering,Both,8,2,8
177.11,Cement Rendering,Indoor,5,10,5
739.65,Cement Rendering,Outdoor,4,10,19
364.05,Tiles,Outdoor,3,6,24
2345.78,Cement Rendering,Indoor,3,15,38
1559.08,Cement Rendering,Outdoor,5,10,42
730.47,Titanium,Indoor,1,6,45
73.52,Titanium,Outdoor,1,20,4
34.85,Tiles,Outdoor,5,4,6
147.46,Tiles,Indoor,5,11,7
2776.99,Cement Rendering,Indoor,4,6,103
124.15,Cement Rendering,Indoor,5,7,5
4513.66,Hardwood,Outdoor,7,10,311
549.64,Tiles,Indoor,5,11,21
623.18,Tiles,Indoor,2,9,23
1414.79,Cement Rendering,Outdoor,6,2,197
162.16,Tiles,Indoor,2,8,8
502.23,Tiles,Indoor,3,7,25
757.31,Tiles,Both,6,4,89
133.78,Cement Rendering,Outdoor,7,3,14
95.74,Titanium,Both,2,16,5
433.94,Cement Rendering,Outdoor,1,4,23
794.44,Tiles,Indoor,5,3,99
211.11,Hardwood,Both,1,13,11
256.72,Tiles,Both,2,9,12
738.28,Titanium,Indoor,5,9,41
1658.59,Tiles,Indoor,2,13,44
147.97,Titanium,Indoor,1,7,10
774.05,Hardwood,Outdoor,4,13,40
1772.82,Titanium,Outdoor,3,3,274
300.11,Tiles,Outdoor,1,9,12
96.13,Hardwood,Indoor,8,4,18
145.88,Cement Rendering,Outdoor,7,7,7
1832.05,Tiles,Indoor,7,1,755
437.85,Hardwood,Indoor,1,3,63
46.9,Cement Rendering,Indoor,1,6,2
285.73,Tiles,Indoor,1,2,42
379.11,Tiles,Indoor,2,13,12
52.41,Titanium,Outdoor,3,11,4
252.24,Cement Rendering,Indoor,2,8,7
325.69,Hardwood,Indoor,9,10,24
108.75,Titanium,Indoor,2,2,23
306.94,Hardwood,Indoor,10,12,22
443.3,Hardwood,Indoor,1,8,25
1292.43,Hardwood,Indoor,8,8,107
700.64,Tiles,Indoor,4,9,29
209.16,Titanium,Outdoor,2,7,15
42.34,Tiles,Indoor,2,9,3
3296.44,Titanium,Indoor,1,11,113
333.23,Hardwood,Indoor,2,9,19
130.7,Tiles,Indoor,2,14,5
436.75,Hardwood,Outdoor,5,8,35
1903.82,Cement Rendering,Indoor,6,10,49
399.5,Hardwood,Both,2,4,55
1985.25,Cement Rendering,Indoor,8,7,80
23.17,Tiles,Both,2,3,5
368.67,Titanium,Indoor,3,6,27
164.72,Titanium,Indoor,1,13,7
719.48,Tiles,Indoor,3,10,25
603.4,Tiles,Indoor,1,2,86
111.18,Cement Rendering,Outdoor,5,4,8
795.02,Titanium,Outdoor,1,9,37
761.55,Tiles,Both,1,16,20
796.97,Tiles,Outdoor,2,6,46
2302.58,Cement Rendering,Indoor,2,7,64
51.14,Cement Rendering,Outdoor,1,11,2
3560.13,Cement Rendering,Indoor,1,6,107
240.87,Tiles,Both,3,10,11
60.07,Cement Rendering,Indoor,2,2,7
147.06,Hardwood,Both,3,12,9
539.36,Cement Rendering,Indoor,1,6,17
911.48,Cement Rendering,Both,2,6,35
221.72,Titanium,Outdoor,2,7,16
140.31,Cement Rendering,Outdoor,4,1,36
673.21,Hardwood,Outdoor,2,16,27
1572.48,Tiles,Indoor,1,9,51
146.31,Cement Rendering,Outdoor,4,5,8
629.54,Tiles,Indoor,5,2,117
89.74,Hardwood,Both,2,14,6
1051.45,Tiles,Indoor,2,1,317
600.87,Cement Rendering,Outdoor,6,13,15
301.96,Cement Rendering,Both,5,6,15
611.07,Hardwood,Outdoor,2,9,36
4040.64,Tiles,Indoor,2,12,110
55.1,Cement Rendering,Indoor,1,10,2
137.53,Hardwood,Indoor,5,4,21
178.38,Tiles,Indoor,1,3,19
51.1,Tiles,Both,1,1,19
47.86,Hardwood,Outdoor,2,9,5
23.44,Hardwood,Both,1,10,3
668.41,Cement Rendering,Both,2,5,31
1923.88,Hardwood,Both,10,14,133
912.08,Cement Rendering,Both,5,4,64
412.66,Tiles,Both,1,2,69
298.05,Tiles,Both,2,2,55
2283.97,Hardwood,Both,7,4,416
95.31,Titanium,Indoor,3,11,6
496.17,Tiles,Indoor,2,7,23
623.99,Tiles,Indoor,2,15,16
203.66,Cement Rendering,Indoor,7,7,9
162.19,Tiles,Both,2,9,8
33.44,Tiles,Indoor,3,8,3
444.76,Tiles,Indoor,6,6,31
292.15,Cement Rendering,Outdoor,2,2,32
1672.23,Tiles,Both,8,3,286
26.13,Cement Rendering,Indoor,2,6,2
1962.33,Tiles,Outdoor,10,20,67
2057.96,Hardwood,Indoor,2,13,80
1487.08,Tiles,Outdoor,4,8,73
652.16,Cement Rendering,Indoor,1,11,12
500.3,Titanium,Both,5,8,37
1332.91,Cement Rendering,Both,4,5,70
526.68,Tiles,Outdoor,1,16,14
149.66,Hardwood,Indoor,2,10,9
662.98,Tiles,Indoor,1,12,18
2885.07,Hardwood,Indoor,4,9,168
717.64,Hardwood,Indoor,2,8,42
37.38,Tiles,Indoor,7,3,7
108.47,Cement Rendering,Outdoor,3,4,7
174.08,Tiles,Indoor,4,2,32
102.97,Cement Rendering,Both,2,4,7
105.83,Tiles,Indoor,9,13,6
52.91,Tiles,Outdoor,2,9,4
3969.14,Tiles,Outdoor,1,1,1227
30.24,Tiles,Both,3,15,3
1582.89,Tiles,Outdoor,2,14,45
614.5,Titanium,Indoor,3,12,25
59.86,Hardwood,Outdoor,2,15,4
110.98,Tiles,Both,1,14,5
120.49,Tiles,Both,4,11,7
98.96,Hardwood,Outdoor,10,2,41
142.65,Tiles,Indoor,1,8,7
226.31,Titanium,Outdoor,2,11,11
1474.95,Cement Rendering,Indoor,8,6,69
1624.61,Cement Rendering,Outdoor,1,16,25
151.27,Hardwood,Indoor,1,3,23
105.54,Tiles,Indoor,5,10,6
77.29,Cement Rendering,Indoor,4,5,4
698.79,Hardwood,Outdoor,4,14,34
371.85,Cement Rendering,Indoor,5,12,9
3437.24,Cement Rendering,Indoor,2,19,44
50.74,Titanium,Indoor,7,12,4
1086.23,Cement Rendering,Indoor,1,6,33
298.33,Cement Rendering,Outdoor,8,3,32
77.05,Cement Rendering,Indoor,2,7,3
221.86,Hardwood,Outdoor,2,2,57
68.25,Tiles,Both,1,8,5
4626.31,Cement Rendering,Both,3,19,74
600.62,Hardwood,Outdoor,2,10,32
1341.23,Hardwood,Indoor,2,9,69
417.69,Tiles,Indoor,3,19,11
118.62,Hardwood,Indoor,5,11,8
218.09,Tiles,Indoor,1,4,17
167.75,Tiles,Both,5,6,14
122.98,Titanium,Outdoor,9,10,10
23.79,Hardwood,Indoor,1,8,3
4162.85,Cement Rendering,Outdoor,4,9,115
380.09,Tiles,Indoor,7,2,80
121.5,Cement Rendering,Indoor,1,9,3
2384.15,Cement Rendering,Indoor,5,6,95
1217.13,Cement Rendering,Indoor,2,7,35
349.28,Titanium,Indoor,9,7,31
90.62,Tiles,Outdoor,5,13,5
834.66,Tiles,Both,5,15,30
275.58,Titanium,Indoor,2,7,17
556.13,Cement Rendering,Indoor,2,4,28
22.05,Tiles,Outdoor,3,15,3
4926.26,Tiles,Indoor,4,9,191
205.03,Hardwood,Indoor,3,4,27
339,Hardwood,Outdoor,3,8,25
612.11,Titanium,Both,5,5,70
150.1,Tiles,Outdoor,4,10,8
92.88,Titanium,Indoor,3,16,5
821.96,Titanium,Outdoor,8,7,75
738.72,Tiles,Indoor,2,13,21
68.36,Hardwood,Outdoor,2,6,8
723.49,Titanium,Indoor,4,12,31
42.83,Titanium,Both,2,6,5
4541.16,Cement Rendering,Indoor,4,8,127
634.75,Cement Rendering,Indoor,4,4,36
171.76,Tiles,Both,1,2,30
141.47,Tiles,Both,2,10,7
718.52,Cement Rendering,Indoor,2,5,29
113.7,Tiles,Outdoor,1,2,20
813.28,Tiles,Both,1,8,35
116.48,Hardwood,Both,8,8,13
88.71,Tiles,Both,10,12,6
4163.03,Tiles,Indoor,2,6,210
93.11,Titanium,Outdoor,7,3,20
718.91,Tiles,Outdoor,6,6,54
588.84,Tiles,Indoor,1,19,13
4531.74,Cement Rendering,Indoor,1,12,73
91.09,Tiles,Indoor,3,2,17
757.59,Hardwood,Both,6,15,42
1300.27,Cement Rendering,Indoor,3,9,31
1658.38,Cement Rendering,Both,2,10,39
722.49,Cement Rendering,Indoor,1,10,14
53.86,Titanium,Outdoor,1,7,5
1073.24,Hardwood,Both,5,5,141
96.21,Hardwood,Indoor,1,8,7
954.66,Titanium,Both,8,12,58
579.63,Tiles,Outdoor,5,7,36
528.82,Hardwood,Both,1,3,88
34.26,Titanium,Both,5,3,8
709.21,Hardwood,Outdoor,1,2,166
705.37,Hardwood,Indoor,2,10,34
1684.06,Tiles,Indoor,2,8,65
270.57,Hardwood,Both,3,7,24
271.29,Titanium,Both,4,9,18
178.45,Cement Rendering,Both,4,8,7
1642.05,Titanium,Indoor,10,6,170
1158.83,Titanium,Both,4,2,304
1105.16,Tiles,Indoor,10,10,55
2484.82,Tiles,Indoor,4,19,58
1465.42,Tiles,Indoor,4,4,128
1470.02,Cement Rendering,Both,3,12,33
2006.59,Tiles,Indoor,1,11,55
43.17,Cement Rendering,Outdoor,5,1,12
1779.08,Titanium,Both,1,16,57
701.99,Hardwood,Indoor,9,4,122
176.84,Titanium,Outdoor,9,10,14
202.04,Cement Rendering,Indoor,4,17,4
413.36,Titanium,Both,4,12,21
1905.88,Tiles,Outdoor,2,3,214
98.27,Titanium,Outdoor,1,9,6
350.44,Titanium,Both,1,8,20
449.43,Tiles,Indoor,1,15,12
1115.13,Hardwood,Indoor,3,8,69
1631.07,Tiles,Outdoor,4,12,58
140.48,Hardwood,Both,1,9,10
108.76,Hardwood,Indoor,1,4,13
110,Hardwood,Indoor,9,8,11
518,Tiles,Both,1,6,30
3799.09,Titanium,Outdoor,2,9,183
504.53,Hardwood,Indoor,3,5,51
151.16,Cement Rendering,Indoor,2,13,3
4005.76,Cement Rendering,Indoor,1,10,73
60.79,Tiles,Both,2,2,13
88.05,Titanium,Outdoor,1,11,5
4242.31,Cement Rendering,Indoor,4,13,81
440.79,Cement Rendering,Both,2,1,101
228.99,Cement Rendering,Indoor,3,2,25
405.59,Tiles,Indoor,7,5,35
80.34,Hardwood,Indoor,1,15,5
136.53,Tiles,Both,3,8,8
2271.31,Tiles,Outdoor,7,4,261
3474.52,Tiles,Outdoor,9,8,222
706.92,Tiles,Indoor,1,8,27
40.22,Tiles,Outdoor,1,11,3
4269.05,Cement Rendering,Outdoor,4,4,264
4496.37,Tiles,Indoor,2,16,101
2184.03,Tiles,Both,8,7,161
34.42,Cement Rendering,Outdoor,8,4,4
138.95,Tiles,Indoor,7,17,6
495.87,Titanium,Indoor,3,20,15
1986.7,Tiles,Outdoor,8,11,92
1994.7,Titanium,Indoor,5,16,71
2296.68,Tiles,Outdoor,3,17,60
726.92,Tiles,Indoor,1,13,19
770.59,Tiles,Indoor,2,3,79
3125.16,Tiles,Both,1,6,172
54.09,Titanium,Outdoor,1,6,6
4107.79,Hardwood,Indoor,2,9,207
401.21,Tiles,Indoor,2,1,122
1117.28,Tiles,Indoor,3,2,182
276.15,Cement Rendering,Indoor,1,10,6
83.26,Tiles,Indoor,1,12,4
90.17,Hardwood,Indoor,2,7,8
719.85,Cement Rendering,Indoor,1,7,19
2331.8,Cement Rendering,Indoor,2,10,46
87.38,Tiles,Both,4,6,8
2299.12,Tiles,Both,6,7,152
37.26,Cement Rendering,Indoor,3,12,2
128.53,Tiles,Both,5,7,10
97.75,Titanium,Indoor,1,8,6
142.68,Hardwood,Both,1,13,8
133.03,Hardwood,Outdoor,3,4,20
3978.4,Tiles,Indoor,1,2,555
4822.82,Tiles,Outdoor,1,2,746
370.69,Tiles,Indoor,2,8,16
579.56,Tiles,Indoor,2,6,31
378.98,Cement Rendering,Indoor,1,11,7
95.53,Hardwood,Indoor,1,16,5
369.4,Cement Rendering,Indoor,3,13,7
138.61,Tiles,Both,3,7,10
311.01,Tiles,Both,1,11,12
113.85,Hardwood,Outdoor,1,11,7
2688.12,Tiles,Indoor,5,19,66
135.32,Cement Rendering,Indoor,3,5,7
2250.99,Hardwood,Both,7,7,235
2348.53,Cement Rendering,Indoor,8,8,83
115.86,Titanium,Indoor,1,9,7
1979.77,Titanium,Indoor,4,14,73
2914.63,Titanium,Indoor,5,7,198
49.45,Cement Rendering,Indoor,4,14,2
1574.79,Titanium,Outdoor,2,5,137
1739.1,Cement Rendering,Indoor,1,2,156
161.38,Hardwood,Indoor,5,10,11
151.75,Tiles,Indoor,2,9,7
232.53,Titanium,Outdoor,5,7,19
381.95,Cement Rendering,Both,6,5,23
2942.66,Hardwood,Outdoor,9,12,201
981.85,Titanium,Indoor,4,14,37
521.99,Hardwood,Indoor,1,9,26
2080.17,Cement Rendering,Indoor,5,6,83
2735.13,Cement Rendering,Indoor,7,4,182
632.55,Tiles,Indoor,1,4,46
557.24,Cement Rendering,Indoor,1,15,9
2751.48,Tiles,Outdoor,6,9,134
193.82,Hardwood,Both,4,2,61
33.38,Cement Rendering,Outdoor,1,17,1
2766.74,Titanium,Indoor,4,4,308
529.4,Tiles,Indoor,2,4,42
130.73,Tiles,Indoor,6,3,19
101.85,Hardwood,Indoor,8,1,68
272.23,Titanium,Indoor,7,7,23
2198.91,Cement Rendering,Indoor,1,3,132
3393.91,Tiles,Indoor,8,15,115
1828.06,Cement Rendering,Outdoor,3,10,43
126.76,Tiles,Both,2,3,17
4154.67,Hardwood,Both,4,2,1265
169.3,Cement Rendering,Outdoor,2,7,6
2135.64,Tiles,Indoor,3,17,50
34.47,Hardwood,Indoor,2,6,5
610.23,Tiles,Both,2,12,21
333.22,Tiles,Indoor,3,8,15
1454.48,Tiles,Indoor,3,10,49
1995.56,Cement Rendering,Indoor,10,1,614
773.76,Hardwood,Indoor,2,13,32
2192.5,Tiles,Indoor,6,18,60
3107,Hardwood,Indoor,1,17,93
1442.31,Cement Rendering,Both,2,11,32
226.66,Hardwood,Both,1,6,21
32.33,Tiles,Both,1,4,5
2072.03,Titanium,Indoor,2,6,135
1982.22,Tiles,Indoor,7,1,817
1656.1,Cement Rendering,Both,4,14,36
694.47,Hardwood,Outdoor,4,7,59
175.7,Tiles,Both,1,5,13
316.5,Cement Rendering,Outdoor,3,13,7
1596.87,Tiles,Outdoor,6,4,175
1899.65,Cement Rendering,Indoor,1,9,39
848.66,Tiles,Outdoor,1,9,31
1326.2,Tiles,Outdoor,1,5,84
3912.43,Tiles,Both,1,6,215
2522.19,Tiles,Indoor,2,4,191
2033.94,Hardwood,Outdoor,1,7,137
972.6,Hardwood,Indoor,3,7,69
708.4,Tiles,Indoor,2,14,19
134.95,Hardwood,Both,4,12,9
174.19,Tiles,Outdoor,4,15,7
145.66,Tiles,Indoor,6,7,10
2116.32,Tiles,Indoor,3,2,343
120.45,Tiles,Both,1,14,5
780.78,Titanium,Indoor,1,6,48
2904.52,Tiles,Indoor,1,4,204
1239.25,Tiles,Indoor,7,10,53
39.83,Tiles,Indoor,6,7,4
2359.22,Cement Rendering,Indoor,6,16,44
603.28,Tiles,Indoor,7,10,27
579.55,Titanium,Indoor,6,1,292
1294.83,Cement Rendering,Indoor,1,7,34
238.88,Tiles,Outdoor,7,8,16
137.08,Hardwood,Both,5,4,24
70.77,Hardwood,Indoor,4,8,7
26.13,Cement Rendering,Indoor,4,6,2
116.17,Tiles,Both,2,7,8
214.47,Hardwood,Both,4,5,28
232.74,Cement Rendering,Indoor,2,11,5
1692.6,Titanium,Indoor,6,3,284
3355.71,Titanium,Indoor,2,7,187
607.39,Cement Rendering,Outdoor,2,10,14
187.15,Titanium,Outdoor,1,10,9
381.39,Hardwood,Both,5,11,25
44.08,Tiles,Indoor,7,3,8
3516.56,Tiles,Indoor,2,13,91
91.89,Hardwood,Indoor,1,18,5
519.03,Cement Rendering,Indoor,2,16,8
3942.51,Cement Rendering,Both,1,14,68
718.14,Titanium,Outdoor,2,7,46
516.79,Tiles,Both,1,4,44
290.5,Tiles,Outdoor,2,13,10
451.81,Tiles,Outdoor,8,13,20
4515.04,Cement Rendering,Outdoor,3,7,149
646.32,Hardwood,Indoor,2,9,34
66.38,Tiles,Indoor,2,7,5
95.13,Cement Rendering,Both,8,7,5
1996.82,Titanium,Indoor,2,5,156
160.74,Tiles,Both,5,7,12
164.03,Tiles,Indoor,1,7,9
2194.24,Tiles,Indoor,9,20,64
175.76,Cement Rendering,Outdoor,6,12,5
260.77,Tiles,Both,1,14,9
451.75,Cement Rendering,Both,3,10,12
2233.31,Tiles,Indoor,3,16,55
34.92,Tiles,Outdoor,3,1,15
2365.09,Cement Rendering,Indoor,5,3,187
571.9,Tiles,Indoor,7,6,41
332.81,Titanium,Both,5,10,20
169.6,Tiles,Outdoor,3,3,22
549.86,Cement Rendering,Indoor,7,3,49
404.7,Hardwood,Indoor,3,1,198
173.47,Cement Rendering,Outdoor,2,6,7
4521.56,Cement Rendering,Indoor,1,9,91
200.47,Hardwood,Both,3,9,15
279.04,Titanium,Both,1,1,119
101.88,Cement Rendering,Both,1,5,5
55.16,Titanium,Both,1,8,5
3372.03,Tiles,Indoor,5,8,157
428.56,Cement Rendering,Indoor,4,14,9
82.85,Tiles,Both,2,12,5
3720.09,Hardwood,Indoor,5,12,185
556.92,Tiles,Outdoor,2,10,21
46.76,Cement Rendering,Outdoor,3,6,3
1897.02,Hardwood,Indoor,1,4,200
146.54,Tiles,Indoor,4,7,9
1008.79,Tiles,Indoor,2,8,40
2327.97,Tiles,Indoor,3,8,96
64.49,Tiles,Both,6,2,17
1517.55,Titanium,Indoor,2,4,148
1648.21,Hardwood,Indoor,1,4,174
81.26,Tiles,Indoor,4,13,4
4779.2,Tiles,Both,2,14,138
2598.76,Tiles,Indoor,1,12,66
1267.67,Titanium,Indoor,3,6,90
424.47,Titanium,Indoor,6,17,17
79.82,Tiles,Indoor,1,1,24
71.66,Titanium,Indoor,1,4,8
3422.83,Hardwood,Both,8,14,213
145.59,Cement Rendering,Both,1,6,6
683.93,Tiles,Indoor,1,8,26
157.9,Titanium,Both,9,7,18
256.75,Tiles,Outdoor,4,18,9
136.94,Cement Rendering,Indoor,2,2,14
721.31,Titanium,Outdoor,1,2,145
2651.61,Cement Rendering,Indoor,6,4,167
53.39,Tiles,Outdoor,6,11,4
92.64,Cement Rendering,Outdoor,8,5,7
784.57,Hardwood,Outdoor,5,4,122
46.27,Tiles,Both,4,4,7
2066.8,Cement Rendering,Both,1,1,435
461.18,Tiles,Both,1,7,24
100.35,Tiles,Indoor,1,3,11
634.11,Tiles,Indoor,2,9,23
486.55,Tiles,Outdoor,4,17,15
28.5,Cement Rendering,Indoor,1,3,3
119.24,Titanium,Indoor,1,11,6
1256.79,Cement Rendering,Both,2,6,49
635.27,Cement Rendering,Outdoor,4,8,21
165.07,Cement Rendering,Indoor,1,4,8
1041.98,Cement Rendering,Indoor,2,4,51
32.32,Titanium,Both,3,17,3
483.26,Cement Rendering,Indoor,6,9,14
4588.56,Tiles,Indoor,1,3,427
137.79,Tiles,Outdoor,10,5,17
406.5,Cement Rendering,Indoor,4,14,8
2256.97,Hardwood,Outdoor,1,10,106
836.22,Hardwood,Both,4,3,171
332.26,Titanium,Both,2,11,16
172.77,Tiles,Both,7,10,10
1564.31,Hardwood,Outdoor,1,10,74
1465.35,Tiles,Both,2,2,261
393.49,Tiles,Indoor,2,17,10
1291.01,Hardwood,Indoor,4,8,85
174.67,Tiles,Outdoor,2,6,12
827.49,Cement Rendering,Indoor,3,2,87
88.85,Titanium,Indoor,1,6,7
157.44,Titanium,Both,1,3,24
179.35,Cement Rendering,Outdoor,1,5,8
400.52,Hardwood,Outdoor,2,17,16
61.8,Tiles,Indoor,3,10,4
112.51,Titanium,Indoor,1,9,6
33.7,Tiles,Outdoor,3,7,4
1543.28,Cement Rendering,Indoor,2,16,23
1596.78,Tiles,Indoor,2,1,481
773.69,Tiles,Both,3,6,51
101.95,Cement Rendering,Outdoor,3,6,5
1468.13,Tiles,Indoor,6,14,48
214.64,Cement Rendering,Both,4,6,10
66.49,Tiles,Indoor,1,11,4
638.67,Cement Rendering,Indoor,1,11,12
319.37,Titanium,Both,2,6,26
2517.12,Tiles,Outdoor,1,1,779
255.92,Cement Rendering,Indoor,2,13,5
215.45,Cement Rendering,Indoor,10,13,7
1729.88,Hardwood,Outdoor,6,9,127
574.81,Cement Rendering,Both,4,4,38
1729.81,Tiles,Indoor,4,17,44
594.31,Tiles,Outdoor,1,7,28
198.31,Tiles,Outdoor,1,6,12
733.9,Tiles,Indoor,7,17,23
628.58,Tiles,Both,2,13,21
396.93,Titanium,Indoor,1,10,16
626.19,Tiles,Outdoor,5,5,53
1315.68,Tiles,Both,4,7,78
588.9,Tiles,Both,5,8,34
71.85,Hardwood,Indoor,3,7,7
156.32,Cement Rendering,Indoor,1,16,3
651.38,Hardwood,Both,5,5,86
1096.62,Hardwood,Both,2,2,292
251.86,Hardwood,Indoor,5,9,17
2370.11,Tiles,Outdoor,2,19,53
304.64,Tiles,Indoor,2,4,25
150.21,Hardwood,Indoor,3,10,9
306.99,Hardwood,Both,2,7,25
225.55,Cement Rendering,Outdoor,8,10,8
696.26,Tiles,Indoor,2,9,25
266.34,Cement Rendering,Indoor,2,2,27
145.18,Tiles,Indoor,1,9,6
55.84,Hardwood,Both,1,11,5
159.44,Hardwood,Indoor,3,13,9
3750.62,Tiles,Indoor,4,3,433
748.87,Tiles,Indoor,2,5,47
142.36,Cement Rendering,Outdoor,5,15,4
724.65,Cement Rendering,Indoor,8,14,17
2101.71,Cement Rendering,Both,8,9,78
230.89,Tiles,Both,1,2,40
101.22,Titanium,Indoor,2,13,5
2554.59,Cement Rendering,Both,6,8,95
1959.62,Titanium,Outdoor,1,12,71
447,Tiles,Indoor,2,14,13
3419.9,Cement Rendering,Indoor,1,5,123
321.59,Titanium,Both,5,9,22
2538.23,Titanium,Both,1,3,357
27,Tiles,Outdoor,1,6,3
477.32,Cement Rendering,Indoor,1,9,10
636.1,Tiles,Both,1,11,22
4450.74,Tiles,Outdoor,3,5,321
492.63,Cement Rendering,Both,4,10,14
52.57,Cement Rendering,Both,1,11,2
79.58,Hardwood,Indoor,9,11,7
461.88,Cement Rendering,Indoor,1,5,17
693.02,Cement Rendering,Indoor,3,8,19
1454.54,Cement Rendering,Indoor,1,7,38
68.82,Tiles,Indoor,1,9,4
2368.67,Hardwood,Both,3,11,129
152.68,Tiles,Indoor,5,11,7
37.47,Tiles,Outdoor,4,13,3
3659.29,Tiles,Outdoor,3,4,330
642.55,Hardwood,Indoor,1,12,26
2714.76,Cement Rendering,Outdoor,2,7,84
404.89,Titanium,Both,6,9,28
110.95,Tiles,Indoor,1,8,6
469.73,Hardwood,Indoor,6,5,57
170.21,Tiles,Outdoor,2,2,30
142.56,Tiles,Both,1,10,7
118.87,Cement Rendering,Indoor,1,10,3
1786.23,Cement Rendering,Outdoor,1,11,34
61.19,Titanium,Both,2,11,5
397.48,Cement Rendering,Indoor,3,5,17
79.42,Hardwood,Indoor,4,14,5
72.25,Titanium,Indoor,2,10,5
783.6,Tiles,Indoor,1,15,19
2564.81,Tiles,Both,3,12,89
540.94,Tiles,Indoor,6,1,212
1448.47,Hardwood,Indoor,1,16,46
100.56,Tiles,Outdoor,2,11,5
1697.66,Cement Rendering,Indoor,3,7,51
153.76,Tiles,Indoor,1,12,6
463.15,Titanium,Indoor,1,11,18
1415.84,Tiles,Outdoor,8,10,70
458.91,Tiles,Outdoor,6,3,68
661.62,Tiles,Outdoor,1,5,43
70.22,Cement Rendering,Indoor,10,9,3
659.27,Hardwood,Both,1,3,110
108.73,Hardwood,Outdoor,1,1,52
608.14,Hardwood,Indoor,7,15,31
3386.57,Tiles,Outdoor,4,3,434
2327.3,Tiles,Outdoor,10,2,620
1404.07,Tiles,Indoor,2,13,38
96.34,Cement Rendering,Indoor,5,15,3
2710.39,Hardwood,Outdoor,2,10,138
452.49,Tiles,Outdoor,8,3,75
74.58,Tiles,Both,3,13,4
380.81,Tiles,Indoor,1,12,11
2481.66,Cement Rendering,Outdoor,3,9,64
65.57,Cement Rendering,Indoor,2,14,2
166.83,Hardwood,Both,8,10,15
53.09,Hardwood,Both,1,14,4
3850.03,Titanium,Indoor,6,1,1927
170.69,Tiles,Outdoor,3,13,7
37.54,Titanium,Both,2,7,4
158.32,Hardwood,Outdoor,1,6,14
146.93,Titanium,Indoor,3,5,14
498.45,Titanium,Outdoor,2,15,18
758.14,Titanium,Indoor,6,10,40
861.55,Tiles,Indoor,1,7,36
4183.7,Tiles,Indoor,6,11,155
51.77,Hardwood,Both,6,11,5
30.76,Tiles,Indoor,1,7,3
80.85,Tiles,Outdoor,3,10,5
68.02,Cement Rendering,Indoor,3,12,2
402.06,Tiles,Indoor,1,14,11
1289.07,Hardwood,Indoor,4,3,224
378.4,Cement Rendering,Outdoor,4,12,9
679.12,Tiles,Indoor,1,6,33
731.79,Titanium,Indoor,5,5,71
82.62,Tiles,Indoor,8,5,9
1378.39,Hardwood,Indoor,2,9,71
52.99,Tiles,Both,3,6,5
193.33,Titanium,Both,1,11,10
4417.34,Tiles,Outdoor,3,6,266
45.12,Tiles,Both,1,12,3
3329.42,Cement Rendering,Outdoor,8,1,1032
170.46,Cement Rendering,Indoor,3,4,10
56.8,Titanium,Indoor,1,3,9
1914.31,Cement Rendering,Outdoor,1,2,191
135.54,Titanium,Indoor,1,13,6
274.99,Titanium,Both,1,9,15
71.8,Tiles,Indoor,1,4,7
124.97,Tiles,Indoor,1,17,4
480.19,Hardwood,Outdoor,1,1,224
424.67,Tiles,Outdoor,1,5,28
3493.97,Cement Rendering,Indoor,3,10,73
149.55,Hardwood,Indoor,1,13,7
335.73,Cement Rendering,Outdoor,2,11,8
324.87,Titanium,Indoor,2,6,23
71.43,Tiles,Indoor,1,10,4
2151.19,Tiles,Indoor,4,6,125
1675.02,Hardwood,Both,1,3,276
413.55,Titanium,Indoor,5,4,51
782.62,Cement Rendering,Indoor,1,12,13
644.63,Tiles,Indoor,2,7,30
167.52,Titanium,Outdoor,3,7,13
268.6,Tiles,Indoor,3,11,10
336.52,Tiles,Both,8,11,18
1030.94,Tiles,Both,1,7,50
30.73,Hardwood,Indoor,1,10,3
385.91,Cement Rendering,Indoor,1,6,12
320.91,Tiles,Both,1,13,11
1794.01,Tiles,Outdoor,2,5,122
589.15,Cement Rendering,Indoor,5,5,29
36.37,Titanium,Outdoor,5,6,5
1807.1,Tiles,Both,7,10,89
285.05,Titanium,Both,1,12,13
46.37,Hardwood,Indoor,7,2,16
453.17,Titanium,Indoor,3,3,65
414.55,Tiles,Indoor,2,8,18
727.75,Hardwood,Both,8,13,49
2227.95,Tiles,Indoor,5,10,84
450.52,Tiles,Indoor,2,8,19
631.94,Cement Rendering,Outdoor,10,16,17
291.8,Titanium,Indoor,2,8,16
69.66,Cement Rendering,Indoor,1,15,2
201.75,Tiles,Indoor,1,11,7
120.04,Hardwood,Both,7,15,9
4080.97,Tiles,Indoor,7,11,160
865.89,Cement Rendering,Both,1,11,18
1024.67,Tiles,Both,1,10,35
35.6,Tiles,Both,1,9,3
153.96,Hardwood,Indoor,4,15,8
765.52,Tiles,Both,2,13,25
221.21,Hardwood,Outdoor,5,2,70
351.55,Cement Rendering,Outdoor,1,11,8
806.48,Tiles,Indoor,2,9,29
531.47,Tiles,Indoor,1,11,16
114.58,Hardwood,Both,5,5,17
231.31,Titanium,Indoor,6,10,14
2978.52,Titanium,Indoor,1,11,102
42.47,Tiles,Indoor,1,14,3
67.19,Titanium,Indoor,3,9,5
122.69,Tiles,Outdoor,6,1,55
1456.27,Tiles,Indoor,4,6,86
2153.87,Cement Rendering,Outdoor,3,13,43
955.2,Titanium,Indoor,2,1,370
125.33,Cement Rendering,Indoor,3,7,5
545.21,Cement Rendering,Outdoor,4,14,12
87.43,Tiles,Outdoor,1,15,4
94.69,Cement Rendering,Indoor,6,7,4
450.25,Tiles,Both,1,7,23
128.57,Tiles,Both,7,12,8
3767.89,Tiles,Both,9,7,290
101.95,Hardwood,Both,9,16,8
175.59,Titanium,Indoor,2,17,7
3273.87,Titanium,Both,2,4,373
43.6,Hardwood,Indoor,1,5,6
34.43,Cement Rendering,Outdoor,6,7,2
394.38,Tiles,Outdoor,4,15,14
695.6,Titanium,Both,1,3,99
1027.86,Titanium,Both,6,11,59
424.79,Cement Rendering,Indoor,5,9,12
117.36,Titanium,Indoor,2,13,6
646.29,Hardwood,Outdoor,1,4,77
89.66,Tiles,Outdoor,2,5,8
689.37,Cement Rendering,Both,2,4,40
697.39,Tiles,Indoor,4,3,82
2166.23,Cement Rendering,Indoor,3,7,65
481.92,Hardwood,Indoor,5,6,46
121.46,Tiles,Both,2,7,8
388.4,Tiles,Indoor,5,18,12
418.37,Titanium,Indoor,2,16,14
303.32,Hardwood,Outdoor,2,2,78
39.45,Tiles,Indoor,7,10,4
73.99,Tiles,Both,3,4,9
191.84,Tiles,Outdoor,3,6,13
138.19,Cement Rendering,Indoor,1,11,3
447.85,Tiles,Both,4,5,38
2219.53,Titanium,Outdoor,2,2,478
271.84,Hardwood,Outdoor,7,7,29
2697.83,Hardwood,Outdoor,2,1,1351
3142.89,Titanium,Both,6,7,266
50.66,Tiles,Indoor,3,13,3
147.83,Tiles,Indoor,5,7,10
2123.35,Tiles,Outdoor,3,15,60
349.79,Tiles,Indoor,2,3,37
115.85,Hardwood,Indoor,1,1,50
30.2,Tiles,Outdoor,6,9,3
384.5,Tiles,Both,1,6,23
91.1,Tiles,Outdoor,1,11,5
339.27,Cement Rendering,Both,9,10,13
394.74,Cement Rendering,Both,2,6,16
127.92,Cement Rendering,Outdoor,1,6,5
797.42,Cement Rendering,Both,3,8,25
167.39,Cement Rendering,Outdoor,6,3,16
178.74,Tiles,Indoor,1,12,6
1482.5,Tiles,Both,2,9,60
78.11,Cement Rendering,Both,9,11,4
105.7,Tiles,Both,3,8,7
1564.63,Hardwood,Indoor,2,8,90
94.24,Cement Rendering,Both,2,10,3
3526.32,Tiles,Outdoor,1,10,111
3999.32,Titanium,Both,2,5,365
473.11,Cement Rendering,Indoor,5,14,10
522.72,Hardwood,Both,1,6,45
1098.68,Hardwood,Both,2,6,99
1152.71,Tiles,Indoor,3,19,26
2453.8,Tiles,Indoor,3,6,134
2899.01,Tiles,Both,1,1,949
717.71,Hardwood,Both,1,7,52
134.56,Cement Rendering,Both,4,8,5
96.93,Titanium,Indoor,2,13,5
1418.37,Titanium,Outdoor,4,7,102
43.36,Tiles,Both,5,3,8
86.06,Tiles,Both,5,5,9
122.73,Cement Rendering,Both,3,5,7
67.25,Tiles,Both,4,9,5
652.26,Cement Rendering,Indoor,1,6,20
361.26,Hardwood,Indoor,4,8,25
363.53,Titanium,Outdoor,1,6,26
575.16,Cement Rendering,Indoor,2,9,13
135.38,Titanium,Both,2,9,9
75.07,Cement Rendering,Both,2,7,3
1625.43,Cement Rendering,Outdoor,1,14,27
171.51,Tiles,Indoor,1,5,12
2141.98,Tiles,Indoor,2,15,51
4600.1,Hardwood,Both,3,5,525
126.28,Tiles,Indoor,2,2,21
512.01,Titanium,Both,9,2,178
334.49,Tiles,Outdoor,4,10,15
130.34,Tiles,Indoor,3,9,7
50.4,Hardwood,Indoor,7,8,6
56.41,Tiles,Outdoor,2,8,4
1342.74,Tiles,Indoor,1,2,188
106.78,Cement Rendering,Indoor,3,9,3
990.48,Hardwood,Both,1,12,45
463.42,Cement Rendering,Both,3,8,15
101.17,Tiles,Both,2,14,5
64.05,Tiles,Indoor,2,18,3
3719.46,Tiles,Both,2,4,330
89.12,Tiles,Both,2,10,5
294.06,Titanium,Both,1,8,17
104.86,Cement Rendering,Indoor,3,9,3
45.02,Titanium,Both,6,9,5
173.07,Hardwood,Outdoor,5,12,11
169.25,Tiles,Both,2,4,17
76.63,Titanium,Indoor,2,7,6
652.82,Tiles,Both,2,12,23
4417.85,Cement Rendering,Outdoor,1,11,84
79.76,Tiles,Both,2,9,5
54.4,Tiles,Both,1,5,6
96.75,Titanium,Indoor,9,2,30
606.75,Hardwood,Indoor,2,9,32
243.79,Tiles,Indoor,2,15,8
41.49,Titanium,Indoor,5,7,5
44.07,Tiles,Indoor,1,5,4
653.17,Tiles,Outdoor,2,1,220
916.54,Titanium,Outdoor,2,13,35
3615.16,Hardwood,Indoor,2,8,205
128.43,Titanium,Indoor,5,1,63
85.72,Tiles,Indoor,1,8,5
3781.14,Cement Rendering,Indoor,1,8,85
2143.44,Tiles,Outdoor,4,11,79
784.05,Titanium,Outdoor,5,13,37
167.6,Tiles,Both,5,12,8
352.38,Tiles,Both,5,10,17
123.65,Tiles,Outdoor,4,13,6
194.3,Tiles,Indoor,6,1,78
88.34,Tiles,Indoor,4,6,7
592.88,Titanium,Outdoor,2,14,22
1060.28,Titanium,Indoor,1,1,381
703.87,Titanium,Outdoor,9,6,78
56.82,Cement Rendering,Indoor,2,5,3
3043.87,Tiles,Indoor,7,7,181
1438.32,Tiles,Outdoor,5,7,86
428.09,Cement Rendering,Indoor,6,3,37
166.13,Titanium,Indoor,5,3,28
555.4,Titanium,Indoor,1,19,15
1412.4,Tiles,Indoor,2,1,426
1481.12,Hardwood,Indoor,8,13,84
705.79,Tiles,Both,1,10,25
472.77,Hardwood,Indoor,4,6,43
59.84,Tiles,Indoor,1,10,4
904.95,Hardwood,Both,4,7,81
278.48,Cement Rendering,Both,9,11,10
1109.56,Hardwood,Indoor,1,8,60
120.05,Hardwood,Indoor,2,12,7
162.21,Cement Rendering,Both,8,2,28
551.48,Tiles,Indoor,1,14,14
178.11,Cement Rendering,Indoor,10,13,6
264.2,Tiles,Outdoor,2,8,13
2821.37,Titanium,Indoor,3,11,112
644.46,Hardwood,Indoor,1,3,92
3064.65,Cement Rendering,Indoor,2,14,49
56.2,Cement Rendering,Outdoor,2,18,2
502.83,Tiles,Both,5,3,74
590.28,Tiles,Both,1,15,17
210.72,Cement Rendering,Indoor,1,1,39
1076.04,Tiles,Outdoor,3,6,66
686.72,Tiles,Indoor,1,10,21
253.93,Tiles,Both,8,6,24
1234.73,Hardwood,Indoor,3,10,62
392.93,Tiles,Indoor,2,10,14
2816.44,Cement Rendering,Indoor,1,9,57
159.73,Tiles,Indoor,10,2,40
1658.53,Tiles,Both,10,4,235
1177.94,Cement Rendering,Outdoor,2,9,29
157.59,Tiles,Both,2,5,13
3827.64,Tiles,Indoor,1,10,108
702.96,Titanium,Indoor,8,9,46
1274.04,Hardwood,Both,2,14,56
4734.47,Tiles,Indoor,8,1,2054
108.92,Tiles,Both,3,17,5
85.66,Cement Rendering,Both,5,12,3
3106.92,Titanium,Outdoor,2,4,335
920.83,Hardwood,Indoor,7,3,191
2405.44,Cement Rendering,Indoor,4,11,51
38.77,Tiles,Indoor,4,8,4
365.97,Cement Rendering,Outdoor,2,2,40
4776.35,Tiles,Indoor,10,7,328
992.71,Tiles,Outdoor,7,10,47
2089.62,Cement Rendering,Indoor,10,9,72
405.42,Hardwood,Outdoor,6,17,21
575.96,Hardwood,Indoor,5,5,65
101.25,Tiles,Both,10,2,30
148.96,Cement Rendering,Indoor,3,10,4
144.95,Titanium,Outdoor,6,7,14
753.73,Tiles,Outdoor,3,12,26
3939.49,Cement Rendering,Both,2,10,90
3555.15,Tiles,Outdoor,2,12,108
1775.11,Tiles,Both,6,10,83
1937.75,Cement Rendering,Outdoor,1,16,29
167.31,Hardwood,Outdoor,6,5,24
1385.54,Hardwood,Indoor,2,2,314
794.41,Tiles,Both,1,12,25
380.24,Tiles,Indoor,6,13,15
1368.06,Tiles,Outdoor,6,5,120
973.11,Titanium,Outdoor,2,8,54
81.23,Tiles,Outdoor,2,12,4
2083.36,Hardwood,Indoor,1,9,98
4250.87,Tiles,Both,3,7,232
303.95,Cement Rendering,Outdoor,7,7,14
134.54,Tiles,Indoor,8,3,21
4536.62,Hardwood,Indoor,3,2,1098
3606.9,Cement Rendering,Outdoor,4,5,178
696.78,Hardwood,Indoor,1,10,31
21.99,Cement Rendering,Indoor,3,13,1
522.21,Tiles,Indoor,6,9,25
731.05,Hardwood,Outdoor,4,19,29
1248.78,Tiles,Both,8,6,108
774.06,Cement Rendering,Both,10,5,57
260.71,Hardwood,Both,3,8,21
149.16,Tiles,Outdoor,4,10,8
790.76,Tiles,Outdoor,1,9,29
451,Hardwood,Indoor,3,9,26
75.62,Hardwood,Indoor,4,2,22
1769.01,Hardwood,Outdoor,4,8,129
2402.73,Hardwood,Indoor,2,8,137
385.6,Tiles,Both,8,4,51
602.74,Tiles,Indoor,3,11,20
255.08,Hardwood,Outdoor,3,11,15
1223.71,Tiles,Both,1,4,102
487.39,Cement Rendering,Indoor,8,9,16
3469.24,Tiles,Outdoor,1,6,180
76.83,Titanium,Both,3,4,11
321.29,Hardwood,Outdoor,2,11,17
193.63,Tiles,Both,1,7,11
174.18,Tiles,Indoor,2,1,54
3908.85,Hardwood,Both,1,10,194
54.94,Tiles,Both,8,9,5
732.8,Titanium,Both,1,4,79
852.55,Cement Rendering,Outdoor,9,16,21
1330.52,Tiles,Indoor,1,8,48
3744.63,Tiles,Both,8,16,142
3870.4,Tiles,Indoor,1,9,121
78.51,Cement Rendering,Both,1,7,3
748.38,Hardwood,Both,7,11,53
968.83,Tiles,Outdoor,2,8,42
510.26,Tiles,Outdoor,1,6,28
303.59,Hardwood,Indoor,2,2,70
36.69,Tiles,Outdoor,2,20,3
2110.66,Titanium,Outdoor,1,16,64
114,Hardwood,Outdoor,4,11,8
210.22,Tiles,Indoor,9,2,50
2285.43,Titanium,Outdoor,1,6,153
744.7,Cement Rendering,Both,7,11,23
52.58,Cement Rendering,Outdoor,1,15,2
130.3,Hardwood,Indoor,1,12,7
2473.5,Hardwood,Both,2,13,113
42.67,Cement Rendering,Outdoor,7,7,3
715.66,Tiles,Indoor,7,11,30
130.45,Tiles,Indoor,1,14,5
1630.48,Tiles,Outdoor,2,11,53
591.37,Cement Rendering,Outdoor,1,14,10
294.5,Tiles,Both,1,10,12
3496.11,Tiles,Indoor,3,3,378
151.66,Hardwood,Both,3,8,13
179.29,Tiles,Indoor,1,13,6
142.01,Hardwood,Indoor,3,7,12
115.52,Cement Rendering,Both,5,4,9
70.87,Tiles,Both,2,16,4
3375.94,Cement Rendering,Outdoor,2,4,182
30.18,Cement Rendering,Indoor,4,7,2
918.88,Cement Rendering,Outdoor,3,4,54
2642.73,Titanium,Indoor,3,9,124
169.25,Tiles,Indoor,1,5,11
529.32,Hardwood,Both,1,5,54
529.89,Cement Rendering,Outdoor,8,16,13
355.85,Tiles,Indoor,5,10,15
394.65,Hardwood,Indoor,8,4,66
403.92,Cement Rendering,Outdoor,1,17,7
4704.96,Tiles,Indoor,6,4,459
620.91,Tiles,Indoor,2,13,18
764.02,Tiles,Indoor,5,7,42
406.04,Tiles,Indoor,5,4,39
50.55,Cement Rendering,Both,4,9,2
3870.97,Titanium,Indoor,4,5,345
37.38,Titanium,Indoor,6,12,4
212.5,Cement Rendering,Outdoor,1,7,7
292.62,Tiles,Outdoor,2,10,12
139.36,Tiles,Indoor,2,12,6
85.81,Tiles,Both,1,15,4
169.28,Tiles,Outdoor,7,10,10
946.69,Cement Rendering,Both,1,13,18
164.29,Cement Rendering,Indoor,1,13,3
743.82,Tiles,Both,2,11,27
36.24,Tiles,Both,1,7,4
563.72,Cement Rendering,Outdoor,2,19,9
740.36,Hardwood,Outdoor,1,7,51
1031.38,Tiles,Indoor,1,1,288
687.31,Hardwood,Outdoor,1,14,28
4866.56,Tiles,Both,10,14,223
41.59,Tiles,Indoor,1,20,3
1937.47,Hardwood,Indoor,4,16,76
116.45,Titanium,Indoor,7,7,11
156.2,Cement Rendering,Indoor,3,15,3
741.7,Cement Rendering,Indoor,2,7,21
206.04,Titanium,Both,2,2,49
261.87,Hardwood,Outdoor,5,1,162
740.91,Tiles,Indoor,4,11,26
148.5,Hardwood,Both,2,6,15
4298.07,Tiles,Indoor,1,15,94
2712.9,Titanium,Indoor,3,3,377
2170.78,Cement Rendering,Indoor,2,4,106
2124.31,Hardwood,Indoor,1,12,81
1850.07,Cement Rendering,Outdoor,7,8,69
2136.64,Cement Rendering,Indoor,4,4,119
938.88,Cement Rendering,Both,1,12,19
28,Cement Rendering,Indoor,3,8,2
178.07,Tiles,Indoor,2,10,7
905.09,Cement Rendering,Indoor,1,4,41
106.72,Hardwood,Outdoor,4,2,33
71.42,Hardwood,Indoor,4,9,6
494.62,Tiles,Indoor,6,11,20
586.35,Hardwood,Indoor,5,2,163
75.08,Titanium,Outdoor,6,2,23
2017.67,Cement Rendering,Outdoor,1,9,45
3404.34,Titanium,Outdoor,1,5,272
1566.89,Titanium,Indoor,3,12,60
179.86,Cement Rendering,Outdoor,1,6,7
466.76,Hardwood,Both,9,8,49
1569.25,Cement Rendering,Both,2,1,357
70.68,Hardwood,Outdoor,2,1,37
1925.35,Cement Rendering,Outdoor,1,3,128
273.79,Tiles,Indoor,2,6,16
3873.77,Cement Rendering,Indoor,5,7,131
2900.39,Hardwood,Indoor,9,2,993
96.27,Tiles,Indoor,8,12,6
189.03,Tiles,Indoor,4,10,9
256.42,Cement Rendering,Indoor,5,12,6
1428.9,Hardwood,Indoor,2,7,94
72.19,Cement Rendering,Both,2,15,2
4467.23,Tiles,Outdoor,2,4,374
71.49,Tiles,Both,1,9,5
151.15,Tiles,Indoor,1,8,7
140.03,Tiles,Indoor,3,9,7
2429.11,Tiles,Indoor,5,12,82
42.89,Hardwood,Indoor,1,10,4
151.97,Tiles,Indoor,1,6,9
4012.32,Tiles,Both,4,17,117
255.5,Titanium,Outdoor,1,12,11
146.51,Tiles,Both,1,5,12
24.05,Titanium,Both,1,8,3
2869.89,Tiles,Outdoor,3,11,99
63.77,Tiles,Outdoor,2,4,7
172.98,Cement Rendering,Both,3,6,8
135.28,Tiles,Outdoor,4,7,9
153.77,Cement Rendering,Indoor,3,9,5
895.9,Titanium,Indoor,1,2,162
103.64,Hardwood,Indoor,5,18,6
86.02,Titanium,Indoor,3,8,6
426.12,Cement Rendering,Both,6,7,19
165.83,Tiles,Indoor,4,9,8
154.86,Cement Rendering,Indoor,1,5,7
159.28,Tiles,Indoor,5,10,8
142.49,Tiles,Outdoor,4,9,8
114.35,Cement Rendering,Outdoor,1,11,3
408.87,Hardwood,Indoor,1,8,23
4360.89,Tiles,Outdoor,3,4,392
117.22,Tiles,Indoor,1,3,13
24.61,Tiles,Outdoor,3,7,3
26.67,Hardwood,Outdoor,7,4,7
643.56,Hardwood,Outdoor,7,12,41
214.65,Tiles,Outdoor,7,5,22
372.83,Cement Rendering,Indoor,2,8,10
2024.23,Tiles,Indoor,5,15,59
550.38,Titanium,Outdoor,8,2,172
20.04,Cement Rendering,Indoor,1,5,2
91.21,Titanium,Both,1,6,8
782.01,Titanium,Indoor,1,10,30
25.6,Cement Rendering,Indoor,2,15,1
4786.5,Cement Rendering,Outdoor,9,12,140
2384.54,Cement Rendering,Indoor,5,7,81
1981.67,Tiles,Indoor,3,2,321
314.38,Tiles,Indoor,1,7,14
289.34,Cement Rendering,Both,4,17,6
2007.12,Titanium,Indoor,1,10,74
2970.99,Titanium,Both,10,2,1076
711.48,Tiles,Outdoor,5,11,29
1287.79,Cement Rendering,Indoor,6,9,37
739.23,Titanium,Outdoor,2,10,34
540.15,Tiles,Both,5,4,60
731.56,Titanium,Indoor,9,3,145
42.02,Hardwood,Outdoor,2,8,5
731.75,Tiles,Both,10,4,105
121.23,Titanium,Both,3,18,6
2202.14,Tiles,Both,7,20,69
502.61,Tiles,Indoor,3,16,14
1963.13,Titanium,Indoor,2,13,66
760.96,Tiles,Both,1,6,43
646.22,Cement Rendering,Outdoor,2,13,13
1120.97,Cement Rendering,Both,3,3,92
31.55,Hardwood,Indoor,2,13,3
240.79,Hardwood,Indoor,1,3,35
144.17,Cement Rendering,Indoor,9,7,7
430.46,Titanium,Indoor,2,4,44
546.02,Tiles,Outdoor,1,8,23
71.14,Cement Rendering,Outdoor,7,7,4
241.67,Titanium,Outdoor,2,17,9
197.92,Cement Rendering,Indoor,7,8,8
232.36,Titanium,Outdoor,8,7,23
1211.1,Hardwood,Indoor,2,12,51
1168.93,Tiles,Indoor,1,13,30
2390.48,Tiles,Outdoor,2,11,77
753.56,Titanium,Indoor,3,11,31
739.5,Tiles,Indoor,2,6,39
44.77,Hardwood,Indoor,3,1,24
2171.76,Hardwood,Both,1,4,268
129.29,Hardwood,Indoor,2,11,7
2754.74,Cement Rendering,Outdoor,8,9,96
407.97,Titanium,Indoor,3,10,19
246.82,Tiles,Indoor,3,7,13
62.04,Hardwood,Indoor,2,15,4
4688.96,Cement Rendering,Indoor,3,10,98
797.85,Tiles,Indoor,1,12,22
86.12,Tiles,Indoor,1,3,10
820.02,Cement Rendering,Both,1,10,18
186.48,Hardwood,Indoor,8,13,12
1121.55,Tiles,Indoor,1,7,47
516.13,Hardwood,Indoor,1,8,29
916.52,Tiles,Both,3,5,71
2227.77,Tiles,Indoor,1,2,311
719.94,Titanium,Indoor,4,15,27
556.38,Hardwood,Outdoor,1,9,31
2310.98,Tiles,Both,1,9,86
143.7,Tiles,Indoor,1,2,22
1048.31,Tiles,Indoor,2,8,41
2359.17,Tiles,Outdoor,2,6,133
3779.09,Tiles,Both,4,11,146
4013.41,Titanium,Outdoor,2,3,575
392.95,Tiles,Outdoor,1,5,26
66.23,Tiles,Indoor,7,15,4
396.73,Tiles,Both,3,7,23
87.82,Titanium,Both,7,3,20
1302.23,Titanium,Indoor,3,6,92
1789.39,Cement Rendering,Outdoor,7,10,54
146.39,Hardwood,Indoor,4,8,11
97.49,Tiles,Outdoor,3,4,11
337.32,Hardwood,Both,10,1,286
169.46,Hardwood,Indoor,10,9,15
110.79,Cement Rendering,Indoor,2,19,2
475.87,Tiles,Indoor,1,6,24
893.6,Hardwood,Indoor,3,5,88
2373.85,Titanium,Indoor,7,9,141
74.02,Tiles,Indoor,2,5,6
534.21,Tiles,Outdoor,6,4,60
377.05,Cement Rendering,Both,6,4,29
771.82,Cement Rendering,Outdoor,9,5,51
240.23,Hardwood,Indoor,2,4,29
55.25,Cement Rendering,Indoor,2,9,2
420.37,Cement Rendering,Indoor,1,11,8
638.54,Tiles,Outdoor,2,8,29
161.09,Tiles,Both,3,6,12
562.08,Hardwood,Outdoor,2,11,29
613.64,Tiles,Both,1,6,35
334.99,Tiles,Indoor,3,8,15
169.64,Cement Rendering,Outdoor,2,12,4
394.67,Tiles,Indoor,5,15,13
60.79,Cement Rendering,Indoor,10,8,3
156.58,Tiles,Outdoor,6,13,8
3412.07,Titanium,Indoor,8,3,636
211.99,Cement Rendering,Both,2,6,9
1274.19,Hardwood,Indoor,2,8,74
34.76,Cement Rendering,Outdoor,5,17,2
2940.68,Tiles,Both,7,5,286
1132.96,Titanium,Indoor,1,12,38
39.86,Tiles,Both,5,4,6
3114.87,Cement Rendering,Both,5,8,109
100.72,Cement Rendering,Indoor,1,4,5
157.87,Hardwood,Outdoor,1,5,17
37.58,Cement Rendering,Outdoor,5,2,6
181.35,Tiles,Both,4,7,12
431.01,Tiles,Both,8,6,39
625.66,Titanium,Both,3,7,46
490.33,Hardwood,Indoor,3,6,41
116.7,Tiles,Indoor,2,6,8
22.57,Tiles,Outdoor,1,13,3
2073.93,Tiles,Indoor,1,1,578
90.24,Tiles,Indoor,2,14,4
438.38,Cement Rendering,Both,7,15,11
28.5,Tiles,Indoor,4,7,3
400.61,Tiles,Indoor,8,14,16
399.19,Cement Rendering,Both,1,20,6
133.78,Tiles,Indoor,1,8,7
84.55,Titanium,Indoor,4,5,9
102.72,Cement Rendering,Indoor,3,12,3
144.69,Titanium,Outdoor,1,17,6
3445.43,Titanium,Indoor,5,5,327
166.4,Cement Rendering,Indoor,2,2,17
172.57,Cement Rendering,Outdoor,2,13,4
107.53,Tiles,Both,1,2,20
1252.1,Tiles,Indoor,2,19,26
3734.21,Cement Rendering,Indoor,7,9,111
4626.63,Hardwood,Indoor,3,14,182
1362.69,Titanium,Outdoor,4,13,59
603.53,Hardwood,Both,1,12,28
349.48,Hardwood,Indoor,9,20,17
114.67,Hardwood,Indoor,6,9,9
1173,Hardwood,Indoor,1,3,165
405.69,Titanium,Indoor,2,2,80
96.99,Hardwood,Indoor,2,14,6
685.52,Cement Rendering,Indoor,1,16,10
57.71,Hardwood,Indoor,9,9,6
706.81,Tiles,Outdoor,1,4,57
80.3,Cement Rendering,Indoor,5,1,20
485.95,Cement Rendering,Both,6,10,15
2506.22,Cement Rendering,Indoor,10,6,129
692.76,Tiles,Outdoor,1,14,19
26.23,Tiles,Both,3,13,3
47.19,Tiles,Both,1,9,4
506.65,Hardwood,Indoor,1,9,25
122.95,Titanium,Indoor,3,10,7
156.35,Titanium,Outdoor,6,6,16
362.77,Titanium,Indoor,6,5,38
3274.01,Tiles,Indoor,1,4,229
114.03,Cement Rendering,Indoor,2,4,6
143.26,Titanium,Outdoor,4,7,12
123.09,Hardwood,Outdoor,3,16,7
95.72,Cement Rendering,Indoor,1,2,10
156.49,Tiles,Indoor,3,10,7
619.96,Tiles,Indoor,2,17,15
375.85,Hardwood,Outdoor,4,1,218
2422.34,Tiles,Indoor,10,4,291
1208.8,Tiles,Both,7,11,57
658.16,Tiles,Outdoor,6,7,43
97.25,Hardwood,Outdoor,1,6,10
636.92,Tiles,Outdoor,7,20,20
559.97,Tiles,Both,6,7,39
1730.56,Tiles,Both,1,6,96
569.14,Titanium,Indoor,7,15,25
4022.29,Cement Rendering,Indoor,3,7,120
124.33,Cement Rendering,Indoor,7,5,8
104.92,Cement Rendering,Both,2,7,4
774.4,Hardwood,Indoor,6,9,52
491.58,Hardwood,Both,4,6,52
212.69,Hardwood,Indoor,4,6,20
57.57,Hardwood,Outdoor,2,9,5
129.61,Cement Rendering,Outdoor,8,1,41
139.91,Tiles,Outdoor,4,7,10
3011.03,Cement Rendering,Indoor,8,6,141
520.63,Cement Rendering,Both,7,13,15
58.33,Titanium,Both,8,17,5
92.21,Cement Rendering,Both,5,8,4
126.88,Tiles,Indoor,5,6,10
298.18,Hardwood,Outdoor,8,10,24
4416.44,Hardwood,Indoor,2,8,250
301.19,Hardwood,Both,2,6,29
649.43,Cement Rendering,Outdoor,6,5,37
122,Titanium,Outdoor,1,20,5
125.12,Hardwood,Indoor,5,7,12
304.25,Cement Rendering,Indoor,1,6,10
4834.87,Tiles,Indoor,6,17,134
945.8,Hardwood,Outdoor,3,3,171
99.1,Hardwood,Outdoor,2,10,7
153.64,Tiles,Indoor,6,6,12
894.3,Tiles,Both,1,5,60
275.73,Tiles,Indoor,1,8,12
69.34,Tiles,Indoor,10,6,8
2278.29,Hardwood,Outdoor,6,6,248
62.27,Tiles,Both,1,5,6
1194.35,Tiles,Both,3,8,59
2179.87,Tiles,Outdoor,4,6,141
365.18,Hardwood,Both,1,15,16
588.24,Tiles,Indoor,1,16,14
247.13,Tiles,Indoor,2,8,11
114.54,Tiles,Both,1,4,11
533.22,Hardwood,Outdoor,1,5,51
1088.76,Hardwood,Both,3,19,42
103.68,Tiles,Both,5,4,13
217.75,Cement Rendering,Outdoor,1,8,6
84.72,Tiles,Both,2,5,8
1012.78,Tiles,Outdoor,3,18,27
299.33,Tiles,Indoor,1,10,10
127.36,Cement Rendering,Indoor,10,11,5
1963.23,Cement Rendering,Indoor,9,9,65
624.97,Hardwood,Indoor,1,4,67
135.89,Titanium,Both,2,7,11
602.11,Tiles,Indoor,4,4,54
719.5,Hardwood,Outdoor,3,16,30
337.06,Tiles,Indoor,5,13,12
1691.76,Cement Rendering,Indoor,2,5,66
143.05,Tiles,Both,1,7,9
55.89,Cement Rendering,Both,6,17,2
96.86,Tiles,Indoor,5,10,6
791.64,Tiles,Outdoor,1,5,51
338.73,Cement Rendering,Both,3,6,15
219.98,Hardwood,Indoor,7,5,29
173.23,Hardwood,Both,3,15,10
4069.17,Hardwood,Indoor,9,6,465
523.85,Tiles,Indoor,1,3,51
142.27,Tiles,Both,3,10,7
775.64,Tiles,Indoor,2,10,25
1352.69,Hardwood,Indoor,5,8,95
447.68,Tiles,Outdoor,1,14,13
158.65,Cement Rendering,Indoor,10,2,25
785.1,Tiles,Indoor,5,5,60
61.03,Hardwood,Indoor,10,10,6
2318.38,Cement Rendering,Both,3,3,189
115.73,Titanium,Both,1,8,8
46.73,Titanium,Outdoor,8,8,6
4489.51,Hardwood,Indoor,3,5,436
181.06,Titanium,Both,5,9,13
138.22,Hardwood,Outdoor,4,4,22
1198.94,Cement Rendering,Indoor,6,4,76
29.8,Tiles,Outdoor,1,11,3
1423.93,Titanium,Both,6,7,122
697.01,Cement Rendering,Indoor,1,1,125
154.87,Tiles,Indoor,1,2,24
450.03,Titanium,Indoor,4,11,21
1702.94,Hardwood,Outdoor,9,9,146
92.49,Hardwood,Outdoor,4,5,13
287.55,Hardwood,Indoor,2,9,16
4495.96,Hardwood,Indoor,2,12,183
237.34,Tiles,Both,1,2,41
1707.49,Hardwood,Outdoor,2,10,87
2188.58,Cement Rendering,Indoor,7,12,53
28.12,Hardwood,Outdoor,1,8,4
104.01,Cement Rendering,Indoor,3,13,3
98.48,Hardwood,Indoor,5,11,7
43.65,Tiles,Indoor,4,2,10
1584.07,Titanium,Both,2,1,721
24.37,Titanium,Indoor,6,1,14
141.21,Hardwood,Outdoor,1,4,18
2746.55,Titanium,Outdoor,2,12,107
1828.68,Titanium,Both,2,10,85
1657.33,Tiles,Indoor,1,9,53
126.9,Tiles,Indoor,3,12,6
151.9,Tiles,Outdoor,1,7,9
89.55,Cement Rendering,Outdoor,1,5,5
75.26,Tiles,Indoor,3,8,5
529.5,Cement Rendering,Indoor,1,5,20
125.81,Tiles,Both,5,7,10
134.29,Tiles,Indoor,1,7,7
1749.49,Tiles,Both,1,10,59
761.99,Hardwood,Indoor,1,5,65
39.59,Tiles,Both,1,9,3
184.08,Tiles,Indoor,6,4,20
3746.62,Hardwood,Outdoor,2,12,169
220.72,Tiles,Indoor,1,11,8
363.7,Cement Rendering,Outdoor,4,11,9
279.17,Cement Rendering,Indoor,4,6,11
1698.62,Cement Rendering,Indoor,5,2,201
2197.64,Tiles,Both,2,6,131
2088.26,Hardwood,Indoor,2,5,190
391.42,Titanium,Indoor,9,15,20
33.54,Tiles,Indoor,1,6,4
685.31,Tiles,Both,5,11,30
525.22,Tiles,Indoor,10,6,44
3664.74,Hardwood,Indoor,4,1,1895
216.61,Hardwood,Indoor,8,4,37
1404.25,Hardwood,Indoor,2,11,62
318.34,Cement Rendering,Indoor,1,9,7
627.45,Titanium,Outdoor,3,4,74
571.51,Cement Rendering,Indoor,2,6,19
161.18,Hardwood,Outdoor,9,15,11
493.52,Titanium,Indoor,2,8,26
433.06,Tiles,Both,7,1,211
151.26,Hardwood,Indoor,1,12,8
40.47,Tiles,Both,1,7,4
616.06,Tiles,Indoor,9,3,96
1506.95,Cement Rendering,Outdoor,1,6,51
1028.54,Cement Rendering,Indoor,1,3,62
658.79,Tiles,Outdoor,1,7,31
699.76,Tiles,Both,2,4,64
2400.78,Tiles,Outdoor,1,7,108
86.92,Cement Rendering,Both,4,13,3
103.15,Tiles,Outdoor,6,10,6
1374.4,Tiles,Indoor,2,12,39
130.99,Cement Rendering,Indoor,5,1,32
50.87,Hardwood,Outdoor,1,7,5
951.16,Hardwood,Indoor,1,7,59
139.23,Cement Rendering,Indoor,1,14,3
686.97,Tiles,Indoor,3,8,30
1522.18,Tiles,Both,4,19,42
1294.39,Hardwood,Indoor,2,9,67
2474.76,Titanium,Indoor,1,13,77
4341.91,Tiles,Indoor,1,10,123
257.84,Cement Rendering,Indoor,4,1,58
1663.07,Hardwood,Outdoor,1,6,130
759.74,Titanium,Indoor,1,12,26
551.07,Tiles,Both,2,10,21
2278.42,Titanium,Both,4,11,114
1949.37,Titanium,Both,1,8,104
145.36,Tiles,Outdoor,3,4,15
363.24,Titanium,Both,3,12,18
2420.64,Hardwood,Indoor,6,12,128
144.88,Titanium,Indoor,3,17,6
119.55,Cement Rendering,Outdoor,1,10,3
439.56,Hardwood,Outdoor,1,5,43
796.71,Cement Rendering,Outdoor,2,10,18
4125.82,Hardwood,Outdoor,4,9,265
151,Tiles,Indoor,2,7,8
788.61,Hardwood,Outdoor,2,1,396
2133.15,Tiles,Both,3,4,204
238.87,Tiles,Outdoor,2,10,10
3042.36,Tiles,Both,1,13,86
2103.27,Hardwood,Indoor,2,15,75
154.93,Titanium,Indoor,1,9,8
2244.75,Tiles,Both,6,13,89
140.37,Cement Rendering,Outdoor,3,9,5
3473.83,Hardwood,Indoor,9,7,341
32.99,Cement Rendering,Outdoor,6,13,2
171.25,Tiles,Indoor,4,2,31
226.29,Titanium,Indoor,2,4,24
302.26,Tiles,Indoor,2,4,25
1175.65,Tiles,Indoor,3,7,56
45.97,Titanium,Indoor,1,7,4
1941.7,Tiles,Indoor,3,3,211
2032.75,Hardwood,Both,8,19,103
758.21,Cement Rendering,Both,1,16,13
343.67,Hardwood,Indoor,2,3,54
169.02,Tiles,Both,1,15,6
470.19,Hardwood,Indoor,1,20,14
4195.4,Cement Rendering,Indoor,2,5,163
691.78,Hardwood,Indoor,2,9,37
3440.58,Cement Rendering,Indoor,7,9,102
114.81,Titanium,Indoor,3,2,26
1300.53,Cement Rendering,Both,2,5,60
92.28,Titanium,Both,2,8,7
4762.7,Titanium,Indoor,3,15,154
153.43,Tiles,Both,7,9,10
974.87,Cement Rendering,Outdoor,9,4,80
635.69,Tiles,Outdoor,3,5,48
692.5,Hardwood,Outdoor,7,13,42
129.05,Tiles,Indoor,1,11,5
2558.27,Titanium,Outdoor,4,7,182
796.58,Tiles,Outdoor,2,16,22
84.81,Titanium,Indoor,5,6,9
106.5,Cement Rendering,Both,1,10,3
45.47,Hardwood,Outdoor,4,1,28
178.22,Hardwood,Outdoor,2,4,24
124.21,Hardwood,Indoor,3,6,12
463.71,Tiles,Indoor,3,12,15
88.79,Tiles,Indoor,3,1,31
162.75,Cement Rendering,Indoor,1,9,4
1926.27,Tiles,Both,3,10,75
361.67,Cement Rendering,Both,2,11,9
570.67,Tiles,Indoor,2,9,21
682.55,Hardwood,Outdoor,2,6,59
163.23,Tiles,Indoor,1,12,6
197.23,Tiles,Indoor,5,17,7
120.45,Hardwood,Indoor,3,7,10
119.78,Hardwood,Outdoor,4,4,19
1344.88,Tiles,Indoor,5,12,46
602.89,Cement Rendering,Outdoor,4,12,14
611.52,Hardwood,Outdoor,7,11,42
631.44,Tiles,Indoor,1,10,20
163.96,Cement Rendering,Outdoor,6,5,10
103.77,Tiles,Indoor,1,13,4
295.94,Cement Rendering,Both,4,11,8
2142.42,Hardwood,Indoor,8,9,157
3931.91,Cement Rendering,Indoor,1,10,71
2967.32,Titanium,Outdoor,8,4,461
3473.3,Hardwood,Indoor,8,5,454
393.52,Tiles,Outdoor,1,13,12
2766.42,Titanium,Indoor,1,10,101
772.92,Hardwood,Outdoor,1,6,62
601.98,Hardwood,Indoor,1,10,27
128.07,Tiles,Outdoor,8,3,23
480.75,Cement Rendering,Outdoor,4,9,14
26.03,Hardwood,Indoor,2,6,4
383.27,Tiles,Indoor,5,6,25
2190,Tiles,Both,3,5,168
708.12,Cement Rendering,Both,1,13,14
579.21,Cement Rendering,Both,5,1,162
463.66,Tiles,Both,1,9,19
218.23,Titanium,Indoor,2,5,19
155.15,Tiles,Both,2,4,16
72.94,Hardwood,Both,2,2,21
143.67,Tiles,Both,2,7,9
46.81,Tiles,Indoor,2,11,3
516.1,Tiles,Outdoor,9,12,25
134.03,Tiles,Indoor,1,17,5
4919.12,Hardwood,Indoor,2,3,740
2300.35,Cement Rendering,Both,2,5,105
324.66,Hardwood,Indoor,7,14,18
2159.03,Hardwood,Indoor,1,6,152
52.65,Tiles,Outdoor,1,3,7
156.18,Tiles,Indoor,3,20,5
490.24,Hardwood,Both,1,7,36
454.02,Hardwood,Outdoor,1,1,212
499.98,Titanium,Indoor,2,4,50
3815.04,Hardwood,Indoor,3,12,167
1124.53,Cement Rendering,Indoor,1,13,18
68.78,Cement Rendering,Indoor,1,3,5
61.98,Cement Rendering,Outdoor,2,1,14
95.47,Tiles,Indoor,2,12,5
1616.66,Tiles,Outdoor,2,10,56
415.55,Hardwood,Both,2,9,26
661.05,Titanium,Indoor,7,9,41
1467.85,Tiles,Indoor,2,3,149
220.2,Titanium,Indoor,5,11,12
4138.83,Hardwood,Both,8,6,529
112.26,Tiles,Outdoor,5,14,6
4332.28,Titanium,Outdoor,3,10,201
108.11,Cement Rendering,Indoor,4,11,3
112.42,Hardwood,Indoor,3,6,11
483.75,Tiles,Outdoor,7,5,46
1293.44,Hardwood,Outdoor,1,5,122
2117.61,Tiles,Outdoor,1,7,95
2263.18,Tiles,Indoor,1,2,316
59.44,Hardwood,Indoor,3,8,6
98.45,Hardwood,Indoor,3,9,7
3108.32,Cement Rendering,Both,5,3,288
1475.73,Titanium,Both,3,4,182
1251.76,Tiles,Outdoor,8,14,51
494.16,Tiles,Indoor,1,11,15
1433.36,Tiles,Indoor,4,7,73
154.06,Titanium,Both,5,4,23
68.34,Hardwood,Outdoor,6,13,6
248.77,Cement Rendering,Both,1,5,11
2327.62,Hardwood,Indoor,1,9,110
2040.87,Tiles,Indoor,1,6,96
585.67,Titanium,Indoor,3,4,63
86.49,Tiles,Indoor,3,3,11
2863.81,Cement Rendering,Indoor,1,4,129
129.89,Titanium,Indoor,2,10,7
116.93,Titanium,Indoor,1,7,8
48.91,Cement Rendering,Outdoor,2,11,2
753.9,Titanium,Both,1,10,34
863.9,Tiles,Indoor,2,8,34
462.86,Hardwood,Both,5,3,102
1280.19,Cement Rendering,Indoor,5,10,31
268.04,Tiles,Indoor,4,19,8
65.87,Cement Rendering,Both,3,11,3
779.99,Titanium,Both,1,11,33
679.52,Cement Rendering,Outdoor,3,3,53
488.37,Cement Rendering,Indoor,9,3,49
87.82,Tiles,Indoor,2,6,6
3030.82,Cement Rendering,Both,7,12,85
178.42,Hardwood,Indoor,2,4,22
99.18,Cement Rendering,Outdoor,1,11,3
3578.62,Hardwood,Indoor,1,3,499
124.02,Hardwood,Indoor,1,13,6
1963.88,Tiles,Indoor,4,5,137
39.95,Tiles,Both,2,8,4
4099.96,Tiles,Both,2,2,726
600.11,Hardwood,Indoor,2,4,70
96.73,Cement Rendering,Both,1,7,4
108.79,Titanium,Both,3,2,29
165.83,Titanium,Outdoor,1,7,11
953.88,Cement Rendering,Outdoor,3,8,28
1939.66,Tiles,Indoor,1,11,53
4261.06,Tiles,Indoor,1,7,171
93.91,Cement Rendering,Indoor,1,14,2
509.5,Tiles,Indoor,6,4,52
843.12,Tiles,Indoor,3,8,36
444.64,Tiles,Indoor,1,3,43
51.83,Titanium,Both,1,7,5
2363.16,Tiles,Indoor,2,7,103
935.11,Tiles,Outdoor,6,11,40
200.86,Hardwood,Indoor,2,6,17
114.29,Titanium,Both,1,9,7
257.96,Tiles,Indoor,4,9,12
763.77,Cement Rendering,Outdoor,5,13,18
347.86,Cement Rendering,Indoor,10,2,54
872.86,Tiles,Outdoor,6,6,65
2197.09,Hardwood,Indoor,3,19,71
582.13,Cement Rendering,Outdoor,4,12,14
525.5,Tiles,Indoor,2,3,55
65.86,Cement Rendering,Indoor,1,5,3
71.57,Cement Rendering,Outdoor,9,10,3
541.79,Hardwood,Both,2,1,289
2348.91,Cement Rendering,Indoor,10,10,73
94.76,Tiles,Both,3,4,11
28.79,Cement Rendering,Outdoor,1,12,2
239.85,Hardwood,Both,8,12,18
129.5,Titanium,Outdoor,3,14,7
1563.14,Cement Rendering,Indoor,9,17,33
1714.22,Tiles,Both,8,8,111
2247.53,Hardwood,Both,7,6,274
141.25,Tiles,Both,2,8,8
3928.15,Tiles,Outdoor,2,1,1311
149.9,Tiles,Indoor,2,8,8
154.81,Hardwood,Indoor,1,9,9
123.67,Cement Rendering,Indoor,7,10,4
670.92,Tiles,Indoor,7,4,71
1467.19,Hardwood,Outdoor,6,10,97
26.9,Tiles,Outdoor,1,12,3
1520.57,Tiles,Indoor,7,10,65
65.46,Hardwood,Outdoor,3,6,8
247.24,Hardwood,Outdoor,6,10,18
293.49,Tiles,Both,8,11,16
117.57,Tiles,Indoor,1,9,6
92.49,Tiles,Indoor,1,9,5
42.77,Hardwood,Indoor,5,13,4
516.88,Cement Rendering,Outdoor,3,12,12
105.54,Tiles,Outdoor,3,14,5
61.37,Tiles,Both,5,7,6
444.02,Tiles,Indoor,2,5,29
1797.46,Titanium,Outdoor,2,11,75
685.4,Hardwood,Both,4,3,141
135.15,Hardwood,Indoor,10,2,50
109.01,Cement Rendering,Indoor,6,1,28
165.03,Tiles,Indoor,1,3,17
70.86,Cement Rendering,Indoor,2,1,15
429.88,Cement Rendering,Both,3,15,9
2113.31,Cement Rendering,Indoor,3,11,42
519.41,Hardwood,Outdoor,7,8,46
240.98,Cement Rendering,Indoor,3,20,4
2227.71,Tiles,Both,4,16,68
562.59,Tiles,Both,1,18,14
563.88,Tiles,Both,2,6,35
954.41,Tiles,Indoor,2,10,31
118.19,Titanium,Outdoor,1,10,7
404.65,Titanium,Indoor,4,6,32
32.58,Titanium,Indoor,6,8,4
2172.95,Cement Rendering,Indoor,2,11,41
102.35,Tiles,Indoor,1,8,6
115.06,Titanium,Indoor,1,8,7
291.76,Tiles,Indoor,2,13,9
2059.21,Tiles,Indoor,3,2,334
1246.36,Cement Rendering,Both,2,7,41
649.13,Tiles,Both,3,12,24
71.03,Cement Rendering,Both,6,1,22
157.13,Tiles,Both,7,12,9
1114.17,Tiles,Outdoor,1,7,51
117.32,Cement Rendering,Indoor,4,10,4
49.88,Cement Rendering,Indoor,9,12,2
726.56,Titanium,Indoor,2,12,27
422.5,Cement Rendering,Indoor,4,3,32
782.92,Tiles,Both,3,8,39
218.12,Titanium,Both,1,8,13
426.17,Titanium,Both,1,14,16
115.28,Hardwood,Indoor,5,1,65
1558.95,Hardwood,Indoor,1,4,164
930.36,Titanium,Both,1,8,51
141.56,Tiles,Indoor,2,9,7
646.83,Cement Rendering,Outdoor,9,10,22
344.87,Tiles,Indoor,1,9,13
1656.38,Hardwood,Indoor,5,16,69
128.13,Tiles,Indoor,2,10,6
43.3,Cement Rendering,Both,1,16,2
134.07,Tiles,Both,3,11,7
4205.75,Tiles,Both,1,7,198
2099.3,Cement Rendering,Indoor,4,11,45
200.01,Hardwood,Outdoor,2,4,27
95.96,Titanium,Outdoor,1,13,5
420.57,Cement Rendering,Indoor,2,10,9
117.42,Titanium,Indoor,4,8,9
119.86,Cement Rendering,Both,7,1,38
2267.62,Titanium,Outdoor,3,11,100
474.51,Tiles,Both,6,6,38
60.66,Hardwood,Both,1,7,6
1158.24,Tiles,Indoor,1,9,38
132.73,Tiles,Indoor,4,11,6
1938.51,Cement Rendering,Outdoor,1,7,56
590.2,Hardwood,Outdoor,6,9,45
543.94,Tiles,Indoor,7,10,24
178.91,Tiles,Outdoor,1,8,9
91.91,Cement Rendering,Indoor,1,3,6
1817.37,Titanium,Indoor,1,5,132
4579.27,Tiles,Outdoor,1,5,285
244.88,Hardwood,Both,4,8,21
686.67,Hardwood,Outdoor,10,8,70
211.56,Tiles,Both,1,3,25
826.32,Cement Rendering,Both,1,10,18
449.63,Cement Rendering,Both,3,10,12
526.47,Hardwood,Indoor,2,1,239
67.28,Tiles,Both,2,15,4
108.49,Hardwood,Outdoor,4,2,33
210.32,Tiles,Indoor,5,13,9
301.7,Tiles,Both,3,13,12
860.24,Cement Rendering,Both,1,13,16
293.89,Tiles,Both,8,17,13
451.83,Cement Rendering,Indoor,4,7,15
4171.44,Tiles,Indoor,1,10,118
3248.43,Cement Rendering,Indoor,6,20,52
65.15,Hardwood,Outdoor,1,9,5
3979.11,Titanium,Indoor,3,1,1650
2092.59,Tiles,Outdoor,2,3,235
532.26,Tiles,Indoor,3,12,17
515.22,Tiles,Outdoor,4,3,68
603.24,Tiles,Both,1,1,199
1529.45,Tiles,Both,3,14,49
115.15,Cement Rendering,Both,1,14,3
1410.1,Hardwood,Outdoor,3,13,66
22.35,Hardwood,Outdoor,1,16,3
1427.16,Cement Rendering,Indoor,2,6,47
173.17,Tiles,Indoor,4,10,8
67.49,Tiles,Both,1,10,4
1737.87,Tiles,Outdoor,3,16,48
290.58,Cement Rendering,Both,2,9,8
683.11,Hardwood,Both,1,11,34
41.1,Hardwood,Indoor,2,8,4
1342.91,Titanium,Indoor,6,3,226
1424.82,Hardwood,Outdoor,1,11,64
83.89,Hardwood,Both,2,16,5
311.78,Cement Rendering,Both,2,4,19
109.6,Tiles,Outdoor,5,1,47
103.23,Hardwood,Both,1,10,7
1209.39,Cement Rendering,Indoor,2,16,18
4487.31,Tiles,Indoor,1,6,210
613.07,Hardwood,Indoor,3,18,22
703.34,Hardwood,Indoor,6,3,139
32.94,Hardwood,Outdoor,1,12,3
891.45,Tiles,Indoor,1,2,126
375.31,Cement Rendering,Both,1,11,8
2717.47,Tiles,Both,3,6,174
149.72,Cement Rendering,Outdoor,2,9,5
716.56,Tiles,Indoor,1,17,16
1503.4,Titanium,Both,5,8,106
95.86,Hardwood,Both,1,14,6
921.16,Tiles,Indoor,2,9,33
318.28,Cement Rendering,Indoor,2,17,5
2038.5,Tiles,Outdoor,7,5,188
1058.2,Tiles,Indoor,1,9,35
88.68,Cement Rendering,Outdoor,10,20,3
2382.68,Tiles,Outdoor,9,6,203
167.38,Titanium,Outdoor,6,7,15
27.59,Tiles,Indoor,2,5,4
77.62,Tiles,Indoor,2,7,5
49.24,Hardwood,Outdoor,3,6,6
983.03,Tiles,Outdoor,5,10,42
731.59,Cement Rendering,Indoor,1,12,13
2737.79,Hardwood,Indoor,2,6,207
4205.26,Cement Rendering,Outdoor,1,1,835
1431.24,Cement Rendering,Both,8,11,45
48.34,Cement Rendering,Indoor,1,7,2
147.02,Tiles,Both,1,4,14
683.91,Hardwood,Indoor,1,5,59
1112.07,Hardwood,Both,4,10,70
121.39,Tiles,Indoor,2,17,5
654.53,Titanium,Both,2,9,35
4271.03,Tiles,Indoor,1,5,239
912.73,Cement Rendering,Indoor,9,10,28
4432.38,Cement Rendering,Outdoor,3,1,1021
170.03,Hardwood,Indoor,3,11,10
910.43,Tiles,Outdoor,7,17,31
3342.69,Tiles,Both,9,6,301
1214.93,Tiles,Outdoor,1,6,64
29.49,Hardwood,Outdoor,3,10,4
446.22,Hardwood,Both,1,9,26
1612.27,Cement Rendering,Outdoor,1,8,41
128.83,Titanium,Both,4,9,9
112.97,Hardwood,Indoor,1,1,49
414.35,Hardwood,Indoor,2,5,39
693.81,Cement Rendering,Indoor,2,5,28
1113.01,Cement Rendering,Outdoor,1,2,111
171.52,Titanium,Indoor,5,6,15
919.5,Titanium,Indoor,1,14,28
599.92,Tiles,Indoor,5,8,29
3776.58,Cement Rendering,Indoor,7,3,334
317.15,Cement Rendering,Both,2,10,8
4808.9,Tiles,Both,10,9,302
3628.42,Hardwood,Both,1,9,200
443.15,Cement Rendering,Indoor,9,5,27
727.15,Titanium,Both,1,6,53
229.12,Tiles,Indoor,1,9,9
91.19,Cement Rendering,Indoor,1,11,3
293,Tiles,Both,1,12,11
1091.39,Tiles,Both,5,8,61
4307.25,Titanium,Outdoor,2,12,167
311.88,Tiles,Outdoor,1,9,13
139.94,Titanium,Indoor,4,3,23
208.52,Cement Rendering,Both,2,5,10
681.34,Tiles,Indoor,3,7,33
3771.79,Tiles,Both,6,5,347
3278.17,Cement Rendering,Indoor,3,4,171
1077.11,Cement Rendering,Outdoor,3,8,32
700.14,Cement Rendering,Outdoor,1,5,29
97.96,Tiles,Indoor,1,11,5
248.91,Tiles,Both,2,9,12
21.63,Cement Rendering,Outdoor,1,1,5
28.11,Hardwood,Outdoor,1,3,6
1647.15,Hardwood,Indoor,7,5,205
871.39,Titanium,Indoor,1,6,54
60.55,Cement Rendering,Outdoor,6,6,4
1193.14,Hardwood,Indoor,2,14,45
105.96,Cement Rendering,Indoor,1,4,6
438.32,Hardwood,Outdoor,5,8,35
557.43,Hardwood,Indoor,5,8,40
145.63,Tiles,Both,5,13,7
81.94,Cement Rendering,Outdoor,6,4,7
97.9,Tiles,Indoor,3,6,7
2230.6,Hardwood,Indoor,5,14,101
614.56,Hardwood,Indoor,3,7,44
368.68,Tiles,Both,1,10,14
448.09,Hardwood,Outdoor,3,4,62
86.69,Cement Rendering,Outdoor,2,7,4
47.03,Cement Rendering,Both,1,6,3
54.63,Tiles,Indoor,6,6,6
611.47,Tiles,Indoor,4,13,20
772.12,Tiles,Indoor,10,16,29
639,Hardwood,Indoor,1,6,46
944.8,Tiles,Outdoor,1,4,75
58.31,Cement Rendering,Both,10,16,3
2967.46,Tiles,Indoor,3,5,193
52.37,Hardwood,Both,1,2,15
2242.33,Tiles,Indoor,2,11,65
470.01,Titanium,Both,3,5,48
92.57,Tiles,Both,5,5,10
2332.63,Tiles,Both,2,5,167
473.28,Hardwood,Indoor,8,9,36
776.65,Cement Rendering,Indoor,2,2,76
79.19,Tiles,Both,3,15,4
4792.75,Tiles,Indoor,2,11,138
381,Hardwood,Outdoor,2,13,18
156.55,Cement Rendering,Indoor,10,3,17
625.07,Hardwood,Indoor,2,15,24
179.63,Hardwood,Outdoor,3,5,21
2399.69,Hardwood,Indoor,2,6,182
895.87,Tiles,Indoor,5,5,68
4201.99,Cement Rendering,Outdoor,4,3,346
4555.06,Hardwood,Indoor,1,6,318
238.18,Hardwood,Indoor,1,6,19
3199.12,Hardwood,Indoor,7,12,178
155.06,Titanium,Outdoor,1,8,10
282.27,Tiles,Both,1,8,14
2288.16,Hardwood,Indoor,2,7,149
428.79,Tiles,Indoor,2,3,45
4114.62,Cement Rendering,Both,4,12,97
2385.2,Cement Rendering,Both,2,10,55
209.25,Cement Rendering,Indoor,6,4,14
69.47,Tiles,Outdoor,8,3,13
68.18,Hardwood,Outdoor,1,15,4
1699.92,Tiles,Indoor,10,15,64
51.7,Tiles,Indoor,1,12,3
135.34,Tiles,Indoor,5,13,6
1385.4,Titanium,Both,2,14,53
312.98,Cement Rendering,Indoor,4,12,7
613.87,Cement Rendering,Outdoor,3,1,142
474.21,Titanium,Both,6,12,27
56.26,Tiles,Outdoor,9,8,6
27.83,Hardwood,Indoor,1,9,3
1006.23,Tiles,Indoor,6,7,58
98.62,Cement Rendering,Indoor,4,16,3
3056.43,Hardwood,Outdoor,4,4,441
157.44,Titanium,Both,2,11,9
157.52,Titanium,Indoor,2,11,8
53.57,Hardwood,Indoor,4,4,9
4799.19,Tiles,Outdoor,5,6,328
3365.92,Hardwood,Both,3,11,183
605.22,Hardwood,Indoor,9,7,61
689.23,Tiles,Both,1,10,25
3106.37,Hardwood,Both,2,12,149
123.64,Tiles,Indoor,4,8,7
57.81,Tiles,Indoor,6,16,4
1910.79,Tiles,Indoor,4,5,134
429.4,Cement Rendering,Both,4,5,23
1605.52,Tiles,Indoor,5,12,55
70.95,Tiles,Both,8,10,6
446.01,Titanium,Indoor,3,15,16
88.52,Cement Rendering,Both,1,11,3
311.93,Tiles,Outdoor,2,4,28
181.33,Cement Rendering,Indoor,2,4,10
119.64,Titanium,Indoor,5,3,21
170.53,Tiles,Both,2,16,6
510.3,Tiles,Indoor,3,8,23
46.4,Tiles,Indoor,1,9,3
1025.02,Titanium,Outdoor,1,17,31
777.61,Tiles,Indoor,3,6,44
2391.21,Hardwood,Outdoor,7,11,157
38.45,Cement Rendering,Both,2,4,3
4180.61,Titanium,Outdoor,1,3,555
39.37,Cement Rendering,Both,5,8,2
795.78,Tiles,Indoor,8,8,45
803.02,Tiles,Outdoor,2,6,47
450.42,Tiles,Outdoor,3,15,14
952.26,Hardwood,Indoor,2,10,45
157.26,Cement Rendering,Indoor,2,11,4
204.3,Titanium,Both,3,9,13
3604.01,Cement Rendering,Outdoor,4,3,297
318.88,Cement Rendering,Outdoor,3,11,8
75.96,Cement Rendering,Indoor,2,4,5
177.99,Hardwood,Outdoor,8,10,15
533.78,Tiles,Indoor,8,7,35
365.79,Tiles,Indoor,7,15,14
1323.26,Tiles,Indoor,7,9,62
755.43,Tiles,Both,1,11,25
1269.56,Tiles,Indoor,7,14,44
104.13,Titanium,Outdoor,3,4,14
72.51,Tiles,Outdoor,2,16,4
4172.85,Tiles,Both,3,13,136
59.87,Cement Rendering,Indoor,7,9,3
130.6,Cement Rendering,Indoor,1,6,5
1682.05,Cement Rendering,Outdoor,5,6,74
543.49,Hardwood,Indoor,1,2,115
89.25,Tiles,Both,1,9,5
690.41,Cement Rendering,Outdoor,2,3,50
137.41,Tiles,Both,7,8,10
298.8,Tiles,Outdoor,6,17,11
447.32,Hardwood,Both,3,16,21
77.68,Tiles,Indoor,2,7,5
55.65,Tiles,Indoor,7,6,6
152.61,Cement Rendering,Outdoor,1,13,4
93.2,Cement Rendering,Indoor,4,1,22
92.12,Tiles,Outdoor,4,12,5
689.54,Hardwood,Indoor,5,19,27
