paint_area_m2,painting_location,number_of_coats,floors,labor_count,duration_days
264.73,Interior,2,3,10,4
134.38,Interior,2,2,2,8
1992.55,Interior,2,1,12,17
437.8,Interior,4,1,1,82
439.83,Interior,1,2,4,6
108.64,Exterior,4,1,1,25
95.58,Interior,1,1,3,2
708.93,Interior,2,3,6,13
344.96,Exterior,2,1,20,3
114.86,Both,1,4,14,2
92.2,Both,4,1,9,4
1893.21,Interior,2,3,10,21
571.36,Interior,4,1,6,19
1060.68,Interior,3,2,10,18
3823.26,Both,4,1,10,95
2106.85,Interior,2,1,3,65
4405.14,Exterior,2,2,15,40
334.91,Both,2,3,6,9
519.24,Interior,2,9,12,8
225.6,Both,1,2,5,4
1019.14,Exterior,2,1,14,10
4822.35,Both,3,3,8,129
535.15,Interior,2,1,7,8
254.95,Exterior,1,1,3,6
97.6,Exterior,2,1,15,2
384.41,Exterior,2,1,8,6
507.4,Exterior,3,8,4,34
2161.21,Interior,2,2,2,107
99.96,Both,2,4,6,4
547.78,Interior,1,3,4,8
368.35,Interior,1,1,18,2
2134.93,Interior,3,3,14,29
109.34,Both,3,2,6,6
145.36,Both,2,1,7,4
63.59,Both,2,6,10,2
591.04,Interior,3,2,12,10
423.49,Interior,2,2,6,8
174.23,Exterior,1,2,7,2
4702.28,Both,2,1,13,49
792.99,Exterior,1,4,1,54
2836.59,Interior,2,2,5,57
118.58,Exterior,4,2,1,29
134.72,Interior,1,3,8,2
138.37,Exterior,3,1,12,4
709.19,Exterior,2,1,1,77
1157.92,Interior,2,3,14,11
4373.94,Both,2,1,12,48
843.11,Exterior,2,6,12,12
207.47,Interior,4,4,4,14
214.11,Both,2,3,8,5
2443.74,Interior,3,1,20,23
55.52,Both,2,2,16,2
136.91,Exterior,2,2,9,3
1123.94,Interior,2,2,12,11
289.42,Exterior,2,1,13,4
617.12,Interior,3,2,4,25
746.64,Exterior,2,2,3,30
207.15,Exterior,2,2,10,3
745.75,Both,2,1,10,10
213.68,Both,3,1,1,41
246.79,Exterior,3,2,15,5
189.27,Exterior,2,3,1,24
1172.81,Both,3,2,6,40
690.98,Exterior,4,2,19,12
645.88,Exterior,3,2,14,11
663.73,Both,2,3,7,14
65.5,Interior,2,1,7,2
126.61,Interior,2,2,4,4
364.55,Interior,4,2,10,9
254.24,Interior,3,4,19,5
654.31,Both,4,2,4,45
117.23,Exterior,2,1,7,3
3835.77,Both,3,3,4,204
142.34,Interior,2,1,4,4
240.24,Interior,3,2,6,8
3375.55,Exterior,3,3,12,58
54.08,Interior,2,3,7,2
391.68,Interior,3,7,7,13
2771.14,Interior,2,3,19,20
2996.63,Exterior,3,1,8,62
1821.1,Interior,4,3,4,98
288.86,Exterior,1,2,9,3
4089.33,Both,3,2,8,102
755.87,Both,2,4,8,15
2212.41,Interior,4,1,10,42
435.68,Exterior,2,2,8,7
226.06,Exterior,2,1,11,3
131.29,Exterior,2,2,9,3
959.1,Interior,3,1,9,17
439.72,Both,3,1,8,12
74.13,Interior,2,2,12,2
197.72,Interior,3,3,6,7
1304.32,Interior,2,3,1,139
3883.84,Exterior,2,4,6,87
508.7,Interior,2,1,14,5
63.07,Exterior,3,3,5,4
2713.87,Interior,3,2,10,42
154.51,Exterior,2,4,18,2
284.07,Both,1,3,8,3
337.22,Interior,1,1,10,3
268.92,Interior,2,4,2,16
2139.52,Exterior,3,6,10,50
79.8,Interior,2,1,15,2
1768.08,Interior,2,3,8,24
522.09,Interior,1,2,3,10
95.78,Exterior,4,2,3,9
669.95,Interior,2,2,5,14
698.02,Both,2,2,1,92
1361.34,Exterior,2,6,15,17
67.61,Interior,2,3,11,2
548.88,Interior,2,1,14,5
1146.85,Exterior,4,2,6,46
176,Both,3,1,4,10
248.45,Both,2,1,14,3
3230.36,Exterior,2,2,9,42
461.59,Both,2,4,13,7
2252.65,Interior,3,1,3,104
1786.29,Exterior,4,2,8,54
549.34,Exterior,2,1,10,7
720.95,Interior,2,2,14,7
615.37,Both,4,2,5,34
3330.65,Interior,3,1,11,45
1497.55,Exterior,2,2,18,13
469.22,Interior,2,3,8,7
738.2,Exterior,2,2,3,29
4367.17,Interior,1,2,14,18
109.89,Interior,2,1,9,2
156.23,Exterior,3,1,4,8
383.22,Both,2,2,3,18
744.5,Exterior,2,2,3,30
3248.59,Both,3,2,4,161
982.2,Interior,2,1,6,16
4145.92,Interior,3,3,6,111
2067.05,Both,4,3,3,196
88.03,Interior,3,3,7,4
746.97,Exterior,2,2,7,13
109.02,Exterior,2,1,8,2
752.5,Both,2,4,8,15
1376.48,Interior,4,1,19,18
4511.66,Interior,3,1,9,70
662.21,Interior,2,2,7,10
591.13,Both,2,2,9,10
1314.42,Interior,2,6,4,43
96.96,Exterior,2,1,15,2
658.51,Interior,2,1,9,8
3200.07,Exterior,2,2,3,124
187.14,Exterior,4,1,7,8
4872.58,Both,1,1,6,50
116.7,Both,3,1,15,4
93.19,Both,2,1,11,2
246.81,Both,2,3,1,36
121.65,Both,3,1,2,13
1694.82,Exterior,2,3,6,36
372.63,Exterior,3,5,8,12
780.25,Interior,2,2,9,10
1554.61,Both,2,1,5,39
552.05,Interior,4,2,10,13
686.41,Interior,3,4,7,19
738.56,Interior,3,1,8,15
616.14,Interior,2,5,1,75
69.31,Exterior,3,2,10,3
618.84,Interior,4,6,6,28
4001.42,Interior,3,1,7,80
1395.84,Exterior,2,1,4,38
2456.75,Both,3,2,3,163
104.65,Both,4,1,2,15
471.03,Interior,3,1,7,11
500.05,Interior,2,1,15,4
60.52,Interior,3,3,4,4
493.68,Interior,3,1,8,10
576.63,Exterior,2,1,16,6
110.28,Interior,2,1,1,11
487.43,Interior,2,1,8,7
222.35,Interior,1,5,15,2
473.03,Exterior,2,2,17,5
1851.19,Both,4,1,12,42
470.85,Interior,4,3,2,52
176.64,Exterior,2,3,7,4
79.29,Interior,3,3,7,4
4070.24,Exterior,3,2,10,73
792.61,Interior,4,1,9,18
417.25,Interior,1,2,4,6
123.75,Interior,3,8,5,7
505.03,Exterior,3,4,10,12
427.52,Exterior,2,1,3,16
2711.74,Exterior,1,3,20,12
338.15,Interior,2,2,5,8
176.18,Interior,2,2,8,3
1916.5,Both,4,1,7,68
1328.08,Exterior,3,1,6,38
125.34,Both,3,3,15,4
184.09,Exterior,1,1,18,2
3716.19,Interior,2,1,11,33
547.33,Exterior,2,3,15,6
125.34,Interior,3,3,12,4
875.23,Interior,3,7,9,22
97.83,Both,3,5,5,7
3654.74,Interior,2,2,17,26
1036.14,Interior,3,4,6,31
1677.53,Interior,1,1,10,9
137.49,Both,2,2,1,19
468.65,Interior,2,1,3,15
4598.1,Exterior,3,1,4,186
327.2,Exterior,2,1,3,13
79.9,Both,3,2,12,3
59.55,Interior,3,2,4,4
260.02,Exterior,2,1,10,4
564.29,Interior,3,2,10,10
682.74,Exterior,1,4,4,12
3134.87,Interior,3,1,6,73
2050.08,Interior,1,2,12,10
1964.28,Both,2,1,4,61
90.32,Both,4,1,4,7
3858.03,Interior,3,1,6,90
1364.94,Interior,2,4,9,18
87.36,Exterior,2,3,1,12
935.1,Exterior,3,2,1,164
109.13,Interior,3,1,9,4
224.01,Interior,4,1,16,5
177.5,Interior,3,3,17,4
1953.07,Interior,2,1,8,23
562.42,Exterior,3,6,6,23
541.67,Interior,3,1,2,39
463.46,Exterior,2,1,10,6
233.3,Exterior,2,4,9,4
4526.47,Both,4,3,10,129
740.34,Both,3,5,8,24
317.63,Interior,2,3,5,8
507.61,Both,2,4,4,20
4297.46,Exterior,3,4,3,287
498.04,Exterior,2,4,15,6
243.25,Interior,4,1,2,24
82.39,Both,2,6,8,3
1226.78,Exterior,3,1,5,41
178.2,Exterior,3,1,10,5
234.79,Interior,4,1,15,5
92.16,Exterior,3,1,15,3
241.33,Exterior,3,3,1,47
337.79,Interior,2,1,3,11
2263.46,Both,2,1,8,35
74.5,Interior,2,1,15,2
779.51,Both,3,6,7,30
1647.55,Exterior,2,1,4,45
781.71,Interior,2,1,9,9
51.64,Interior,2,1,9,2
470.92,Exterior,2,2,5,12
552.87,Both,3,2,1,111
687.4,Interior,4,3,5,31
273.1,Interior,3,4,7,9
534.01,Interior,3,1,18,7
529.52,Exterior,2,2,6,11
620.92,Both,3,3,6,24
396.78,Exterior,4,2,1,94
344.61,Exterior,3,4,2,36
239.64,Interior,1,1,2,6
676.46,Both,4,3,2,97
558.93,Both,2,1,19,5
1382.61,Interior,3,3,8,29
356.55,Interior,3,1,18,5
1998.63,Exterior,2,2,8,30
164.7,Exterior,4,1,2,20
107.53,Exterior,2,2,4,4
215.59,Interior,3,1,5,8
60.15,Both,2,1,3,3
971.83,Both,1,2,14,6
734.48,Exterior,3,3,3,48
749.46,Interior,3,2,6,20
1098.44,Both,2,5,19,12
1117.54,Exterior,4,1,3,82
309.91,Both,2,9,9,8
1029.01,Exterior,2,4,4,35
645.51,Interior,2,1,7,9
221.23,Both,3,2,1,45
78.12,Interior,2,1,3,3
3255.56,Exterior,1,3,6,35
506.5,Interior,3,5,13,10
601.65,Both,2,1,19,6
199.55,Exterior,2,2,10,3
2203.7,Both,3,2,15,35
637.37,Interior,3,1,10,11
157.33,Interior,4,2,10,5
744.49,Interior,1,1,10,4
142.48,Both,3,1,12,4
275.86,Interior,1,9,11,3
3680.71,Interior,2,1,9,38
740.34,Interior,4,1,5,29
222.06,Interior,4,1,2,22
2085.75,Both,2,3,9,34
1221.52,Interior,2,6,6,27
182.04,Exterior,4,4,1,50
56.72,Exterior,3,1,9,3
547.33,Both,3,1,17,9
2043.85,Interior,3,3,3,110
2475.7,Exterior,2,1,10,27
2349.77,Exterior,2,2,19,19
1342.53,Interior,2,1,14,11
95.07,Both,2,2,4,4
3893.66,Interior,2,1,9,40
958.1,Exterior,2,1,10,11
64.56,Both,3,3,2,9
1366.71,Both,1,6,16,10
2082.61,Both,3,3,7,65
676.76,Interior,2,1,5,13
1592.74,Both,3,3,2,170
478.25,Exterior,2,1,5,11
480.25,Interior,2,1,14,5
768.96,Interior,3,2,9,15
653.29,Interior,2,2,5,14
4893.13,Exterior,3,1,11,76
1501.65,Both,2,3,5,43
284.19,Exterior,4,5,6,15
160.33,Interior,2,1,16,2
634.12,Interior,4,1,15,11
88.39,Exterior,3,1,8,4
3648.04,Interior,3,1,11,49
722.16,Both,1,1,6,8
636.86,Interior,3,2,1,96
2362.64,Interior,4,3,8,64
64.87,Both,4,2,3,8
91.43,Interior,3,4,13,3
98.09,Both,2,4,2,8
1972.14,Interior,3,1,2,136
1379.67,Both,4,1,11,34
681.17,Exterior,2,2,7,12
613.71,Interior,3,3,6,18
126,Both,2,1,6,4
111.65,Interior,2,1,4,4
532.33,Interior,1,2,8,4
821.97,Interior,3,3,7,21
344.1,Interior,2,1,6,6
105.19,Interior,3,1,14,3
358.36,Interior,2,6,5,10
724.35,Interior,2,4,10,9
114.13,Both,2,1,18,2
188.99,Exterior,3,1,9,5
762.7,Interior,4,1,11,15
3654.59,Exterior,2,1,9,44
327.41,Interior,2,1,9,4
248.14,Exterior,2,2,14,3
685.11,Interior,4,2,6,24
99.65,Exterior,2,2,9,2
3329.66,Both,2,1,5,82
628.53,Interior,2,2,10,7
249.54,Exterior,2,5,2,19
118.61,Both,2,1,4,5
110.05,Both,2,4,7,3
2059.09,Exterior,3,1,9,39
131.01,Interior,3,2,5,6
1564.83,Interior,1,1,1,72
689.93,Exterior,2,1,4,19
601.87,Exterior,3,2,4,28
697.74,Exterior,2,2,2,41
97.71,Interior,2,1,10,2
126.74,Interior,3,3,7,5
519.81,Interior,2,2,3,18
3712.04,Interior,2,2,9,41
479.18,Both,2,1,2,30
104.97,Exterior,2,2,9,2
313.15,Interior,3,4,6,11
1550.88,Interior,2,3,7,24
249.86,Interior,2,4,6,6
1203.57,Both,3,1,9,26
77.85,Interior,2,1,8,2
343.44,Both,2,2,20,4
4198.57,Interior,4,3,13,77
1016.58,Both,2,3,14,13
568.01,Interior,2,2,6,10
662.64,Exterior,4,2,10,17
204.83,Exterior,3,2,8,6
2152.86,Interior,4,4,8,63
1374.85,Exterior,3,2,1,240
175.24,Both,1,5,4,5
241.61,Interior,3,1,7,7
2290.33,Interior,2,1,7,31
175.12,Exterior,3,2,1,32
145.36,Interior,2,3,3,6
2479.88,Interior,2,1,6,39
123.51,Interior,2,4,12,2
162.66,Exterior,2,1,2,10
1847.71,Interior,2,4,1,209
461.83,Both,2,1,1,57
170.2,Exterior,2,6,3,9
171.39,Interior,2,2,12,3
312.9,Exterior,3,2,18,6
2830.83,Both,3,1,9,59
4426.15,Interior,1,1,1,202
3495.54,Interior,3,3,9,63
157.31,Exterior,2,1,7,3
2889.29,Interior,3,3,6,78
137.5,Both,2,1,11,3
585.25,Interior,3,3,2,48
1079.35,Both,2,3,7,23
662.63,Both,3,1,13,12
1263.1,Interior,3,2,4,49
281.44,Both,2,1,15,4
314.32,Exterior,1,4,1,22
461.26,Interior,4,4,9,14
99.65,Both,2,4,6,3
746.17,Interior,3,8,16,14
2272.39,Both,2,1,8,35
162.76,Interior,3,2,9,5
4439.94,Exterior,2,3,4,139
158.31,Exterior,3,1,4,8
2036.54,Interior,2,1,6,32
2856.79,Interior,1,1,14,11
1433.86,Both,1,1,4,23
163.56,Interior,4,1,3,12
1468.63,Both,2,2,2,97
204.03,Interior,2,2,1,21
780.58,Interior,2,1,2,36
1317.86,Exterior,3,1,12,21
99.64,Interior,2,3,2,6
130.88,Exterior,3,1,7,5
62.33,Both,2,1,6,2
393.09,Both,1,1,14,3
957.27,Both,3,1,11,18
164.78,Both,2,1,7,4
749.66,Interior,2,1,10,8
109.02,Interior,3,1,2,9
603.82,Both,2,9,6,21
4455.01,Interior,2,2,15,35
104.09,Interior,3,1,13,3
248.31,Exterior,3,10,16,7
98.23,Exterior,3,3,12,4
790.48,Interior,4,9,2,120
693.61,Exterior,4,1,10,17
560.15,Interior,4,4,8,18
57.59,Interior,3,1,8,3
1143.29,Interior,3,5,13,19
79.54,Exterior,2,1,8,2
3434.6,Both,2,1,2,209
4331.15,Interior,3,2,5,130
760.94,Both,2,2,3,34
1301.38,Interior,1,3,10,8
170.48,Both,4,1,9,7
199.07,Interior,4,1,11,5
1939.37,Exterior,2,1,1,208
683.07,Exterior,1,2,7,7
1638.75,Interior,2,1,10,16
628.25,Interior,1,4,3,13
70.95,Interior,4,1,1,15
247.06,Both,3,2,10,7
1067.92,Interior,2,1,10,11
106.3,Interior,1,2,12,1
50.76,Interior,3,2,6,3
84.17,Interior,1,4,4,2
742.29,Interior,3,1,9,13
495.73,Interior,2,1,1,46
189.29,Interior,3,4,10,5
62.2,Interior,2,7,9,2
380.37,Interior,2,4,5,10
2160.97,Exterior,3,1,12,33
2918.74,Interior,2,1,4,67
214.51,Interior,3,1,6,7
161.27,Exterior,4,2,11,6
1859.58,Exterior,2,2,5,44
780.69,Interior,2,3,15,7
2292.54,Interior,3,2,7,50
78.77,Exterior,3,1,13,3
278.06,Exterior,2,1,3,11
218.57,Both,3,8,3,23
3608.33,Both,2,2,7,68
752.47,Interior,2,2,6,13
338.28,Interior,2,1,15,3
88.55,Both,3,1,8,4
1266.49,Both,2,2,1,167
147.76,Interior,4,2,8,6
228.9,Exterior,3,1,7,7
2125.93,Interior,2,1,4,49
725.68,Both,3,2,2,73
255.65,Interior,3,1,18,4
457.69,Interior,2,2,10,5
307.17,Exterior,3,4,10,8
414.86,Interior,1,9,8,5
192.22,Both,2,1,11,3
2164.22,Exterior,3,3,9,47
3149.31,Interior,2,1,10,30
1384.04,Exterior,3,2,8,32
715.14,Both,4,1,2,89
2033.09,Exterior,4,6,11,59
94.67,Both,2,4,10,2
220.24,Exterior,4,2,11,7
357.8,Interior,3,2,7,10
90.06,Interior,3,5,8,4
1107.43,Interior,2,9,1,166
104.71,Both,2,3,6,3
136.74,Interior,2,2,5,4
124.62,Interior,2,4,1,15
387.6,Exterior,2,1,10,5
63.06,Interior,4,2,10,3
227.59,Both,2,5,7,6
231.38,Both,1,1,17,2
1802.89,Interior,2,3,3,64
1859.71,Exterior,1,1,11,10
479.81,Interior,2,2,1,48
182.33,Exterior,2,2,1,22
590.12,Interior,3,2,8,13
2454.33,Interior,2,1,7,33
514.88,Interior,1,1,5,6
332.88,Interior,2,3,3,13
501.76,Both,2,1,11,7
1413,Exterior,2,1,11,15
77.68,Exterior,2,4,18,2
958.92,Both,2,2,18,9
1973.14,Exterior,2,4,2,132
283.2,Both,2,2,10,5
350.51,Interior,2,1,7,6
518.98,Both,2,1,6,11
1952.8,Both,3,2,18,28
628.84,Exterior,2,3,9,10
215.29,Both,3,1,15,5
2248.33,Both,1,2,3,50
94.54,Exterior,2,1,10,2
721.27,Interior,2,2,6,13
270.67,Exterior,3,3,18,5
1756.4,Exterior,2,1,12,18
1365.02,Both,3,3,9,34
201.86,Interior,2,4,18,3
456.27,Interior,4,2,14,9
172.17,Interior,4,1,7,6
984.09,Interior,4,4,9,27
574.53,Exterior,4,1,10,14
4597.2,Exterior,2,5,5,131
213.05,Interior,3,2,4,10
585.34,Exterior,2,1,3,22
324.22,Interior,3,3,5,12
2010.47,Both,3,1,8,48
756.73,Interior,3,8,5,34
427.99,Interior,2,2,9,6
741.73,Exterior,4,2,1,173
79.07,Exterior,2,3,3,4
331.39,Interior,3,1,8,8
975.11,Both,3,4,10,24
531.5,Both,3,3,4,30
776.23,Both,2,2,3,35
223.77,Both,2,1,8,4
1729.7,Exterior,3,7,2,207
2687.1,Both,3,1,3,165
322.41,Exterior,2,1,7,6
235.73,Exterior,3,2,13,5
565.4,Interior,3,1,2,41
682.66,Interior,2,2,2,35
432.76,Interior,4,2,10,10
2467.95,Interior,3,2,15,30
1215.26,Interior,4,1,11,23
547.59,Interior,4,4,10,14
275.07,Both,2,2,12,4
4433.52,Exterior,3,1,7,104
1521.73,Interior,2,3,19,11
766.92,Exterior,2,2,1,90
85.6,Interior,1,4,14,1
596.99,Interior,1,3,10,4
199.19,Interior,3,1,8,5
1312.99,Interior,3,2,6,34
543.87,Interior,2,3,7,9
227.4,Both,4,2,16,6
555.73,Interior,1,2,6,6
199.66,Both,2,2,10,4
86.8,Exterior,2,1,10,2
2247.51,Both,4,2,8,76
388.63,Interior,3,7,7,13
173.9,Both,2,2,8,4
334.66,Exterior,3,7,3,28
94.31,Exterior,2,4,3,5
1587.38,Interior,2,2,5,32
106.12,Both,4,1,6,6
2316.69,Both,3,4,10,54
57.33,Interior,4,2,7,4
373.6,Both,3,1,10,9
122.77,Interior,2,7,17,2
1039.49,Interior,3,2,12,16
1622.47,Interior,2,2,3,54
183.72,Exterior,3,1,11,5
179.7,Interior,4,2,3,14
564.02,Interior,2,2,11,6
457.6,Both,2,1,14,5
2308.31,Interior,4,2,5,93
367.12,Interior,2,3,2,20
432.29,Interior,3,2,9,9
58.63,Exterior,2,2,5,2
83.27,Both,2,2,16,2
2037.83,Both,4,1,9,57
1090.79,Both,3,3,12,23
531.43,Interior,3,5,6,18
127.09,Interior,2,4,9,3
1829.76,Interior,4,2,15,30
315.52,Exterior,2,2,14,4
454.34,Interior,2,1,14,4
692.74,Both,3,2,8,19
378.65,Both,2,4,7,9
198.73,Interior,2,2,7,4
424.43,Interior,2,3,5,10
451.74,Interior,3,3,10,9
454.25,Exterior,2,1,4,13
2253.64,Exterior,3,2,7,58
151.67,Both,3,2,6,7
242.91,Interior,1,1,14,2
102.62,Interior,3,3,14,3
537.03,Exterior,3,6,14,12
361.74,Exterior,3,1,5,14
634.45,Exterior,3,1,7,17
105.19,Interior,3,2,1,17
917.58,Interior,2,4,13,10
213.1,Interior,4,2,6,9
131.43,Interior,1,1,15,1
4690.41,Both,3,3,20,64
384.56,Interior,3,3,11,8
392.54,Interior,3,1,8,9
444.85,Exterior,3,1,4,20
701.77,Interior,4,2,10,16
239.42,Exterior,4,2,2,30
1152.32,Interior,2,2,1,114
65.7,Both,2,1,11,2
1431.66,Interior,4,4,8,42
791.43,Both,2,1,6,17
483.32,Both,1,1,12,4
317.08,Exterior,2,1,9,5
429.66,Exterior,2,2,4,13
3358.4,Interior,2,2,13,29
1276.09,Interior,2,2,1,126
2167.14,Exterior,4,1,12,43
256.35,Interior,2,4,10,4
2135.28,Interior,3,2,7,47
212.76,Exterior,3,2,3,14
557.06,Both,2,2,10,8
165.18,Exterior,2,3,10,3
655.35,Both,2,1,7,12
1889.35,Both,2,2,6,42
118.73,Interior,3,3,9,4
138.98,Both,2,2,19,2
220.84,Interior,2,1,6,4
129.41,Interior,4,2,4,8
797.81,Interior,3,1,14,11
99.48,Interior,3,1,11,3
121.37,Both,4,2,13,5
325.18,Both,2,2,10,5
602.24,Exterior,4,2,1,141
451.82,Interior,2,1,12,5
143.84,Interior,4,6,6,8
2156.74,Exterior,3,2,5,77
388.19,Exterior,3,4,1,79
382.52,Both,4,4,8,16
543.04,Interior,2,1,1,50
590.13,Interior,3,1,1,82
2556.31,Both,2,1,6,53
80.14,Exterior,2,1,13,2
685.49,Interior,3,7,4,37
144.03,Interior,3,4,11,4
4286.99,Interior,4,1,17,57
674.28,Exterior,4,2,8,21
2897.37,Exterior,3,2,4,128
360.1,Both,4,1,4,24
83.47,Interior,2,3,1,10
630.22,Exterior,2,3,4,21
173.73,Both,4,2,2,25
2145.7,Interior,2,8,13,27
1546.38,Interior,3,1,1,213
491.19,Interior,3,1,3,24
143.68,Both,3,4,5,8
109.13,Interior,2,1,9,2
2301.1,Exterior,2,2,1,267
546.89,Interior,2,2,10,6
131.96,Interior,1,3,2,4
56.25,Interior,2,1,9,2
539.68,Exterior,2,1,6,11
234.21,Exterior,4,4,6,12
659.17,Both,3,3,5,30
58.13,Interior,2,6,16,2
96.2,Interior,2,3,7,2
557.42,Exterior,3,2,9,13
1084.41,Interior,2,1,5,21
444.43,Interior,4,1,9,11
1350.54,Interior,2,1,8,16
499.37,Both,1,1,1,31
796.38,Interior,2,1,11,8
2403.75,Both,4,2,10,65
57.55,Interior,2,1,7,2
110.06,Exterior,3,1,3,8
1094.76,Both,3,2,15,19
271.52,Both,2,3,13,4
213.43,Interior,4,4,5,12
1877.97,Exterior,1,2,5,23
150.48,Interior,1,3,9,2
1778.36,Interior,2,3,3,64
164.29,Interior,2,1,7,3
1618.09,Interior,2,2,10,17
64.33,Both,2,5,4,4
442.22,Interior,3,1,3,22
794.6,Interior,2,1,12,7
336.64,Exterior,1,3,5,5
2277.01,Both,1,3,4,41
433.2,Exterior,2,2,15,5
651.73,Interior,3,1,10,11
84.06,Interior,3,2,1,14
182.07,Exterior,4,1,3,15
1904.35,Interior,2,8,3,91
578.81,Interior,2,7,6,14
234.45,Interior,2,3,3,9
416.98,Both,4,1,3,36
2313.79,Both,1,2,2,77
128.57,Interior,3,2,7,5
565.52,Interior,2,2,7,9
77.72,Exterior,3,4,5,5
1531.68,Both,3,3,7,48
161.47,Both,2,1,11,3
2296.34,Interior,2,2,13,20
87.59,Interior,1,9,10,2
377.77,Interior,3,1,9,8
219.23,Exterior,3,1,9,6
88.65,Interior,3,1,4,5
184.27,Interior,2,1,19,2
1633.41,Interior,2,1,6,26
703.56,Exterior,2,6,10,12
731.8,Both,2,2,11,10
1218.48,Exterior,4,1,6,45
137.91,Both,3,1,3,10
280.95,Exterior,2,4,10,5
205.75,Both,3,1,9,6
140.74,Both,4,4,3,16
749.03,Both,3,1,4,36
297.83,Exterior,3,8,7,13
459.95,Both,4,2,7,19
78.92,Both,1,1,9,2
86.14,Both,4,1,11,4
720.62,Exterior,1,4,5,11
500.1,Interior,3,1,13,8
557.09,Both,1,1,6,7
56.49,Exterior,3,1,1,11
348.86,Exterior,3,3,10,8
141.07,Exterior,4,1,3,12
2194.63,Both,3,1,6,69
401.66,Exterior,2,3,6,9
788.66,Exterior,1,3,8,7
716.44,Interior,3,2,15,10
536.32,Exterior,2,1,8,8
2504.95,Interior,3,1,15,28
3535.69,Interior,3,2,2,262
390.68,Interior,2,2,11,5
438.41,Exterior,3,1,3,25
2367.95,Exterior,2,1,2,128
740.74,Exterior,2,3,6,16
1309.59,Exterior,2,2,3,51
2309.76,Interior,4,1,4,107
713.48,Exterior,2,2,13,8
1335.33,Interior,2,2,4,34
1315.17,Exterior,2,1,2,71
1554.97,Interior,2,2,4,39
1690.64,Both,2,4,15,21
323.86,Exterior,2,3,6,8
58.81,Both,4,1,11,3
612.78,Interior,3,1,13,9
107.31,Exterior,3,3,2,12
53.05,Exterior,2,1,8,2
238.66,Both,3,1,3,16
278.85,Interior,4,1,6,10
349.26,Exterior,3,4,10,9
433.45,Interior,3,4,4,20
302.01,Both,3,1,4,16
771.15,Interior,4,1,7,22
616.18,Both,4,2,4,42
145.73,Both,2,1,10,3
213.51,Both,2,2,15,3
575.2,Interior,2,1,6,10
212.78,Exterior,3,2,15,5
346.02,Exterior,3,3,11,8
505.14,Exterior,3,1,16,8
627.34,Exterior,3,1,6,19
213.41,Both,4,2,2,30
499.68,Interior,3,2,3,27
208.87,Exterior,4,6,8,10
3957.23,Exterior,2,4,11,51
552.34,Interior,3,4,8,14
1200.67,Exterior,2,1,9,15
366.96,Interior,2,2,13,4
1063.1,Both,3,1,1,195
226.98,Exterior,4,1,4,14
2319.2,Exterior,4,2,9,62
498.08,Interior,2,2,7,8
1258.46,Both,3,1,4,59
993.27,Exterior,3,1,8,22
293.95,Both,1,2,6,4
547.02,Exterior,3,5,6,21
532.45,Exterior,3,2,18,8
57.07,Both,3,3,6,4
568.4,Exterior,3,1,6,17
66.5,Exterior,4,1,3,7
101.39,Exterior,3,5,9,4
347.29,Both,2,1,6,8
66.88,Interior,4,1,9,3
1205.27,Interior,3,1,8,23
102.88,Both,1,2,9,2
2079.37,Exterior,2,3,7,38
489.67,Interior,3,1,5,15
273.52,Both,3,7,8,11
103.42,Interior,3,1,12,3
1801.24,Interior,2,3,5,39
51.7,Interior,2,2,8,2
106.66,Interior,1,1,12,1
4095.57,Exterior,2,4,5,110
1114.92,Interior,2,1,6,18
757.56,Interior,2,5,13,9
206.15,Interior,1,1,18,2
3162.4,Interior,2,5,7,55
310.53,Exterior,2,2,4,10
976.48,Interior,3,1,9,17
178.07,Both,3,1,9,6
533.95,Both,2,2,11,8
252.82,Both,3,2,8,8
110.57,Interior,4,2,8,5
141.93,Both,3,1,4,8
415.08,Interior,2,3,9,6
1038.76,Interior,3,2,6,27
1894.15,Exterior,4,4,16,39
61.21,Both,1,1,15,1
623.26,Both,2,2,11,9
1631.63,Interior,4,2,2,162
176.53,Both,3,1,10,5
213.49,Interior,3,2,2,18
696.53,Both,3,1,20,10
427.55,Both,2,1,1,53
78.25,Interior,3,2,10,3
69.99,Both,3,3,4,6
51.44,Both,3,2,4,5
364.18,Exterior,2,2,15,4
578.35,Exterior,3,1,13,10
50.91,Interior,2,2,3,3
2477.54,Exterior,2,2,1,287
209.32,Exterior,4,2,1,50
122.84,Interior,2,2,14,2
198.08,Both,2,3,6,6
97.06,Interior,3,2,8,4
72.03,Interior,2,2,2,5
167.02,Interior,2,1,7,3
325.89,Exterior,3,8,2,43
163.73,Interior,2,2,8,3
109.03,Interior,3,7,15,4
4637.66,Interior,4,2,20,59
505.06,Interior,2,4,4,15
740.61,Exterior,2,2,1,87
144.13,Both,1,2,6,3
383.04,Exterior,1,3,12,3
382.25,Both,1,3,4,8
2070.64,Interior,2,3,14,19
224.31,Exterior,3,1,9,6
1366.61,Interior,2,1,15,11
364.72,Exterior,3,1,15,7
4186.96,Both,2,1,8,64
606.85,Exterior,3,3,3,40
72.71,Exterior,4,2,17,3
2093.75,Interior,4,2,6,71
119.05,Exterior,2,1,10,2
1568.91,Interior,3,3,16,20
226.8,Interior,2,1,16,3
105.19,Exterior,2,4,6,3
243.91,Exterior,2,1,6,5
62.59,Both,2,6,9,2
611.01,Both,2,3,10,10
417.94,Interior,3,1,4,16
409.19,Both,2,1,20,4
2010.37,Interior,4,4,7,67
73.38,Both,3,2,7,4
270.04,Interior,2,1,7,5
317.7,Interior,4,3,13,8
244.03,Exterior,2,2,3,10
4385.65,Both,3,3,9,105
72.46,Exterior,1,3,1,5
712.64,Interior,1,1,10,4
679.92,Both,2,1,11,9
3486.66,Exterior,3,2,3,203
644.06,Interior,2,1,3,21
4685.88,Interior,3,2,19,47
211.13,Both,2,4,5,7
329.86,Interior,4,2,5,15
951.27,Interior,4,2,10,21
1033.64,Interior,2,2,3,35
1317.35,Exterior,2,1,3,48
178.11,Exterior,2,3,2,12
628.63,Interior,2,1,16,5
449.61,Exterior,2,1,6,9
653.39,Interior,2,2,4,17
1031.21,Interior,2,2,13,10
108.33,Exterior,1,1,6,2
342.76,Interior,2,4,13,4
628.9,Interior,3,4,5,23
205.76,Interior,4,1,5,9
87.68,Both,3,4,10,4
1994.15,Both,2,5,2,161
1615.7,Interior,2,4,15,15
783.59,Interior,2,3,2,42
1042.87,Interior,2,1,1,96
204.94,Both,1,1,15,2
508.53,Both,1,1,1,32
2364.25,Interior,4,1,6,74
199.24,Interior,3,1,15,4
164.05,Interior,3,1,2,13
2930.26,Both,1,3,15,17
1607.54,Exterior,2,3,3,67
3560.81,Exterior,2,3,4,111
77.18,Both,3,2,3,7
462.24,Exterior,3,3,12,10
410.53,Both,2,1,14,5
3419.24,Interior,3,3,10,56
297.67,Interior,2,2,2,16
245.04,Interior,3,9,4,16
1274.2,Exterior,3,1,14,18
617.01,Both,4,2,4,42
100.14,Exterior,3,1,1,18
1647.33,Interior,2,2,3,55
303.89,Interior,3,3,12,6
149.58,Exterior,2,4,6,4
2579.96,Interior,4,1,4,119
270.75,Interior,3,3,12,6
324.83,Exterior,2,1,10,4
565.14,Exterior,4,2,9,17
458.41,Exterior,3,1,5,17
217.39,Interior,3,1,13,5
486.05,Both,2,1,2,30
576.3,Both,1,1,1,36
271.52,Exterior,2,2,6,6
573.81,Both,2,1,9,9
185.02,Interior,2,3,5,5
243.89,Interior,3,8,5,12
103.03,Interior,3,4,6,5
1783.35,Exterior,2,2,9,24
209.13,Exterior,2,4,10,4
132.86,Interior,2,3,6,3
534.41,Interior,2,3,14,6
177.59,Both,4,5,11,7
450.99,Interior,2,3,4,13
723.24,Both,3,4,3,56
391.79,Exterior,2,1,2,22
1328.61,Exterior,4,2,12,29
77.29,Interior,3,3,1,14
3715.12,Interior,4,1,6,115
1492.5,Interior,3,1,12,20
164.19,Exterior,2,3,10,3
226.91,Interior,2,4,5,6
2170.12,Exterior,4,1,2,234
3599.25,Interior,3,2,6,90
134.76,Exterior,4,4,13,5
452.89,Interior,3,5,1,84
684.05,Interior,3,1,18,8
1965.24,Exterior,2,2,4,58
2360.56,Interior,4,3,2,251
1873.67,Both,3,2,1,370
2398.9,Exterior,2,4,6,54
1987.72,Exterior,2,2,13,20
266.02,Interior,3,2,12,5
90.02,Interior,3,1,2,8
1966.09,Both,2,2,8,33
168.6,Interior,2,1,9,3
2406.14,Both,2,6,15,32
748.86,Both,2,3,4,27
580.62,Interior,4,1,6,20
1540.33,Both,2,3,2,109
222.39,Both,2,2,2,16
797.37,Interior,3,2,7,19
245.23,Interior,2,1,9,3
143.78,Both,4,1,4,11
2051.64,Interior,1,1,2,48
445.51,Exterior,3,4,6,17
150.91,Interior,4,3,5,8
85.87,Interior,2,1,6,2
156.08,Interior,2,1,3,6
2374.68,Interior,4,2,13,42
490.24,Interior,3,2,20,7
1917.96,Both,1,1,1,117
340.79,Exterior,2,4,9,6
640.26,Exterior,2,4,11,9
90.75,Interior,3,3,15,3
1796.07,Exterior,4,2,9,48
1219.22,Exterior,1,1,1,66
575.1,Both,3,1,4,28
775.41,Exterior,1,7,9,8
196.31,Exterior,4,2,1,47
1281.74,Both,3,2,6,44
348.73,Both,4,1,12,10
471.92,Exterior,4,1,4,27
2366.97,Both,3,1,3,145
519.8,Both,2,2,9,9
1843.96,Interior,2,1,4,43
606.54,Exterior,4,2,6,25
137.47,Both,2,1,3,7
1689.73,Interior,1,1,1,78
477.75,Exterior,3,4,10,12
150.69,Interior,3,1,4,7
133.25,Exterior,2,3,14,2
396.53,Both,4,1,5,21
184.68,Interior,1,1,4,3
473.4,Exterior,3,3,5,20
620.92,Exterior,2,1,1,67
213.19,Exterior,2,1,7,4
490.25,Exterior,3,1,4,22
134.38,Interior,4,3,9,5
723.03,Exterior,2,2,11,9
70.53,Both,2,2,10,2
555.31,Interior,2,2,10,6
4762.78,Both,2,1,5,116
62.7,Both,2,2,8,2
490.49,Interior,3,2,10,9
231.81,Interior,3,4,7,8
2029.37,Interior,2,6,8,33
2159.78,Both,3,1,9,46
89.9,Exterior,2,2,18,2
161.37,Both,2,1,7,4
2320.68,Interior,1,2,6,20
518.01,Both,3,3,15,10
80.24,Exterior,2,3,9,2
2436.54,Both,4,3,6,116
872.31,Interior,3,4,12,15
2004.17,Both,2,4,3,101
77.55,Both,2,2,12,2
1605.75,Interior,2,1,9,17
616.08,Interior,3,2,4,25
475.71,Exterior,4,3,6,22
673.81,Exterior,2,1,4,19
2911.65,Interior,3,3,10,48
176.32,Exterior,3,2,4,10
1991.64,Both,3,1,3,123
1838.07,Interior,2,2,15,15
1908.81,Exterior,4,3,7,70
944.19,Exterior,2,3,15,10
3210.54,Interior,3,2,12,44
228.06,Exterior,2,4,4,9
2776.99,Interior,2,2,6,46
2400.34,Interior,3,1,2,166
2481.31,Exterior,4,2,10,59
109.84,Exterior,3,2,4,7
386.95,Interior,3,4,6,13
135.14,Interior,1,2,2,4
453.74,Exterior,3,2,8,12
600.42,Both,3,6,9,19
1046.24,Interior,3,1,10,16
92.53,Exterior,3,6,6,5
475.33,Interior,3,1,3,24
124.89,Interior,1,1,14,1
228.85,Both,2,4,6,7
288.09,Interior,2,1,8,4
1608.41,Exterior,3,3,9,35
1934.61,Interior,3,1,10,28
378.82,Interior,2,7,13,5
726.41,Exterior,3,3,10,16
604.51,Interior,4,2,15,11
663.06,Exterior,1,3,6,8
91.16,Both,3,2,5,6
471.59,Interior,4,1,9,12
155.58,Interior,1,8,8,2
101.11,Interior,2,2,5,3
2954.46,Exterior,2,1,3,106
238.32,Both,1,1,7,3
664.06,Interior,2,1,9,8
55.78,Exterior,4,1,10,3
386.23,Exterior,3,1,6,12
1651.23,Both,2,2,2,109
483.64,Both,2,1,10,7
244.42,Interior,4,2,9,7
4606.25,Interior,3,1,5,128
416.05,Interior,2,1,8,6
1159.23,Exterior,3,4,13,22
4269.68,Interior,3,1,5,118
232.8,Interior,4,2,1,48
477.83,Both,3,3,6,19
741.02,Both,2,1,19,7
1409.18,Interior,3,3,4,58
356.95,Interior,3,3,8,9
213.26,Exterior,3,1,18,4
148.57,Exterior,3,1,19,4
105.47,Exterior,2,1,10,2
286.88,Interior,1,1,7,3
2039.4,Interior,3,1,20,19
624.69,Both,1,2,6,8
1349.78,Both,2,1,9,19
667.7,Both,2,1,9,10
128.37,Interior,4,4,17,4
3560.13,Interior,2,1,1,325
136.39,Interior,3,6,12,4
97.67,Interior,1,1,11,1
1853.64,Both,3,2,1,366
1442.19,Both,3,3,4,78
172.15,Interior,2,1,4,5
589.9,Interior,4,3,9,16
687.55,Both,3,1,11,14
431.18,Interior,2,2,2,22
1015.04,Exterior,2,2,7,18
209.41,Interior,2,2,18,2
227.04,Both,2,1,3,10
3794.68,Exterior,2,1,15,32
1518.08,Interior,2,5,13,16
145.15,Exterior,2,3,15,2
4040.64,Interior,2,2,11,38
756.05,Exterior,3,2,4,35
2419.45,Interior,3,1,1,332
291.48,Interior,2,1,5,6
1412.49,Both,2,1,3,58
1378.35,Exterior,2,1,11,15
185.49,Interior,3,1,13,4
453.93,Interior,2,2,15,4
2293.38,Interior,2,5,12,26
632.2,Interior,2,2,15,6
720.09,Interior,2,1,8,9
2247.7,Both,4,1,4,138
1845.69,Interior,2,4,13,19
505.88,Interior,2,3,9,7
570.07,Exterior,3,2,2,51
379.68,Interior,2,1,3,13
66.95,Both,2,2,1,10
592,Interior,2,2,13,6
54.94,Interior,2,1,13,1
1672.23,Exterior,3,5,1,356
550.77,Interior,3,1,8,11
170.81,Interior,4,3,8,7
109.89,Both,3,2,10,4
821.2,Exterior,4,7,12,25
199.83,Exterior,2,3,14,3
67.18,Both,2,6,9,2
557.59,Interior,3,1,11,9
612.71,Interior,2,2,15,6
167.39,Exterior,1,1,18,2
689.73,Both,3,1,9,16
127.29,Exterior,2,7,8,4
70.86,Exterior,1,3,7,2
232.27,Interior,2,1,9,3
153.71,Interior,4,2,1,32
133.68,Exterior,2,5,2,10
213.58,Exterior,2,2,2,13
626.97,Interior,1,1,4,8
386.52,Interior,3,2,6,11
1290.16,Both,2,3,8,24
703.06,Both,2,1,9,10
751.05,Interior,3,1,12,11
1069.33,Both,2,3,2,76
1499.76,Both,2,1,15,15
1354.9,Exterior,2,2,6,27
621.92,Exterior,2,1,1,68
72.94,Both,2,3,6,3
181.4,Exterior,2,2,2,11
53.61,Interior,2,2,6,2
257.15,Interior,2,1,10,3
189.35,Both,3,2,6,8
420.27,Interior,1,3,12,3
381.96,Interior,2,9,2,29
285.68,Both,1,4,7,4
152.5,Both,2,2,10,3
485.91,Interior,2,1,3,16
92.55,Interior,3,1,6,4
93.71,Interior,3,8,5,6
2367.86,Exterior,2,1,4,64
784.83,Exterior,2,2,13,9
4166.26,Interior,1,5,10,26
378.6,Exterior,4,1,6,15
197.58,Both,3,1,8,6
125.15,Exterior,2,3,19,2
1359.44,Interior,3,3,9,26
409.36,Interior,3,1,5,13
233.54,Both,3,3,4,14
351.77,Exterior,1,2,16,2
328.7,Interior,1,2,12,2
65.63,Exterior,2,3,2,5
417.4,Exterior,4,1,14,9
244.51,Interior,2,2,9,4
2193.51,Both,1,1,13,12
334.89,Exterior,2,2,9,5
514.98,Interior,3,1,11,9
150.14,Exterior,2,5,13,3
419.99,Both,1,4,16,3
561.52,Interior,2,1,13,5
519.25,Exterior,3,3,12,11
56.9,Both,3,3,7,4
141.09,Exterior,2,2,17,2
204.19,Exterior,4,1,6,9
354.66,Interior,3,1,5,12
461.15,Interior,2,4,6,10
164.52,Both,3,1,4,9
254.52,Interior,2,1,14,3
610.33,Exterior,2,1,7,10
526.93,Interior,3,1,2,38
1127.01,Both,4,2,11,30
1083.25,Interior,2,1,5,21
147.04,Both,1,1,20,2
872.12,Interior,3,1,8,17
3683.61,Interior,2,1,13,29
2399.74,Exterior,2,1,8,33
806.24,Both,2,4,11,12
728.08,Interior,3,4,10,14
728.55,Exterior,3,1,8,17
122.04,Interior,3,1,10,4
656.82,Both,2,6,14,10
4642.89,Both,3,1,2,424
2289.72,Both,3,1,6,71
184.61,Exterior,4,1,6,9
547.83,Interior,2,6,6,13
643.96,Interior,4,5,12,16
1932.42,Both,3,3,14,35
188.36,Both,4,3,8,9
644.88,Exterior,2,2,9,9
1180.81,Interior,1,1,7,9
998.26,Interior,4,7,6,47
168.01,Interior,2,2,12,2
581.29,Interior,2,2,7,9
1305.3,Interior,3,1,1,180
420.58,Both,2,10,9,11
369.42,Interior,4,1,12,8
1158.83,Exterior,3,3,2,110
2036.84,Interior,3,5,1,369
436.24,Exterior,4,3,10,13
1280.74,Both,3,2,3,86
1787.07,Both,3,3,7,56
493.59,Exterior,4,1,12,11
816.52,Exterior,3,3,17,13
790.5,Exterior,2,1,9,10
60.49,Both,3,2,19,3
73.76,Interior,2,2,4,3
2484.99,Exterior,1,2,14,13
180.64,Interior,2,1,10,3
167.37,Both,2,3,5,6
146.84,Exterior,2,2,1,18
2265.9,Exterior,2,3,10,29
1701.62,Interior,3,2,11,26
1153.48,Exterior,2,4,6,26
690.48,Interior,2,1,5,14
200.61,Interior,2,1,17,2
769.93,Interior,2,6,8,13
495.26,Exterior,3,2,18,8
531.31,Exterior,3,1,2,45
216.53,Both,3,1,7,8
1518,Exterior,2,2,4,45
100.84,Interior,3,2,3,7
4242.31,Interior,2,3,15,35
214.31,Interior,3,1,17,4
74.92,Interior,2,1,8,2
2122.94,Interior,3,1,2,147
308.65,Both,2,3,4,12
119.78,Exterior,2,1,1,14
239.3,Interior,2,3,20,3
735.23,Interior,3,1,7,16
329.33,Exterior,2,5,8,7
1224.24,Exterior,3,1,19,15
402.43,Interior,4,4,13,10
298.73,Interior,3,4,6,10
2406.33,Interior,1,3,9,15
819.17,Both,3,6,4,54
798.88,Both,3,2,6,28
1994.7,Exterior,2,3,20,16
274.25,Interior,2,6,12,4
123.41,Interior,2,1,7,3
313.17,Both,2,2,11,5
146.62,Interior,1,2,8,2
2430.57,Exterior,4,6,14,61
51.18,Exterior,2,1,2,4
255.87,Interior,2,2,14,3
147.48,Interior,3,1,8,5
740.81,Exterior,2,9,9,15
120.75,Interior,2,4,2,8
76.74,Interior,2,1,9,2
4957.34,Interior,2,2,7,71
202.88,Both,2,5,14,4
241.54,Both,2,1,2,16
215.97,Interior,3,1,8,6
668.73,Interior,2,2,1,67
2490.24,Interior,3,1,6,59
1654.47,Interior,4,2,7,48
130.26,Interior,2,1,2,7
60.19,Interior,2,2,3,3
284.68,Interior,1,1,8,3
1220.6,Both,2,1,8,19
144.41,Both,2,1,13,2
72.31,Exterior,3,3,3,6
1414.99,Both,2,1,7,26
298.89,Interior,3,2,2,24
139.15,Interior,4,2,4,9
3005.8,Exterior,1,1,8,21
2091.14,Both,3,1,6,65
916.04,Interior,4,2,5,38
243.5,Interior,4,1,17,5
1476.34,Exterior,4,8,5,101
678.88,Interior,2,1,2,32
255.86,Both,2,2,8,5
94.07,Exterior,3,1,2,10
177.92,Both,2,1,11,3
387.71,Both,2,1,5,10
3312.08,Both,4,1,5,163
247.05,Exterior,1,1,8,3
244.32,Exterior,4,3,11,8
1970.11,Both,2,2,7,38
1175.87,Interior,3,4,12,20
651.67,Interior,2,2,9,8
222.47,Interior,2,3,6,5
227.05,Both,3,1,4,12
231.83,Both,2,2,6,6
458.45,Interior,3,3,6,14
204.02,Interior,4,2,11,6
2766.74,Exterior,2,3,4,87
2317.17,Both,2,2,5,62
595.49,Interior,3,1,5,18
1506.57,Interior,2,1,8,18
375.01,Both,2,4,11,6
794.93,Interior,4,1,3,50
234.66,Both,4,2,5,14
86.27,Interior,4,3,8,4
70.78,Both,3,6,11,4
2265.05,Both,3,1,4,105
2135.64,Exterior,1,2,18,9
114.61,Interior,3,1,9,4
478.26,Both,2,4,7,11
552.59,Exterior,2,2,1,65
482.59,Exterior,3,3,7,15
362.6,Both,2,2,1,48
119.87,Both,4,4,2,20
1738,Both,2,1,2,106
189.16,Interior,3,3,6,7
1927.01,Interior,3,4,3,111
99.01,Interior,3,2,14,3
2072.03,Exterior,2,2,1,240
81.18,Both,1,3,6,2
483.57,Both,2,3,5,15
640.43,Interior,2,8,7,14
1481.28,Interior,2,4,20,11
2188.33,Exterior,2,2,12,24
124.3,Interior,2,1,8,2
106.44,Exterior,1,2,13,2
90.35,Both,2,1,6,3
684.83,Interior,2,6,3,30
2429.9,Exterior,2,1,7,38
966.45,Interior,3,1,12,14
209.21,Exterior,4,1,4,13
175.19,Both,2,1,7,4
1074.62,Both,2,3,8,20
323.03,Interior,3,6,4,17
249.4,Exterior,4,2,16,6
1043.32,Both,2,7,11,19
500.69,Interior,2,1,8,7
85.84,Both,2,2,4,4
328.11,Interior,3,1,14,6
591.21,Exterior,2,2,8,10
625.53,Exterior,2,4,10,9
2643.59,Both,3,2,1,521
81.64,Interior,1,1,6,2
143.7,Exterior,3,1,1,25
2368.31,Both,2,1,5,58
636.56,Exterior,2,1,4,18
92.69,Exterior,4,3,3,10
2463.57,Interior,2,1,14,19
177.14,Interior,1,2,4,3
1692.6,Exterior,2,4,4,57
200.64,Interior,2,2,7,4
3592.52,Both,3,4,10,83
194.54,Exterior,2,3,13,3
229.3,Both,2,1,14,3
194.46,Both,4,4,10,8
93.72,Both,2,2,4,4
91.95,Interior,3,7,8,4
229.33,Exterior,4,3,9,8
444.1,Both,2,8,2,43
455.84,Exterior,2,2,4,14
636.45,Both,4,1,1,156
53.29,Both,2,3,10,2
138.82,Exterior,1,1,7,2
1738.15,Interior,4,7,9,54
701.41,Exterior,3,1,7,18
397.92,Exterior,2,5,12,6
231.81,Interior,1,3,15,2
1820.31,Interior,4,9,4,138
178.89,Both,3,2,4,11
2935.12,Both,2,2,2,193
597.66,Both,3,2,5,25
114.48,Interior,1,1,12,1
191.52,Both,1,1,7,3
4086.52,Both,2,3,2,288
385.64,Both,3,3,8,12
78.75,Interior,4,4,5,6
78.37,Interior,2,1,12,2
520.58,Interior,1,7,4,10
423.16,Both,3,1,2,40
597.54,Both,2,1,5,15
253.75,Exterior,2,1,10,4
152.35,Interior,4,1,3,11
66.69,Exterior,2,1,1,8
160.3,Interior,3,2,9,5
1225.91,Interior,3,3,16,16
671.78,Interior,3,7,9,17
661.15,Both,3,2,10,15
743.94,Both,2,4,18,9
412.12,Both,3,7,6,20
211.81,Interior,2,1,3,7
678.95,Interior,2,1,4,16
427.54,Interior,1,1,2,11
105.61,Exterior,4,4,4,9
489.93,Both,2,1,6,11
3553.67,Interior,2,1,10,33
53.57,Both,3,1,7,3
1485.38,Both,4,1,6,62
706.59,Interior,2,1,1,65
422.93,Exterior,2,3,6,10
2394.16,Interior,2,4,3,91
2031.51,Interior,1,3,15,9
4835.34,Both,2,3,3,228
115.87,Exterior,3,1,2,11
316.83,Interior,2,2,14,4
617.86,Exterior,2,2,8,10
196.17,Interior,2,1,5,5
1212.8,Exterior,4,3,4,77
52.63,Interior,3,1,2,6
2094.96,Exterior,2,6,7,46
980.52,Interior,4,1,10,20
679.23,Interior,2,1,5,13
331.86,Both,3,1,12,7
145.25,Exterior,2,1,8,3
333.69,Exterior,2,1,1,37
126.5,Both,2,1,3,6
522,Interior,3,2,17,7
229.01,Exterior,2,2,5,6
473.1,Interior,2,4,9,7
207.15,Interior,2,2,6,4
231.56,Exterior,3,4,7,9
63.89,Interior,4,1,4,5
262.43,Both,4,1,11,8
783.28,Exterior,2,1,1,85
794.74,Both,2,1,1,97
210.78,Interior,2,1,9,3
141.75,Both,2,1,10,3
399.2,Exterior,3,1,7,11
328.76,Exterior,2,3,18,4
67.85,Both,2,1,5,3
1564.31,Both,2,1,8,25
480.09,Both,2,1,8,8
1009.91,Both,3,3,1,215
3747.82,Exterior,2,1,20,26
340.27,Exterior,1,1,7,4
168.61,Interior,2,2,6,4
77.54,Both,3,2,20,3
67.2,Interior,4,1,6,4
56.43,Both,2,3,9,2
2746.25,Interior,2,1,8,32
1037.46,Both,2,2,3,46
163.33,Exterior,2,1,14,2
155.31,Exterior,2,3,8,3
481.86,Interior,1,2,19,3
78.12,Both,3,2,10,4
561.5,Interior,3,1,6,15
669.88,Exterior,3,1,1,109
69.48,Interior,2,1,5,2
656.91,Interior,2,1,9,8
229.01,Exterior,2,2,6,5
1860.61,Interior,1,1,15,8
90.86,Exterior,3,2,1,18
146.74,Interior,2,4,5,4
722.76,Exterior,2,2,2,43
198.33,Exterior,2,1,10,3
617.57,Interior,3,1,9,11
106.68,Interior,2,2,5,3
749.55,Interior,2,4,6,15
3395.01,Both,2,1,9,47
346.8,Interior,3,2,7,9
202.52,Interior,2,5,9,4
4015,Interior,3,2,8,76
114.82,Both,2,2,6,4
196.58,Interior,3,2,8,6
2468.28,Both,3,1,12,42
1453.56,Both,4,1,1,354
924.83,Both,3,4,13,20
139.9,Interior,3,2,4,7
408.06,Interior,2,4,12,5
54.85,Both,1,1,1,4
475.01,Exterior,1,1,10,4
707.99,Exterior,2,1,10,9
2162.91,Interior,3,4,7,54
1307.69,Interior,2,2,2,65
1293.53,Both,2,1,12,15
2687.87,Exterior,4,6,9,91
550.72,Both,3,6,16,12
134.28,Interior,4,1,3,10
1928.01,Both,2,1,15,19
2101.71,Interior,4,6,10,55
2308.89,Exterior,2,3,4,73
608.03,Interior,2,4,16,6
2566.86,Both,2,2,6,57
279.63,Both,3,2,7,10
73.6,Exterior,4,1,1,18
68.4,Interior,2,3,15,2
795.03,Interior,3,4,2,69
406.15,Interior,3,4,17,7
513.81,Interior,1,1,9,4
2183.01,Both,4,2,3,193
1298.27,Exterior,2,1,10,15
119.33,Interior,4,2,2,14
1686.17,Interior,3,1,7,35
97.02,Interior,3,7,1,22
167.65,Interior,4,1,14,4
724.66,Interior,1,1,4,9
613.56,Interior,3,6,13,12
2342.76,Both,3,3,5,101
485.72,Exterior,3,1,4,21
4831.25,Interior,4,2,10,97
1242.91,Both,2,9,1,248
186.52,Interior,4,3,5,10
588.94,Interior,3,3,15,9
111.38,Exterior,3,4,6,6
507.08,Both,2,4,1,77
294.67,Both,3,7,8,12
1270.17,Both,2,2,5,34
378.74,Exterior,2,2,8,6
193.47,Interior,3,1,3,11
275.56,Interior,2,2,1,28
115.16,Interior,3,2,8,4
115.31,Both,2,2,9,3
3235.86,Interior,2,1,5,60
171.81,Both,2,3,10,3
2397.96,Interior,3,3,1,381
4896.6,Both,3,10,9,172
317.56,Both,3,2,10,8
398.78,Both,2,1,3,17
112.96,Both,3,2,19,3
444.24,Exterior,4,3,9,14
1191.37,Both,4,5,4,97
616.58,Exterior,3,1,4,27
790.8,Exterior,3,3,14,14
74.16,Interior,3,6,7,4
2217.73,Interior,2,1,10,21
2337.34,Interior,2,2,6,39
214.94,Interior,3,1,6,7
1404.07,Interior,2,2,13,13
1990.49,Exterior,3,2,15,29
229.12,Exterior,2,2,9,4
194.51,Interior,3,1,6,6
743.62,Exterior,3,2,3,45
2421.02,Interior,4,4,9,63
566.75,Exterior,1,1,3,11
373.77,Interior,4,1,6,13
1933.27,Interior,2,4,11,22
272.82,Both,2,1,6,7
405.73,Both,2,2,4,14
71.92,Exterior,3,2,8,4
77.36,Interior,3,7,12,3
1356.77,Exterior,2,2,6,27
1335.86,Both,2,6,13,20
161.63,Both,3,6,7,8
125.24,Both,3,1,2,13
1281.14,Interior,4,7,12,33
63.45,Exterior,2,1,8,2
597.43,Interior,2,2,18,5
2287.69,Exterior,2,2,10,27
304,Interior,4,3,4,18
182.48,Interior,2,1,4,5
2115.49,Exterior,3,2,7,54
103.58,Interior,4,2,8,5
113.52,Interior,2,1,13,2
371.2,Exterior,1,2,2,12
678.97,Interior,4,2,5,29
194.45,Both,1,3,15,2
59.84,Interior,2,9,14,2
1190.64,Both,4,1,2,146
2591.15,Interior,4,1,9,54
106.62,Interior,3,3,1,19
1442.98,Interior,3,4,11,25
194.42,Both,2,1,15,3
963.35,Exterior,2,4,13,12
659.17,Interior,2,1,20,5
410.89,Interior,4,2,10,10
460.94,Both,3,7,11,14
568.26,Interior,3,2,6,16
433.51,Both,4,1,4,28
297.05,Interior,3,2,12,6
148.68,Interior,3,4,5,7
729.41,Interior,2,2,9,9
180.4,Interior,3,2,11,5
1524.27,Interior,2,1,6,24
137.52,Both,1,2,5,3
662.2,Exterior,2,1,8,10
2296.5,Interior,2,4,7,38
154.65,Interior,3,3,8,5
366.63,Interior,3,10,12,10
706.35,Interior,2,1,1,65
87.53,Exterior,2,1,4,3
287.66,Exterior,4,1,2,33
214.15,Both,3,1,9,6
3903.22,Exterior,2,2,2,226
102.59,Interior,3,2,13,3
719.52,Exterior,4,3,9,22
50.53,Interior,2,5,7,2
224.92,Interior,4,1,9,7
509.96,Interior,3,1,9,10
1404.13,Both,2,1,7,25
4863.78,Both,3,4,9,124
388.55,Interior,4,3,3,29
2110.5,Interior,2,2,12,20
349.27,Exterior,1,2,6,4
431.32,Both,4,2,3,40
104.99,Exterior,1,3,1,8
4558.49,Both,4,10,9,213
199.99,Exterior,2,1,10,3
1061.27,Exterior,4,1,6,40
177.5,Interior,1,2,17,2
655.86,Interior,3,4,12,12
1798.05,Both,2,6,6,52
215.01,Exterior,3,1,8,6
629.11,Interior,3,4,13,11
120.14,Interior,3,3,9,4
233.6,Interior,1,1,6,3
2141.06,Interior,2,1,7,29
186.18,Both,4,3,8,9
191.18,Interior,2,1,2,10
89.84,Both,2,2,3,5
442.52,Exterior,2,2,11,6
3963.47,Interior,3,9,8,113
189.93,Exterior,3,3,2,20
143.54,Interior,2,3,2,9
428.32,Exterior,3,5,1,93
728.26,Interior,2,1,6,12
121.6,Interior,2,3,10,2
567.2,Interior,2,4,3,22
515.92,Interior,1,5,5,7
135.18,Interior,3,2,2,12
2307.33,Both,4,1,17,41
116.63,Both,4,1,13,4
341.77,Interior,2,4,1,40
221.55,Interior,3,1,8,6
81.87,Interior,2,1,4,3
707.41,Exterior,3,1,2,59
430.58,Interior,3,4,10,9
147.66,Exterior,3,1,7,5
437.58,Both,3,3,12,10
87.59,Interior,2,1,9,2
112.22,Exterior,2,1,17,2
186.47,Both,2,1,6,5
473.06,Both,2,1,9,7
180.76,Exterior,2,1,6,4
691.53,Exterior,2,2,5,17
2780.07,Interior,2,3,11,29
117.42,Both,3,1,14,4
506.15,Interior,4,2,5,22
389.53,Interior,2,4,7,7
133.41,Interior,2,1,1,13
468.52,Interior,2,1,4,12
401.81,Both,3,1,15,8
273.31,Interior,1,2,6,3
789.17,Interior,4,3,6,30
199.35,Exterior,3,1,11,5
1770.95,Both,3,2,11,35
510.63,Both,2,3,13,7
276.11,Interior,2,1,2,14
132.86,Interior,2,2,18,2
94.96,Exterior,2,2,10,2
1799.87,Exterior,2,1,11,19
113.93,Both,2,4,10,3
620.47,Interior,1,4,19,3
440.57,Interior,4,1,3,29
507.59,Interior,3,2,9,10
2559.5,Both,3,2,5,103
171.42,Both,1,1,20,2
222.98,Both,4,8,8,13
1511.49,Exterior,2,1,3,55
543.35,Interior,2,3,4,15
224.67,Interior,1,4,12,2
304.98,Exterior,2,2,1,36
327.08,Exterior,4,2,6,15
99.99,Exterior,2,1,10,2
1912.34,Exterior,4,4,3,171
1207.6,Exterior,3,1,1,196
1152.71,Exterior,2,2,17,10
3751.04,Interior,3,1,12,48
194.41,Interior,3,3,10,5
4655.56,Interior,2,1,6,72
1832.25,Both,3,2,11,36
129.68,Both,3,1,10,4
492.59,Both,2,4,15,7
990.92,Interior,2,1,14,8
69.43,Exterior,1,4,7,2
1382.81,Exterior,2,2,3,54
668.97,Interior,2,1,8,9
1322.02,Exterior,3,1,8,29
211.04,Interior,3,4,2,20
92.33,Interior,3,1,10,3
590.53,Interior,2,1,13,6
458.51,Both,3,4,9,13
825.18,Both,2,1,3,34
651.09,Interior,2,2,6,12
2237.92,Both,2,1,1,272
305.26,Interior,1,2,10,2
2449.77,Interior,3,1,2,169
608.29,Interior,3,2,5,20
105.5,Exterior,3,5,12,4
284.41,Interior,3,2,10,6
887.79,Both,1,2,9,7
158.47,Interior,2,2,6,4
1553.05,Exterior,3,2,11,27
131.43,Interior,3,1,8,4
3249.79,Both,2,1,8,50
312.2,Both,2,1,15,4
340.56,Interior,2,1,14,3
187.39,Both,2,1,3,9
426.69,Exterior,2,1,10,6
428.75,Interior,2,1,2,20
153.29,Exterior,3,2,7,6
3680.48,Both,2,1,3,150
1336.77,Interior,3,3,4,55
131.76,Exterior,2,2,2,9
193.33,Interior,2,1,13,2
656.72,Both,3,2,1,131
115.1,Exterior,3,2,16,3
1463.72,Both,3,1,20,19
306.69,Exterior,2,1,11,4
734.59,Interior,4,3,12,16
566.17,Exterior,2,1,8,9
699.7,Exterior,2,3,13,8
3403.71,Both,3,1,2,311
433.82,Exterior,3,1,6,14
178.45,Interior,3,3,11,5
1671.33,Interior,2,1,8,20
1636.92,Exterior,3,3,10,32
1704.46,Both,3,1,15,26
355.8,Interior,3,4,7,11
291.09,Exterior,2,2,9,5
1483.09,Interior,3,1,3,69
393.11,Interior,3,1,7,10
1776.97,Interior,4,4,2,202
86.32,Interior,3,4,15,3
63.85,Both,4,3,2,11
399.82,Both,2,1,4,13
239.6,Interior,4,4,1,56
470.15,Interior,2,4,2,27
568.49,Exterior,2,1,15,6
797.45,Interior,2,1,9,9
72.4,Exterior,1,4,6,2
770.21,Both,2,4,1,117
695.78,Both,1,7,8,9
219.48,Interior,1,2,4,4
904.95,Both,4,3,9,30
1513.29,Interior,2,1,12,13
758.8,Both,1,1,8,7
1251.54,Interior,3,1,11,18
1046.24,Interior,2,3,7,17
52.99,Both,1,9,4,2
478.88,Both,2,4,11,8
143.9,Both,2,3,10,3
303.92,Exterior,3,2,5,13
238.46,Interior,1,1,10,2
95.24,Interior,3,1,20,3
567.86,Both,3,1,7,17
764.11,Interior,4,1,2,71
2536.79,Exterior,3,1,6,70
516.63,Interior,3,4,9,12
3633.53,Interior,2,3,10,39
1374,Both,2,4,10,22
303.98,Both,3,1,14,6
780.65,Interior,2,2,5,16
1015.58,Interior,2,2,15,9
214.01,Both,2,1,6,5
198.92,Exterior,3,2,6,8
1417.15,Interior,4,2,6,48
599.56,Both,2,6,10,11
4024.55,Both,2,7,13,62
537.44,Interior,2,1,8,7
100.27,Exterior,2,5,6,3
132.08,Interior,3,3,12,4
338.53,Interior,3,1,7,9
3191.27,Both,2,3,12,41
78.48,Interior,2,2,10,2
175.71,Exterior,3,1,5,8
289.65,Both,4,1,1,72
740.22,Interior,2,2,14,7
1182.65,Interior,4,2,8,31
219.99,Exterior,3,2,1,40
1277.07,Exterior,2,1,9,16
388.94,Interior,1,3,10,3
575.51,Exterior,2,3,10,8
561.53,Exterior,4,3,1,141
686.69,Both,3,1,13,13
640.41,Exterior,3,3,4,32
1775.11,Exterior,4,4,9,54
265.08,Exterior,1,6,4,6
2039.67,Both,2,4,2,154
206.74,Interior,3,2,12,5
204.16,Exterior,2,2,2,13
2256.44,Interior,3,3,12,34
111.17,Both,1,2,7,2
1144.45,Both,2,1,8,18
2430.86,Interior,2,2,15,19
161.98,Interior,3,1,5,6
1927.76,Both,2,1,7,34
977.06,Both,3,4,5,46
3310.27,Interior,3,1,3,152
94.89,Exterior,2,4,7,3
109.36,Both,4,2,10,5
562.88,Interior,3,2,9,11
2001.76,Both,3,1,7,54
121.41,Both,2,4,17,2
1784.65,Interior,4,9,10,55
211.45,Exterior,3,3,10,6
1181.51,Interior,3,2,10,19
774.29,Interior,3,2,3,40
638.76,Interior,2,7,3,30
4319.67,Exterior,2,3,14,44
140.42,Exterior,3,1,10,4
2861.44,Exterior,3,1,5,94
200.89,Exterior,3,1,4,10
2045.61,Interior,3,3,2,164
235.77,Exterior,2,1,9,4
1448.81,Exterior,3,1,2,118
2294.53,Exterior,2,2,1,266
200.36,Exterior,1,2,16,2
303.42,Interior,4,1,3,20
231.03,Exterior,4,7,5,17
544.83,Both,1,3,3,14
740.4,Exterior,4,1,4,42
57.75,Exterior,4,6,13,3
2770.33,Exterior,3,1,2,224
798.54,Both,4,5,9,30
2404.87,Exterior,1,1,4,33
130.86,Interior,4,5,15,4
153.97,Exterior,2,2,10,3
666.55,Exterior,2,1,13,7
3566.37,Interior,1,1,5,33
464.46,Exterior,3,1,6,14
273.86,Both,2,2,15,4
112.73,Interior,1,7,8,2
2632.04,Both,4,3,7,108
624.94,Interior,2,2,2,32
924.96,Interior,2,2,4,24
187.88,Both,1,1,13,2
4967.73,Both,2,4,2,374
592.35,Interior,4,3,8,18
225.74,Exterior,2,3,9,4
713.61,Interior,3,1,4,26
203.43,Interior,3,1,2,16
1631.02,Interior,2,6,4,53
107.29,Both,2,3,7,3
3887.32,Exterior,2,10,6,120
57.61,Interior,1,3,4,2
491.52,Interior,3,1,12,8
2032.62,Interior,1,1,13,9
1395.85,Interior,3,1,3,65
374.65,Exterior,2,3,4,13
99.16,Exterior,3,1,16,3
63.03,Exterior,1,3,8,1
329.77,Interior,2,1,9,4
1004.27,Interior,3,2,4,39
4112.33,Interior,3,2,9,69
440.49,Both,2,5,5,15
1181.3,Interior,3,7,8,32
1426.36,Interior,3,1,10,21
2478.74,Interior,3,1,9,40
499.32,Both,2,1,7,10
1150.85,Interior,2,1,15,9
505.39,Both,3,1,4,25
71.73,Exterior,2,4,15,2
360.48,Interior,4,3,14,8
138.6,Exterior,2,3,5,4
1890.46,Exterior,3,1,2,154
1022.81,Both,2,6,6,30
683.04,Interior,1,4,1,39
230.36,Interior,2,1,13,3
424.21,Both,2,1,3,18
162.38,Both,2,2,10,3
559.35,Exterior,3,1,12,10
4160.01,Interior,2,3,4,111
512.81,Both,3,9,9,19
350.83,Both,4,6,8,17
4716.34,Interior,2,1,7,62
237.01,Both,2,2,1,32
790.98,Exterior,3,2,18,11
1127.25,Interior,2,5,7,20
97.76,Interior,2,2,4,3
433.77,Interior,4,5,5,23
126.13,Both,2,1,9,3
210.63,Both,3,2,3,16
1739.5,Exterior,2,5,11,24
2352.77,Both,4,1,1,572
85.42,Interior,3,1,1,14
52.69,Both,4,2,4,5
432.66,Exterior,3,1,1,71
193.65,Interior,2,3,1,21
594.37,Interior,3,3,7,15
652.63,Exterior,4,2,6,27
89.54,Interior,2,8,6,3
219.72,Both,2,1,13,3
529.15,Interior,2,4,10,7
228.11,Exterior,2,1,4,7
196.58,Exterior,3,1,14,5
198.85,Interior,3,5,10,6
287.17,Interior,3,2,9,7
415.84,Exterior,2,3,2,27
120.58,Exterior,2,5,14,2
744.6,Exterior,2,3,6,16
2140.26,Interior,4,1,9,45
1925.35,Interior,3,1,4,68
399.72,Interior,2,1,15,4
87.99,Exterior,2,2,14,2
2650.34,Both,1,1,8,21
153.75,Exterior,2,2,17,2
112.12,Exterior,3,2,8,4
2172.3,Both,2,8,4,104
386.11,Both,3,5,14,9
1743.94,Exterior,2,1,3,63
1773.3,Both,3,2,12,33
508.89,Interior,2,1,15,5
155.85,Exterior,4,6,6,10
677.81,Both,2,1,11,9
373.61,Interior,2,2,8,6
3712.26,Interior,4,1,12,62
3994.37,Interior,3,3,5,128
208.14,Interior,3,1,2,16
55.76,Exterior,2,1,12,2
460.73,Interior,2,1,14,4
191.26,Exterior,2,1,16,3
115.31,Exterior,2,4,6,4
605.83,Interior,2,4,3,24
201.3,Interior,2,3,9,3
63.58,Interior,2,6,3,4
3346.06,Interior,3,2,10,51
684.56,Exterior,2,1,2,38
232.28,Interior,2,2,6,5
633.81,Exterior,1,3,12,5
428.3,Both,3,1,14,8
192.95,Interior,1,1,2,5
254.93,Exterior,3,1,12,6
334.59,Interior,3,2,3,18
338.76,Interior,3,1,3,17
608.1,Exterior,2,7,9,12
72.54,Interior,2,6,5,3
1308.34,Exterior,2,2,4,39
175.22,Exterior,4,1,8,7
215.92,Both,2,6,8,6
465.52,Both,4,2,7,19
71.45,Interior,1,1,3,2
3259.31,Interior,3,1,2,224
784.05,Exterior,2,1,8,11
2327.59,Interior,2,6,12,27
177.34,Both,3,4,12,6
67.22,Interior,4,2,8,4
162.65,Interior,3,1,9,4
149.48,Both,2,8,6,6
777.73,Both,3,3,3,57
104.39,Both,2,2,1,15
2220.33,Interior,4,2,1,438
67.68,Interior,3,2,8,3
1719.76,Interior,3,2,8,34
441.74,Interior,3,3,10,9
778.8,Interior,2,1,14,7
547.03,Exterior,4,1,12,12
547.58,Both,2,3,2,39
1474.4,Both,4,9,10,61
50.81,Both,3,1,3,5
429.69,Both,2,6,9,9
120.23,Interior,3,1,9,4
188.79,Both,3,4,16,5
753.8,Exterior,2,3,2,48
304.03,Both,1,1,2,10
1957.14,Interior,2,1,14,15
169.51,Interior,2,1,9,3
576.74,Exterior,4,2,8,19
2264.14,Interior,2,1,10,22
2413.56,Exterior,4,1,16,40
549.51,Interior,3,3,14,9
436.22,Exterior,2,1,9,6
132.12,Interior,2,4,15,2
526.64,Exterior,3,1,11,10
73.53,Exterior,2,2,11,2
116.28,Interior,2,4,4,4
127.46,Exterior,3,1,8,5
118.01,Exterior,3,1,6,5
77.84,Exterior,4,2,8,4
1531.52,Exterior,4,1,9,38
404.12,Exterior,2,1,3,15
529.41,Interior,4,1,1,98
615.89,Interior,4,1,1,114
4141,Exterior,2,1,3,149
190.29,Interior,1,3,3,4
255.86,Both,2,5,12,5
144.95,Exterior,1,1,10,2
921.49,Exterior,4,1,14,18
793.06,Exterior,2,3,13,9
4570.11,Interior,3,1,4,158
184.33,Both,2,2,12,3
772.21,Exterior,2,4,7,16
408.91,Both,2,1,1,51
2121.2,Both,1,1,3,44
157.06,Interior,2,6,9,3
2227.32,Exterior,3,3,10,43
117.42,Exterior,4,2,6,7
103.64,Interior,2,2,3,4
1762.66,Interior,2,4,9,23
169.55,Exterior,2,2,13,3
187.2,Exterior,3,1,10,5
194.92,Both,3,1,13,5
179.5,Exterior,2,2,5,5
438.43,Interior,1,1,10,3
2509.16,Interior,4,5,10,62
403.12,Exterior,2,1,9,6
512.53,Interior,2,1,6,9
64.06,Interior,2,1,4,2
228.26,Exterior,1,1,8,3
98.14,Interior,3,3,13,3
1058.74,Exterior,2,1,14,10
173.26,Both,1,3,18,2
1012.63,Interior,2,1,7,14
1275.82,Interior,3,2,14,17
378.47,Both,2,2,4,13
2076.43,Interior,3,1,9,33
1691.17,Interior,2,2,15,14
78.9,Interior,3,3,4,5
112.84,Interior,2,1,5,3
2433.15,Exterior,3,2,1,424
440.51,Interior,2,3,11,5
442.18,Interior,4,1,2,42
1896.87,Exterior,3,4,18,27
95.72,Exterior,2,2,8,2
236.4,Exterior,2,4,2,17
112.32,Exterior,2,1,2,7
144.05,Interior,2,1,20,2
915.48,Interior,3,1,4,33
453.54,Interior,2,1,13,4
2103.03,Exterior,1,2,2,62
143.81,Both,2,2,8,3
500.76,Exterior,3,1,6,15
125.49,Interior,2,3,9,2
649.7,Both,2,2,10,10
710.86,Interior,2,6,4,24
57.28,Interior,4,4,4,5
415.44,Interior,2,3,2,23
575.15,Both,2,3,7,13
95.41,Interior,2,2,7,2
479.27,Interior,4,4,13,11
443.45,Both,4,4,3,46
532.4,Exterior,4,4,8,20
112.07,Exterior,1,1,10,2
54.94,Interior,2,1,10,1
592.35,Interior,1,2,4,8
1537.36,Exterior,3,2,10,29
243.63,Both,2,3,8,5
202.42,Interior,3,1,1,30
240.71,Interior,3,2,12,5
562.93,Both,2,9,1,113
146.53,Interior,2,8,14,3
183.88,Both,2,3,9,4
3145.95,Exterior,4,4,3,280
617.6,Both,3,3,12,14
54.45,Exterior,2,2,9,2
168.34,Both,2,4,7,5
1223.61,Both,4,3,9,40
1513.38,Interior,1,1,6,12
2374.49,Interior,2,2,6,40
124.08,Interior,2,10,14,3
473.52,Both,2,2,2,32
576.8,Both,2,1,7,11
521.46,Interior,4,4,6,22
85.51,Interior,4,1,8,4
299.05,Interior,2,1,16,3
4036.29,Both,2,1,9,55
168.67,Exterior,2,4,1,23
718.97,Interior,3,2,7,17
268.59,Both,3,3,13,7
3266.69,Exterior,3,2,13,50
366.59,Exterior,3,1,1,61
249.65,Interior,3,1,3,13
645.53,Interior,2,2,15,6
1315.03,Exterior,4,3,9,38
63.21,Interior,4,1,4,5
781.64,Both,4,2,14,19
776.98,Both,4,1,12,19
3540.09,Exterior,4,1,12,70
522.95,Interior,2,1,1,49
641.54,Both,2,1,10,9
79.56,Exterior,4,3,4,7
2489.18,Exterior,3,2,11,43
645.79,Exterior,2,3,3,28
167.86,Both,1,4,9,2
1835.28,Interior,2,2,8,24
2248.83,Both,3,2,6,76
273.26,Both,2,1,6,7
1265.91,Both,2,2,8,22
1927.97,Exterior,3,2,6,58
2373.64,Interior,3,1,6,56
294.74,Exterior,4,1,3,23
108.46,Interior,2,2,8,2
236.35,Interior,2,2,2,13
2250.3,Interior,2,3,13,21
2784.31,Exterior,2,3,14,29
515.2,Exterior,3,1,2,43
354.93,Both,3,5,6,16
2906.57,Interior,2,3,3,103
220.7,Both,2,4,14,4
88.03,Exterior,3,3,2,10
2387.52,Both,3,2,3,158
58.39,Exterior,1,1,18,1
479.13,Both,4,4,1,146
559.22,Interior,2,2,18,5
212.17,Both,3,1,9,6
221.73,Interior,2,7,3,11
2498.78,Interior,3,8,18,38
111.68,Interior,1,8,1,9
2383.47,Exterior,4,1,3,172
1341.81,Interior,3,2,1,200
218.29,Exterior,2,4,15,3
4675.88,Exterior,4,3,4,292
870.21,Both,2,3,1,123
68.86,Both,1,4,3,3
309.68,Interior,4,4,3,25
179.7,Exterior,4,2,2,23
1016.2,Exterior,3,3,4,49
154.6,Interior,3,3,5,7
135.94,Exterior,2,4,2,10
575.33,Both,2,1,11,8
1234.24,Exterior,1,1,8,9
567.56,Both,3,7,1,155
100,Interior,1,1,18,1
3936.86,Exterior,3,4,1,785
139.41,Interior,3,1,9,4
535.86,Interior,3,4,4,25
728.6,Both,3,2,14,14
50.61,Exterior,1,4,4,2
362.91,Interior,2,1,1,34
669.69,Interior,2,1,2,31
402.31,Exterior,2,1,2,23
96.88,Exterior,2,6,7,3
194.25,Exterior,3,1,8,6
835.49,Exterior,4,1,2,91
1936.69,Exterior,3,3,7,53
787.62,Interior,4,1,10,16
438.37,Exterior,2,3,9,7
210.92,Exterior,3,3,20,4
303.75,Exterior,2,1,3,12
667.65,Exterior,2,2,6,14
229.19,Interior,4,1,6,9
247.95,Exterior,3,1,3,15
101.29,Both,2,9,9,3
959.83,Both,3,1,5,37
596.38,Both,1,3,6,8
1632.74,Both,3,4,5,76
758.72,Interior,2,1,9,9
341.2,Exterior,4,2,7,13
81.39,Exterior,3,1,2,9
62.26,Interior,3,1,7,3
666.37,Both,3,2,7,21
255.18,Interior,2,3,11,4
81.51,Interior,2,2,7,2
154.05,Exterior,3,6,15,5
4716.08,Interior,4,2,9,105
586.41,Both,2,1,1,72
109.11,Both,2,1,7,3
1191.32,Exterior,4,1,10,27
2188.58,Interior,2,4,12,23
1664.8,Exterior,4,1,8,47
302.35,Interior,2,4,4,10
1149.81,Both,2,2,10,16
482.75,Exterior,1,3,8,5
3344.87,Interior,1,1,6,26
2029.53,Interior,2,3,6,37
88.08,Both,1,3,8,2
176.17,Both,1,1,9,2
687.28,Exterior,2,1,5,16
1820.99,Exterior,2,2,11,21
214.87,Interior,3,1,6,7
507.55,Interior,1,3,14,3
118.3,Interior,2,2,10,2
132.59,Both,2,9,6,5
702.05,Both,2,1,9,10
91.58,Interior,4,2,6,5
2123.86,Both,4,2,1,558
59.4,Interior,2,4,5,2
2055.72,Interior,3,7,10,43
3746.62,Both,2,1,15,36
470.44,Interior,3,1,8,10
1687.41,Exterior,3,1,1,273
133.96,Exterior,2,3,7,3
242.15,Interior,2,1,9,3
239.23,Interior,2,4,2,14
1428.01,Exterior,2,1,11,15
508.94,Interior,3,4,10,11
755.01,Both,3,1,10,16
706.9,Interior,3,1,6,18
437.62,Interior,3,9,2,51
1155.98,Both,2,4,3,59
1008.58,Exterior,3,4,5,42
507.08,Both,2,1,17,5
597.35,Interior,2,2,2,30
131.33,Interior,1,1,15,1
778.97,Both,1,7,15,6
1692.08,Interior,4,1,1,310
434.69,Interior,2,4,6,9
125.46,Exterior,3,1,5,6
194.96,Interior,1,2,3,4
440.84,Both,1,2,15,3
566.69,Interior,2,1,8,7
1797.56,Both,2,1,7,32
528.71,Interior,2,1,6,9
57.3,Exterior,3,1,6,4
1872.18,Both,2,2,9,28
4359.65,Exterior,1,3,6,46
4859.68,Both,1,4,9,42
951.16,Both,1,1,8,8
3032.92,Both,3,1,1,553
1665.92,Interior,3,2,14,22
1895.41,Interior,2,2,1,187
110.8,Exterior,3,9,13,4
145.38,Exterior,3,4,1,31
179.03,Exterior,2,1,6,4
277.07,Interior,3,3,13,6
764.29,Exterior,2,1,14,8
2000.77,Exterior,3,3,9,43
1916.85,Both,3,3,9,47
154.44,Interior,3,2,10,4
116.07,Interior,1,2,5,2
2256.76,Both,4,1,12,51
78.26,Both,2,2,14,2
263.61,Exterior,2,2,9,4
2577.27,Interior,3,1,12,33
372,Exterior,3,1,5,14
229.41,Both,3,8,13,8
4718.32,Interior,2,3,8,63
210.92,Both,2,3,7,5
397.06,Both,2,1,6,9
1169.06,Exterior,3,1,12,19
2172.49,Interior,2,5,2,131
1478.34,Interior,3,3,13,22
273.27,Interior,4,2,1,56
533.13,Exterior,4,1,16,10
2097.77,Exterior,1,3,13,12
2199.83,Interior,4,1,3,135
175.97,Interior,3,1,7,5
1687.55,Both,4,2,6,76
1175.65,Interior,1,2,8,8
282.94,Both,4,3,14,8
578.38,Interior,3,1,14,8
2369.33,Both,3,6,3,203
237.31,Exterior,2,8,4,11
237.45,Both,2,3,3,12
1482.83,Exterior,4,2,2,173
294.15,Interior,2,1,10,4
3295.07,Exterior,2,8,7,80
64.87,Exterior,2,1,2,4
1349.82,Interior,2,2,16,11
407.33,Interior,2,3,14,4
310.45,Interior,2,3,7,6
928.73,Both,3,4,15,18
351.13,Exterior,2,6,10,6
654.27,Exterior,3,2,4,30
1194.54,Both,2,1,10,15
425.82,Interior,2,3,16,4
636.85,Exterior,3,2,11,12
635.36,Interior,4,1,7,19
827.27,Both,2,1,7,15
175.83,Interior,2,9,8,4
117.01,Both,4,3,7,7
1689.3,Both,2,8,5,65
501.74,Exterior,1,2,13,3
174.69,Exterior,3,4,17,4
865.2,Interior,1,2,10,5
645.83,Exterior,2,7,8,14
1374.79,Exterior,2,2,8,21
175.21,Exterior,4,3,4,13
234.73,Interior,2,2,10,3
1916.78,Interior,3,1,15,22
175.56,Both,2,2,7,4
1777.23,Interior,2,4,12,19
165.36,Exterior,3,3,10,5
178.71,Exterior,3,1,6,7
727.42,Both,2,3,4,27
267.82,Interior,2,2,13,3
1256.88,Interior,2,2,7,19
698.56,Interior,3,2,5,23
2239.62,Both,3,1,15,33
4809.5,Both,2,1,3,195
202.3,Exterior,4,1,14,5
165.09,Interior,3,4,5,8
627.85,Interior,4,6,4,42
265.09,Exterior,2,7,15,4
171.98,Both,3,1,1,33
175.63,Interior,3,2,6,6
1818.7,Interior,2,4,2,104
57.54,Both,2,1,4,3
215.52,Interior,2,1,7,4
1609.48,Both,2,1,8,25
241.96,Interior,3,3,6,8
203.95,Interior,3,1,10,5
2805.91,Exterior,2,1,7,44
812.43,Interior,2,2,8,11
739.71,Both,3,5,14,16
114.89,Both,2,3,9,3
222.52,Interior,3,2,18,4
437.41,Exterior,4,3,5,24
150.41,Interior,3,1,4,7
2564.46,Both,1,1,3,53
377.04,Exterior,2,7,1,61
2276.56,Interior,1,1,2,53
484.7,Exterior,3,1,5,18
461.3,Exterior,4,2,7,17
744.48,Both,3,1,6,25
219.19,Both,3,5,1,55
693.16,Interior,2,4,7,12
1015.58,Exterior,4,2,10,25
125.43,Interior,1,1,2,4
160.55,Interior,2,3,6,4
348.14,Interior,2,2,3,12
396.83,Interior,2,2,2,20
531.5,Both,3,2,15,10
70.45,Interior,4,3,19,3
141.43,Interior,2,3,5,4
781.67,Both,4,1,5,40
4774.19,Interior,2,1,4,110
1917.66,Exterior,3,1,7,46
1353.35,Interior,4,3,15,24
161.19,Interior,2,2,9,3
211.65,Interior,4,2,3,16
774.24,Exterior,3,1,15,12
2263.18,Interior,2,1,1,207
183.34,Exterior,3,5,7,8
742.57,Interior,3,2,12,12
55.62,Exterior,4,1,6,4
346.12,Both,2,2,9,6
528.75,Exterior,2,1,8,8
447.19,Interior,2,5,11,6
105.63,Interior,4,2,15,4
142.04,Interior,4,7,15,5
2275.04,Interior,2,2,15,18
1929.15,Interior,2,1,15,14
172.42,Interior,1,2,7,2
525.43,Exterior,2,1,7,9
81.48,Both,4,7,7,6
171.17,Exterior,1,1,7,2
872.11,Exterior,1,1,5,10
2385.15,Interior,3,3,5,77
126.06,Interior,1,1,8,2
977.07,Both,2,1,5,25
594.32,Interior,2,1,7,9
107.34,Interior,3,2,8,4
3375.59,Interior,3,4,6,97
1165.64,Exterior,3,1,9,23
2120.04,Interior,2,1,3,65
547.26,Interior,3,1,13,8
4720.37,Both,1,9,14,39
172.85,Exterior,3,1,5,8
193.77,Both,2,4,2,16
222,Exterior,4,1,2,26
1963.88,Exterior,2,3,2,123
53.37,Interior,4,7,9,4
741.28,Interior,1,2,8,6
484.42,Interior,2,2,3,17
252.5,Interior,1,1,11,2
55.33,Both,3,2,4,5
238.64,Exterior,2,1,1,27
1939.66,Interior,2,1,8,23
1588.41,Interior,1,2,4,20
1365.3,Both,3,1,18,19
360.52,Interior,2,1,4,9
156.34,Exterior,2,2,8,3
363.3,Exterior,2,10,12,7
336.96,Both,4,5,14,11
332.75,Interior,1,1,4,5
61.52,Interior,2,1,20,1
63.56,Interior,2,2,8,2
199.8,Interior,2,3,10,3
2258.61,Exterior,2,1,1,243
84.42,Interior,3,1,10,3
2379.81,Interior,3,9,6,91
168.06,Exterior,3,1,8,5
231.62,Both,2,2,19,3
397.13,Interior,2,1,5,8
577.72,Exterior,4,10,6,37
214.51,Interior,4,4,17,5
143.45,Exterior,3,2,1,27
712.72,Exterior,3,2,8,17
236.18,Both,4,3,5,15
577.92,Both,3,2,1,115
138.89,Interior,3,2,8,5
1664.46,Both,4,8,13,55
77.65,Both,2,4,10,2
1197.1,Both,4,1,15,24
212.37,Interior,1,2,6,3
1106.53,Interior,3,1,6,27
3777.73,Exterior,3,1,4,154
528.07,Exterior,3,2,19,8
278.46,Interior,2,3,1,30
1520.57,Interior,1,4,7,13
621.13,Both,3,1,8,16
236.2,Exterior,4,3,7,10
59.03,Exterior,2,2,14,2
387.51,Interior,3,1,8,9
138.79,Interior,2,1,3,5
384.49,Exterior,2,2,5,10
4446.88,Interior,2,3,1,470
1034.54,Interior,2,9,14,13
288.41,Interior,3,1,1,41
666.42,Exterior,2,3,7,13
4682.96,Exterior,2,1,6,84
246.2,Interior,2,2,3,9
1990.86,Both,2,7,14,30
74.91,Interior,2,1,3,3
207.54,Interior,3,2,6,7
1016.39,Interior,2,3,10,12
749.25,Interior,2,4,3,29
104.17,Exterior,4,3,15,4
128.9,Interior,2,2,10,2
1224.01,Both,2,2,10,17
422.48,Both,1,1,3,10
884.76,Interior,2,2,4,23
3116.74,Both,4,1,4,191
186.55,Interior,3,2,14,4
112.88,Interior,3,1,8,4
169.9,Interior,1,1,10,2
77.18,Exterior,3,1,4,5
4206.34,Interior,4,4,9,107
278.45,Both,2,1,13,4
223.04,Exterior,2,2,4,7
1325.18,Interior,2,3,11,14
384.14,Both,2,2,7,8
1114.17,Interior,3,1,8,21
441.52,Both,1,6,7,6
80.43,Interior,3,2,19,3
511.2,Interior,3,2,6,15
106.19,Both,1,5,13,2
534.87,Interior,1,3,16,3
167.76,Both,2,2,7,4
1094.74,Exterior,4,2,11,26
3183.72,Interior,3,3,14,43
196.09,Both,1,2,4,4
136.02,Exterior,3,4,9,5
785.56,Exterior,2,1,8,12
184.35,Exterior,2,1,3,8
185.16,Interior,2,1,8,3
2278.91,Both,1,1,4,36
157.45,Both,3,2,11,5
745.74,Interior,2,3,7,12
267.86,Both,3,1,1,51
1401.82,Interior,2,4,4,41
4566.93,Interior,3,1,7,91
159.06,Both,2,4,2,13
821.07,Both,4,3,10,25
224.52,Interior,2,2,4,7
84.45,Interior,4,7,4,8
156.35,Both,4,3,10,6
190.92,Exterior,1,3,13,2
169.15,Interior,2,2,10,3
2166.83,Exterior,2,2,7,37
2099.6,Exterior,2,9,7,54
978.81,Both,3,1,1,180
2477.06,Exterior,4,3,2,309
2213.96,Exterior,3,1,5,73
1057.46,Interior,3,2,2,80
3916.89,Both,2,2,5,104
367.44,Interior,1,1,2,9
828.66,Exterior,2,2,1,97
597.63,Exterior,3,4,9,15
159.55,Both,2,1,1,20
1200.66,Exterior,4,2,6,48
665.56,Both,2,3,15,8
358.05,Interior,4,2,11,9
89.71,Both,1,4,7,2
213.47,Interior,2,3,6,5
230.59,Interior,2,4,8,4
52.61,Exterior,4,1,1,13
2316.18,Both,4,1,8,72
172.82,Both,3,3,10,6
452.64,Exterior,2,2,5,11
156.86,Exterior,3,1,6,6
547.42,Exterior,2,2,5,14
4151.37,Exterior,3,1,10,69
450.3,Both,3,4,5,22
54.46,Interior,2,3,19,1
1873.17,Exterior,3,1,1,303
254.21,Both,4,1,1,64
1414.69,Exterior,4,1,8,40
1940.97,Interior,2,2,11,19
688.68,Exterior,2,1,9,9
3589.92,Interior,2,6,5,92
60.68,Exterior,4,4,8,4
76.38,Both,2,1,6,3
205.9,Interior,3,1,13,4
251.03,Exterior,4,1,7,10
2327.51,Interior,4,2,2,231
222.9,Both,2,5,8,5
67.79,Exterior,4,4,3,8
1209.39,Interior,2,1,13,10
63.18,Both,4,2,11,4
164.87,Both,3,4,11,6
4142.69,Interior,2,3,3,147
213.39,Both,1,2,1,15
695.5,Exterior,3,1,6,21
1776.23,Interior,3,3,2,142
1687.71,Interior,3,1,13,22
101.42,Both,3,2,10,4
1675.43,Interior,2,4,11,19
204.1,Both,1,1,5,3
472.4,Exterior,1,4,3,11
538.69,Both,2,4,5,17
222.41,Both,2,3,10,4
794.36,Both,4,6,10,29
85.38,Both,2,8,13,2
326.71,Interior,2,2,8,5
1469.51,Interior,2,1,17,10
86.55,Both,3,2,3,8
148.68,Exterior,3,3,7,6
66.67,Interior,3,6,1,15
211.09,Exterior,2,1,7,4
54.76,Exterior,2,1,13,1
296.65,Interior,1,1,4,4
2134.6,Both,2,7,4,97
1989.68,Interior,2,1,12,17
1390.59,Both,3,2,10,29
137.61,Interior,3,1,7,5
1588.82,Exterior,4,3,8,51
752.49,Exterior,3,1,18,10
4055.48,Both,3,1,10,76
105.49,Interior,1,1,5,2
668.41,Interior,2,2,12,7
3342.69,Exterior,4,7,7,153
1966.56,Interior,1,1,4,23
3923.92,Exterior,3,1,10,65
159.35,Exterior,2,1,7,3
3752.88,Exterior,2,4,2,250
409.65,Exterior,4,1,1,90
502.7,Both,3,1,2,48
705.81,Interior,2,1,4,17
71.15,Exterior,2,1,5,3
1054.92,Both,2,4,1,160
604.09,Both,3,1,5,24
478.29,Interior,1,4,4,8
371.75,Interior,4,1,9,10
225.29,Exterior,3,2,5,10
950.05,Exterior,3,2,1,167
218.63,Interior,3,1,2,17
445.19,Interior,2,8,15,6
231.47,Interior,3,4,5,10
87.81,Exterior,2,2,7,2
231.38,Exterior,2,2,6,5
561.48,Interior,3,2,3,30
160.12,Exterior,4,2,9,6
188.15,Interior,2,3,13,3
1614.4,Both,3,4,4,93
335.86,Both,2,1,8,6
3278.17,Interior,1,2,4,41
60.79,Exterior,3,2,7,4
239.1,Interior,1,1,17,2
2371.82,Both,3,1,18,31
641.09,Exterior,3,3,7,19
91.57,Interior,4,3,2,12
137.78,Interior,4,3,3,12
871.39,Both,2,1,1,107
468.33,Interior,4,1,10,11
215.64,Exterior,2,5,5,7
203.58,Exterior,3,9,1,56
458.59,Exterior,4,1,10,12
238.82,Interior,2,7,8,5
127.42,Interior,3,4,1,24
258.68,Interior,2,4,19,3
2342.69,Exterior,3,4,9,54
943.91,Exterior,2,1,3,35
2131.7,Interior,1,7,7,21
582.96,Interior,2,2,5,12
500.03,Interior,2,1,11,5
243.73,Interior,3,3,13,5
3887.46,Interior,3,1,10,55
775.27,Exterior,2,9,20,9
174.55,Interior,3,3,11,5
564.42,Interior,2,2,12,6
2436.13,Interior,2,7,11,32
380.48,Interior,4,6,2,50
191.28,Interior,3,2,3,11
507.33,Exterior,4,2,3,41
1482.94,Exterior,3,9,8,51
3401.87,Interior,2,2,14,28
650.75,Both,2,4,8,13
85.42,Interior,1,3,3,3
2392.7,Both,2,1,4,74
428.38,Both,3,1,12,9
234.53,Interior,4,1,5,11
3164.97,Interior,4,1,18,41
571.35,Interior,4,6,13,14
2306.54,Interior,3,2,9,40
242.21,Exterior,1,2,6,3
542.43,Interior,2,6,5,15
753.97,Exterior,2,1,13,8
1100.39,Both,2,2,4,37
149.44,Exterior,2,2,11,3
476.6,Interior,3,1,14,7
567.94,Interior,2,1,6,10
62.39,Both,4,2,7,4
2385.2,Interior,4,1,6,74
234.15,Exterior,3,3,2,24
182.51,Both,2,1,5,5
318.76,Both,3,2,6,12
341.3,Interior,2,1,2,17
465.53,Both,1,2,9,4
1385.4,Exterior,4,1,12,28
1053.06,Interior,3,4,5,38
154.44,Exterior,1,1,7,2
1184.13,Interior,2,2,19,9
749.16,Exterior,2,2,9,11
1006.23,Exterior,2,4,6,23
74.94,Interior,2,4,15,2
242.55,Exterior,3,1,4,12
713.16,Interior,3,1,14,10
429.05,Both,2,1,17,5
4956.2,Interior,2,3,1,524
1297.17,Both,2,9,15,21
213.14,Both,3,1,8,7
457.99,Both,3,9,1,139
1212.57,Both,3,2,11,24
995.94,Interior,2,3,2,54
183.8,Interior,3,1,5,7
52.71,Exterior,2,1,6,2
408.47,Interior,3,3,9,9
196.1,Both,1,1,7,3
4149.56,Interior,2,3,5,89
1944.82,Interior,2,2,10,20
1807.53,Interior,2,2,7,26
210.69,Both,1,1,16,2
223.38,Exterior,2,3,1,29
3929.36,Both,2,6,10,68
500.19,Interior,4,2,4,27
516.65,Interior,3,3,4,22
266.55,Both,3,7,9,10
481.78,Interior,3,1,10,9
1987.38,Interior,2,1,13,16
56.18,Exterior,3,2,2,7
59.14,Interior,1,4,14,1
1263.62,Interior,3,3,1,202
803.02,Interior,3,1,4,29
414.46,Interior,2,1,14,4
1456.23,Interior,3,1,11,21
98.85,Interior,2,1,9,2
3913.05,Exterior,4,2,5,183
326.41,Exterior,2,1,10,4
255.37,Interior,2,2,7,5
379.89,Interior,2,1,10,4
2098.1,Exterior,2,1,7,33
116.08,Interior,4,5,8,5
2135.67,Both,2,1,10,27
664.39,Interior,3,4,4,30
164.98,Interior,2,1,15,2
94.91,Exterior,2,1,7,2
4172.85,Exterior,3,2,13,63
81.54,Both,4,3,6,6
314.21,Exterior,1,1,15,2
107.41,Exterior,2,1,12,2
1014.5,Interior,1,1,8,7
286.18,Exterior,2,1,3,11
205.76,Interior,4,1,8,7
577.6,Interior,3,2,11,10
487.2,Both,4,2,13,13
1739.78,Interior,3,1,1,239
158.41,Interior,4,1,4,9
184.15,Interior,4,1,7,7
91.58,Interior,2,3,9,2
631.54,Both,2,4,11,10
745.98,Both,2,3,3,36
570.83,Interior,4,3,9,15
408.04,Exterior,2,1,3,16
95.68,Both,3,6,5,7
404.9,Interior,2,3,7,7
76.7,Both,3,1,2,9
164.72,Interior,2,1,2,8
143.69,Interior,3,3,9,5
698.87,Interior,2,3,8,10
1336.51,Both,1,1,6,15
230.7,Both,3,2,4,13
55.81,Interior,4,3,5,4
63.62,Both,3,3,16,3
193.54,Both,3,1,3,14
212.86,Exterior,4,1,14,6
2429.39,Both,2,2,8,41
592.64,Both,4,1,4,38
548.35,Exterior,4,1,7,19
224.44,Interior,2,2,15,3
1384.17,Interior,2,3,12,14
3714.18,Exterior,2,3,2,231
66.91,Both,2,2,7,2
790.4,Exterior,3,3,1,149
278.17,Both,2,1,7,6
444.53,Exterior,3,1,10,9
227.15,Both,2,1,4,8
4371.35,Interior,3,1,3,201
72.6,Interior,3,3,4,5
1127.82,Interior,3,3,12,18
3236.77,Interior,4,1,10,61
579.97,Both,1,2,11,5
1843.93,Interior,2,1,8,22
186.37,Exterior,3,5,7,8
225.53,Exterior,2,1,9,4
687.34,Interior,2,1,9,8
66.74,Both,2,3,7,2
107.17,Interior,4,7,12,5
168.28,Interior,3,2,2,14
646.39,Interior,2,4,7,11
125.4,Interior,2,2,10,2
88.91,Exterior,2,2,11,2
156.89,Both,3,1,11,5
80.37,Both,2,1,10,2
736.01,Exterior,2,4,10,11
471.4,Both,2,2,8,9
283.11,Interior,2,1,11,3
127.65,Exterior,2,6,10,3
707.72,Exterior,3,7,8,23
3498.84,Interior,3,2,7,76
86.06,Exterior,3,2,1,17
53.42,Exterior,1,1,2,2
992.59,Exterior,4,5,6,49
222.54,Interior,3,2,10,5
188.13,Interior,2,3,5,5
93.87,Interior,2,3,6,3
119.57,Interior,2,1,7,3
807.54,Exterior,2,1,5,18
1735.17,Interior,2,3,15,15
205.67,Both,1,2,9,2
141.48,Interior,2,1,12,2
1653.22,Both,3,4,4,95
661.09,Exterior,3,4,19,11
140.98,Interior,3,7,1,30
182.76,Both,2,1,6,5
717.18,Exterior,2,4,10,11
908.55,Exterior,3,3,11,18
742.71,Exterior,1,1,13,4
1084.81,Exterior,4,2,13,23
65.01,Interior,3,7,5,5
444.44,Exterior,3,2,3,28
149.5,Exterior,1,3,9,2
633.07,Both,2,3,8,12
302.72,Interior,2,2,7,5
94.7,Interior,2,2,13,2
1785.28,Exterior,2,2,5,42
575.06,Both,1,2,9,5
50.77,Both,2,3,10,2
590.18,Exterior,2,1,10,7
2240.02,Interior,2,1,8,26
196.62,Exterior,2,10,5,8
396.61,Interior,3,1,9,8
1356.01,Interior,3,9,2,154
2598.67,Interior,3,5,5,96
156.93,Interior,2,3,5,4
355.28,Exterior,1,2,10,3
590.75,Exterior,2,4,20,6
246.85,Interior,2,7,11,4
92.57,Exterior,3,3,10,4
2123.76,Interior,2,5,19,18
161.59,Both,2,2,8,4
563.65,Exterior,2,3,1,71
339.94,Both,3,1,7,11
738.82,Interior,2,5,3,31
169.06,Interior,2,3,20,2
1482.08,Both,2,6,7,37
232.03,Exterior,2,2,4,8
1114.02,Both,2,1,3,46
267.14,Exterior,2,1,8,5
373.34,Interior,2,4,15,4
51.22,Both,4,1,7,4
190.3,Both,3,1,2,19
770.63,Both,1,3,7,9
505.36,Interior,3,2,7,13
556.07,Exterior,2,1,3,21
218.34,Interior,4,1,5,10
123.65,Interior,1,1,1,7
580.01,Interior,2,1,3,19
446.79,Interior,2,2,8,6
207.89,Exterior,2,1,15,3
393.72,Both,3,1,5,16
373.01,Interior,2,1,12,4
178.86,Both,4,2,4,14
739.4,Both,3,1,5,29
256.29,Both,2,1,2,17
188.3,Interior,3,1,2,15
693.37,Exterior,2,2,4,21
354.21,Interior,2,1,9,5
3981.63,Interior,4,9,4,299
170.92,Interior,2,3,3,7
167.51,Exterior,1,1,5,3
514.35,Exterior,2,1,13,6
190.85,Exterior,2,2,12,3
465.03,Exterior,2,2,10,6
1791.24,Interior,3,4,14,26
192,Interior,2,6,10,3
78.69,Interior,3,3,6,4
1309.41,Exterior,3,5,6,48
759.5,Both,2,5,3,42
2143.05,Both,2,2,15,23
4955.12,Interior,2,1,5,91
663.84,Both,2,1,4,21
936.56,Both,2,1,15,10
726.69,Both,3,4,14,15
276.8,Interior,3,2,7,8
207.86,Interior,3,1,6,7
1590.49,Exterior,3,3,4,76
198.88,Interior,2,2,5,5
164.7,Exterior,2,4,2,12
872.8,Interior,2,4,15,9
873.58,Interior,4,1,7,25
748.27,Both,3,2,4,39
137.97,Interior,2,3,7,3
98.4,Exterior,3,2,9,4
176.57,Interior,3,1,4,8
1207.76,Exterior,2,1,11,13
386.11,Both,3,3,12,9
350.76,Interior,2,2,19,3
439.37,Interior,2,1,13,4
190.96,Interior,1,1,19,2
3309,Both,2,4,8,63
396.81,Both,4,1,10,12
148.08,Interior,2,2,2,8
3773.27,Interior,3,3,10,62
1191.63,Interior,2,1,6,19
471.77,Exterior,4,3,6,22
346.05,Exterior,4,6,8,15
2082.72,Interior,4,1,13,34
741.12,Interior,2,2,11,8
484.23,Exterior,3,1,4,21
2195.47,Both,3,1,2,202
668.24,Both,2,1,8,11
3056.89,Interior,2,3,8,41
193.49,Exterior,3,1,17,4
600.67,Interior,1,2,8,5
83.37,Interior,2,3,2,5
1839.45,Exterior,2,2,3,72
61.32,Exterior,3,4,5,4
104.14,Both,2,2,5,4
589.25,Interior,3,1,15,8
2571.38,Exterior,3,1,8,54
1776.8,Interior,2,1,8,21
1116.2,Interior,3,3,7,27
310.23,Both,1,1,9,3
126.3,Interior,1,2,7,2
235.99,Both,1,1,14,2
1504.56,Interior,3,1,20,15
117.79,Exterior,2,1,7,3
209.59,Both,1,2,6,3
205.74,Exterior,2,1,4,7
659.04,Exterior,1,1,1,36
214.73,Interior,4,3,6,10
2778.29,Interior,3,7,6,95
419.21,Interior,4,1,3,27
207.3,Both,2,1,6,5
86.22,Both,2,1,16,2
418.49,Both,3,2,5,18
184.88,Interior,3,1,2,15
294.32,Exterior,3,3,2,29
118.99,Exterior,3,1,7,5
164.99,Interior,4,2,11,5
135.97,Both,4,3,10,6
1234.75,Exterior,3,5,9,31
142.72,Both,4,2,4,11
152.23,Interior,3,2,5,6
56.51,Interior,3,1,6,3
164.26,Exterior,2,4,12,3
779.11,Exterior,3,3,18,12
530.91,Interior,4,1,2,50
540.75,Interior,2,1,12,5
83.3,Exterior,2,6,1,13
431.54,Both,3,1,5,18
387.52,Interior,3,2,1,59
252.84,Exterior,3,2,3,17
209.66,Interior,4,4,7,9
1036.93,Exterior,4,3,10,28
3943.35,Exterior,3,1,3,213
247.8,Both,4,4,9,10
3471.88,Interior,1,2,15,14
626.68,Interior,2,1,14,6
69.22,Both,2,3,8,2
432.02,Interior,3,4,1,75
101.95,Both,1,1,2,4
132.22,Interior,2,2,8,3
637.53,Both,2,1,1,78
397.58,Exterior,1,1,11,3
334.56,Interior,2,2,13,4
2874.08,Both,2,2,6,64
629.17,Both,2,3,7,14
338.71,Both,2,2,1,45
68.94,Both,4,2,5,6
133.73,Interior,2,2,5,4
183.11,Both,2,1,7,4
102.9,Interior,1,1,2,3
267.26,Exterior,3,1,17,5
794.62,Exterior,1,1,3,15
4288.61,Interior,3,2,3,213
195.08,Both,2,1,4,7
371.1,Exterior,2,7,1,60
51.37,Exterior,3,2,3,5
332.75,Interior,3,2,9,7
340.59,Interior,2,3,12,4
792.79,Exterior,3,3,8,20
4458.15,Both,4,1,5,218
2302.7,Interior,2,2,15,18
143.42,Interior,2,1,1,14
244.99,Interior,2,2,8,4
2814.76,Interior,2,1,4,65
2081.88,Exterior,4,1,4,113
1828.22,Both,2,1,11,22
4150.15,Interior,2,4,11,45
587.24,Both,2,1,2,37
183.74,Interior,2,3,15,2
1655.07,Interior,1,2,9,10
796.2,Interior,4,1,11,16
2955.18,Interior,4,1,8,69
195.24,Interior,1,3,5,3
1697.89,Interior,4,2,5,69
793.11,Interior,1,3,4,11
576.13,Exterior,4,1,11,14
3025.43,Both,2,1,4,93
1802.89,Exterior,3,2,11,31
2088.28,Both,2,9,10,43
4976.57,Exterior,2,2,4,145
1359.39,Interior,1,1,4,16
117.54,Interior,2,2,5,3
710.58,Exterior,1,1,6,7
1596.04,Both,2,1,6,33
1599.5,Both,2,1,10,20
461.92,Exterior,3,2,7,13
225.66,Exterior,2,5,3,12
620.88,Exterior,2,1,15,6
83.94,Interior,4,1,12,3
2438.85,Interior,3,1,4,85
670.12,Exterior,3,1,6,20
493.92,Exterior,1,2,5,7
2354.55,Interior,3,4,3,135
73.09,Interior,2,1,4,3
1170.68,Interior,4,7,8,41
1066.96,Both,3,3,7,34
409.42,Both,2,1,1,51
1821.57,Both,3,1,2,168
232.32,Interior,3,3,9,6
472.95,Both,2,4,8,10
159.99,Interior,2,4,13,3
1515.62,Both,2,2,14,17
1008.75,Exterior,3,1,11,17
204.09,Both,4,1,2,27
671.03,Exterior,1,1,1,37
2180.75,Exterior,2,1,3,79
656.24,Both,3,2,7,20
62.93,Interior,2,1,6,2
693.22,Both,2,9,14,12
284.6,Interior,2,8,7,7
1304.77,Interior,2,4,7,22
339.94,Interior,2,3,9,5
4733.86,Interior,2,1,4,109
325.72,Interior,4,3,1,71
2001.19,Both,2,2,14,22
326.96,Exterior,2,2,9,5
474.13,Exterior,1,1,15,3
3978.71,Interior,1,1,7,27
119.37,Interior,2,4,14,2
133.62,Interior,4,2,8,5
1334.95,Exterior,3,2,4,60
735.13,Exterior,2,1,6,14
724.6,Interior,3,1,14,10
130.49,Both,2,1,2,9
178.69,Exterior,2,1,8,3
520.06,Exterior,4,1,3,39
226.61,Interior,2,4,10,4
124.96,Both,3,7,5,9
1105.41,Interior,2,2,20,8
824.64,Both,4,1,9,24
903.87,Exterior,4,2,11,22
2170.77,Interior,4,2,13,38
767.81,Interior,2,1,12,7
105.93,Exterior,4,4,10,5
138.72,Both,4,1,5,9
129.54,Both,2,1,5,4
1735.52,Interior,3,3,4,71
2485.23,Exterior,2,1,11,26
1178.53,Exterior,2,3,11,15
136.09,Interior,2,1,2,7
417.74,Both,3,1,10,10
499.5,Interior,4,2,14,10
2489.33,Both,3,1,1,455
757.38,Exterior,3,1,2,63
2337.1,Both,4,4,1,705
158.44,Both,3,1,2,16
84.66,Both,2,1,3,4
2169.31,Interior,4,1,12,37
3209.92,Both,3,1,15,47
555.36,Exterior,3,1,2,47
82.44,Both,2,1,6,3
846.28,Exterior,3,10,2,119
2140.93,Both,1,4,3,55
1468.4,Both,3,2,16,23
243.4,Interior,1,2,8,2
231.28,Interior,3,4,10,6
139.63,Exterior,3,2,4,8
95.82,Exterior,2,2,13,2
333.98,Both,3,1,7,11
2313.72,Interior,2,3,5,50
613.25,Both,4,1,1,151
191.03,Interior,3,4,8,6
91.98,Both,2,2,1,13
493.45,Both,2,1,7,10
657.95,Both,2,1,8,11
621.8,Exterior,2,1,1,68
158.55,Exterior,2,2,12,3
4701.69,Both,3,9,6,236
590.01,Interior,2,3,9,8
226.68,Interior,2,3,10,3
197.76,Interior,3,3,9,5
207.71,Interior,2,1,5,5
1416.74,Both,4,2,3,126
167.12,Interior,2,1,6,4
444.62,Both,4,2,13,12
554.31,Interior,3,4,6,18
1089.03,Interior,4,1,7,30
683.65,Exterior,3,1,14,11
131.98,Interior,4,4,11,5
3403.9,Interior,1,4,6,33
1845.07,Interior,3,2,2,138
348.52,Interior,3,1,12,6
254.18,Interior,4,6,4,18
