roof_area_m2,roof_height_m,roof_type,roof_covering,labor_count,duration_days
275.1,1.25,Gable,Concrete Tiles,4,37
174.5,2.93,Flat,RC Slab,9,27
311.7,3.88,Lean-to,Asbestos Sheets,10,17
247.6,3.35,Gable,Clay Tiles,15,20
95.6,2.08,Gable,Clay Tiles,4,18
392.6,1.36,Hip,Concrete Tiles,7,32
270.2,3.82,Lean-to,Asbestos Sheets,11,12
279.9,3.8,Flat,RC Slab,15,31
104.8,2.59,Flat,RC Slab,5,21
177.3,2.83,Hip,Asbestos Sheets,11,14
158.2,2.46,Gable,Metal Sheets,14,8
350.5,2.38,Hip,Concrete Tiles,10,26
230.5,1.64,Gable,Concrete Tiles,7,23
295.1,1.56,Flat,RC Slab,5,44
175.6,1.97,Gable,Concrete Tiles,6,22
126.7,3.37,Gable,Concrete Tiles,2,31
204.5,1.73,Hip,Clay Tiles,4,40
85.8,1.96,Hip,Concrete Tiles,8,13
297.3,2.63,Flat,RC Slab,3,52
226.8,1.93,Hip,Metal Sheets,2,35
269.1,1.78,Lean-to,Metal Sheets,11,13
154.5,2.66,Lean-to,Asbestos Sheets,2,26
387,2.28,Lean-to,Asbestos Sheets,3,30
329.7,2.8,Flat,RC Slab,10,30
276.8,3.67,Flat,RC Slab,14,31
119.9,1.75,Flat,RC Slab,12,18
181.4,3.68,Hip,Clay Tiles,2,51
77.9,3.63,Gable,Clay Tiles,4,16
111.1,3.35,Hip,Clay Tiles,12,18
242.9,2.81,Gable,Clay Tiles,12,21
264.2,2.78,Gable,Concrete Tiles,7,25
383.7,2.83,Lean-to,Metal Sheets,15,10
148,2.95,Gable,Clay Tiles,14,15
158.1,1.11,Hip,Clay Tiles,12,18
182.1,3.93,Flat,RC Slab,12,27
118.8,2.71,Gable,Metal Sheets,12,7
105.3,3.2,Lean-to,Asbestos Sheets,4,13
183.7,2.29,Gable,Clay Tiles,11,17
126.6,1.07,Lean-to,Metal Sheets,15,5
238.6,2.55,Lean-to,Metal Sheets,5,18
174,2.54,Gable,Clay Tiles,2,49
299.5,2.41,Gable,Clay Tiles,7,30
248.6,2.22,Gable,Clay Tiles,5,32
145,2.02,Hip,Clay Tiles,15,15
299.4,2.58,Gable,Asbestos Sheets,8,16
287.5,2.29,Lean-to,Metal Sheets,11,10
162.1,4.02,Gable,Metal Sheets,15,9
139.7,1.81,Lean-to,Metal Sheets,13,6
242.7,2.18,Gable,Clay Tiles,12,20
107.7,2.12,Lean-to,Concrete Tiles,15,8
121,2.62,Gable,Clay Tiles,11,14
55.5,2.53,Hip,Concrete Tiles,5,12
280.2,2.84,Hip,Asbestos Sheets,12,20
237.1,3.88,Gable,Concrete Tiles,6,31
250.3,2.1,Lean-to,Metal Sheets,6,16
277.8,2.95,Gable,Concrete Tiles,11,22
179.4,1.19,Hip,Clay Tiles,6,25
208.4,2.05,Hip,Clay Tiles,2,60
107.7,2.46,Flat,RC Slab,15,12
101.3,1.23,Gable,Clay Tiles,9,11
238.2,2.78,Gable,Metal Sheets,11,12
182.5,2.92,Gable,Concrete Tiles,13,14
207.5,3.1,Gable,Clay Tiles,10,21
271.7,2.56,Gable,Clay Tiles,10,28
227.7,2.75,Lean-to,Asbestos Sheets,13,12
204.2,2.33,Hip,Asbestos Sheets,6,20
205.8,1.29,Flat,RC Slab,13,23
143.1,1.57,Hip,Clay Tiles,12,15
71.8,2.86,Gable,Clay Tiles,4,15
173.9,4.31,Hip,Metal Sheets,4,22
124,1.11,Gable,Metal Sheets,14,5
167.1,2.65,Gable,Asbestos Sheets,14,9
309.2,3.11,Hip,Clay Tiles,15,25
128.1,3.34,Hip,Clay Tiles,3,36
83.7,2.62,Lean-to,Metal Sheets,14,4
138.2,2.78,Gable,Clay Tiles,14,12
140.8,2.96,Hip,Metal Sheets,12,11
236.1,3.45,Gable,Clay Tiles,8,27
205.2,1.65,Gable,Concrete Tiles,9,21
279,3.74,Flat,RC Slab,8,34
236.9,1.19,Gable,Asbestos Sheets,2,37
166.6,3.37,Hip,Asbestos Sheets,9,13
291.4,1.47,Hip,Concrete Tiles,5,36
114,1.87,Gable,Asbestos Sheets,4,12
67.3,0.95,Lean-to,Metal Sheets,2,10
94.3,2.42,Hip,Clay Tiles,8,16
256.2,2.21,Lean-to,Metal Sheets,2,29
180.2,1.79,Hip,Asbestos Sheets,13,13
112.7,2.43,Lean-to,Concrete Tiles,14,10
190.2,2.34,Gable,Clay Tiles,13,17
110.7,3.16,Hip,Clay Tiles,6,22
247.3,3.59,Lean-to,Metal Sheets,4,22
176.3,2.86,Gable,Clay Tiles,9,20
160.6,1.66,Hip,Metal Sheets,11,11
142.6,2.12,Lean-to,Metal Sheets,2,23
226.3,3.68,Hip,Metal Sheets,13,13
156.2,1.52,Flat,RC Slab,8,21
93.6,2.35,Flat,RC Slab,13,13
102.2,3.83,Lean-to,Asbestos Sheets,3,15
378.2,3.88,Lean-to,Metal Sheets,7,19
338.8,2.36,Hip,Clay Tiles,8,33
248.4,2.89,Gable,Asbestos Sheets,2,32
134.8,2.45,Gable,Concrete Tiles,11,12
385.4,3.12,Flat,RC Slab,15,31
277,1.23,Lean-to,Metal Sheets,9,12
254.3,1.72,Hip,Clay Tiles,7,33
177.1,2.77,Gable,Asbestos Sheets,10,11
136.2,1.97,Gable,Metal Sheets,7,11
96.2,2.89,Hip,Metal Sheets,7,10
335.2,2.24,Lean-to,Asbestos Sheets,12,14
178.6,3.56,Gable,Metal Sheets,10,11
121.5,3.31,Flat,RC Slab,5,26
143.6,2.51,Lean-to,Metal Sheets,7,10
211.4,3.17,Lean-to,Asbestos Sheets,13,10
116.1,2.07,Gable,Clay Tiles,9,14
310.7,2.52,Lean-to,Asbestos Sheets,3,31
269.2,1.88,Flat,RC Slab,13,30
255.2,3.46,Lean-to,Clay Tiles,12,20
172.8,3.33,Gable,Asbestos Sheets,5,16
225.4,3.63,Hip,Concrete Tiles,15,19
212.8,3.52,Flat,RC Slab,15,24
232.3,3.94,Gable,Concrete Tiles,15,18
92.6,1.96,Hip,Metal Sheets,7,9
168.9,3.77,Hip,Asbestos Sheets,14,11
76.9,2.67,Hip,Metal Sheets,13,5
188.3,2.38,Gable,Clay Tiles,14,14
148.9,2.65,Hip,Clay Tiles,9,16
108.9,2.22,Gable,Metal Sheets,5,10
98.2,2.11,Lean-to,Asbestos Sheets,5,12
213.8,2,Lean-to,Asbestos Sheets,15,11
114.8,1.5,Gable,Concrete Tiles,9,11
349.3,2.52,Gable,Clay Tiles,14,22
211.9,3.57,Gable,Clay Tiles,9,21
152.7,2.8,Hip,Metal Sheets,9,11
214.7,2.57,Lean-to,Metal Sheets,3,21
67.3,2.39,Hip,Concrete Tiles,7,11
375.1,2.46,Gable,Metal Sheets,9,15
185.3,1.91,Gable,Metal Sheets,3,22
278.5,3.33,Gable,Clay Tiles,4,43
92.1,1.88,Lean-to,Asbestos Sheets,10,6
186.5,3.02,Flat,RC Slab,5,33
187.5,3.13,Hip,Clay Tiles,11,21
358.3,2.68,Gable,Clay Tiles,8,26
209.3,3.47,Lean-to,Metal Sheets,7,12
183.1,2.11,Gable,Clay Tiles,3,38
135.1,3.54,Lean-to,Concrete Tiles,7,15
149.3,3.05,Lean-to,Concrete Tiles,9,12
195.3,3.25,Hip,Clay Tiles,10,25
174.5,2.89,Lean-to,Asbestos Sheets,5,14
66.6,3.41,Gable,Concrete Tiles,2,21
296.7,4.27,Flat,RC Slab,15,28
331.5,2.38,Gable,Metal Sheets,15,12
107.8,3.3,Hip,Metal Sheets,14,8
204.4,3.09,Gable,Concrete Tiles,6,24
99.7,2.44,Gable,Clay Tiles,10,11
239.4,3.75,Gable,Clay Tiles,3,49
138.2,2.33,Gable,Concrete Tiles,14,11
235.3,2.66,Hip,Asbestos Sheets,2,46
257.8,1.59,Hip,Concrete Tiles,8,25
273.1,1.96,Gable,Clay Tiles,13,21
99.4,3.39,Lean-to,Metal Sheets,12,5
343.4,2.33,Lean-to,Concrete Tiles,14,18
127.3,2.33,Gable,Clay Tiles,8,17
75,2.01,Hip,Metal Sheets,3,13
204.6,2.51,Flat,RC Slab,2,49
158.3,3.27,Flat,RC Slab,4,33
298.2,3.6,Hip,Concrete Tiles,2,60
288.9,1.44,Flat,RC Slab,8,36
146,2.68,Gable,Clay Tiles,2,38
370.2,2.47,Gable,Clay Tiles,4,43
140.3,2.77,Flat,RC Slab,7,25
193.9,2.43,Flat,RC Slab,12,23
132.7,2.34,Lean-to,Metal Sheets,11,6
357,2.47,Gable,Clay Tiles,2,60
113.5,2.7,Gable,Metal Sheets,14,6
78.4,2.53,Gable,Metal Sheets,9,5
173.5,2.47,Gable,Clay Tiles,6,25
417.9,3.31,Gable,Concrete Tiles,7,33
328.9,3.09,Hip,Clay Tiles,13,24
265.6,2.22,Hip,Clay Tiles,8,34
328.4,3.26,Flat,RC Slab,5,35
329.9,3.43,Hip,Metal Sheets,7,22
194.9,1.75,Gable,Metal Sheets,2,33
145.8,2.7,Flat,RC Slab,4,29
274.4,2.1,Gable,Metal Sheets,6,18
236,3.08,Lean-to,Metal Sheets,5,19
158.9,1.99,Gable,Concrete Tiles,6,18
95.7,2.9,Hip,Clay Tiles,2,33
264.9,2.03,Lean-to,Clay Tiles,10,21
134.1,2.55,Hip,Concrete Tiles,3,36
357.5,3.87,Flat,RC Slab,5,41
129.5,2.3,Flat,RC Slab,15,16
103.5,3.52,Gable,Asbestos Sheets,2,19
298.8,4.18,Flat,RC Slab,5,40
110.9,3.51,Lean-to,Metal Sheets,9,8
116.7,1.79,Lean-to,Metal Sheets,6,9
217.2,3.32,Hip,Metal Sheets,6,20
319.7,1.24,Gable,Clay Tiles,3,44
120.3,2.33,Lean-to,Asbestos Sheets,7,9
144.5,3.5,Hip,Concrete Tiles,12,16
276.5,2.94,Gable,Asbestos Sheets,10,14
388.3,2.59,Gable,Clay Tiles,14,21
190.1,2.32,Gable,Asbestos Sheets,11,11
108.7,3.29,Hip,Clay Tiles,13,12
61.4,3,Gable,Concrete Tiles,8,8
127.2,2.47,Gable,Concrete Tiles,10,13
105.8,3.59,Gable,Clay Tiles,10,12
241.2,1.97,Lean-to,Clay Tiles,13,17
103.2,1.8,Gable,Asbestos Sheets,9,9
191.6,2.83,Gable,Asbestos Sheets,7,19
246.6,4.03,Hip,Asbestos Sheets,2,44
211.9,2.01,Gable,Concrete Tiles,14,15
121,2.02,Lean-to,Metal Sheets,8,7
287.2,1.71,Lean-to,Asbestos Sheets,13,13
253.8,3.46,Hip,Clay Tiles,11,27
262.1,1.96,Hip,Metal Sheets,2,42
105.6,2.54,Hip,Concrete Tiles,11,15
103.7,4.23,Gable,Concrete Tiles,8,13
351,1.07,Gable,Clay Tiles,5,38
164.5,2.64,Gable,Clay Tiles,5,27
142.5,2.55,Gable,Clay Tiles,10,15
187,3.28,Hip,Clay Tiles,3,51
236.4,2.25,Gable,Clay Tiles,10,21
372.5,2.36,Gable,Clay Tiles,13,25
139.3,1.8,Hip,Clay Tiles,3,33
349.1,3.08,Hip,Concrete Tiles,2,60
68.6,3.21,Gable,Clay Tiles,2,19
204.7,1.7,Gable,Metal Sheets,12,9
227.5,2.33,Gable,Clay Tiles,13,19
98.9,3.59,Gable,Concrete Tiles,15,7
107.8,0.93,Lean-to,Metal Sheets,2,15
169.7,2.13,Lean-to,Metal Sheets,8,10
382.4,2.64,Hip,Concrete Tiles,2,60
216.2,2.21,Hip,Concrete Tiles,7,30
354.8,2.07,Flat,RC Slab,6,37
287.3,2.45,Flat,RC Slab,10,30
181.6,1.84,Gable,Clay Tiles,14,15
279.3,2.59,Gable,Concrete Tiles,13,22
64.2,2.99,Hip,Clay Tiles,2,22
99.8,2.68,Hip,Concrete Tiles,5,17
298.1,1.54,Gable,Clay Tiles,5,31
284.2,3.4,Gable,Concrete Tiles,5,30
127.8,1.82,Gable,Clay Tiles,6,18
198,3.15,Gable,Metal Sheets,10,12
219.1,2.26,Hip,Clay Tiles,12,27
316.2,3.2,Flat,RC Slab,15,31
218.3,1.91,Hip,Clay Tiles,11,30
168.1,1.85,Gable,Clay Tiles,6,23
159,2.52,Gable,Clay Tiles,4,27
171.3,1.24,Lean-to,Metal Sheets,7,10
233,1.95,Hip,Metal Sheets,13,14
316.1,3.04,Gable,Metal Sheets,15,11
178.2,3.38,Gable,Clay Tiles,7,25
131,1.49,Lean-to,Metal Sheets,4,11
128.6,3.54,Lean-to,Asbestos Sheets,2,22
264.6,3.25,Lean-to,Metal Sheets,3,26
292.5,3.49,Flat,RC Slab,10,33
98.8,2.97,Hip,Clay Tiles,10,13
86.7,2.91,Hip,Metal Sheets,11,7
215.7,2.58,Gable,Clay Tiles,2,60
109.2,2.86,Flat,RC Slab,8,18
296,3.71,Hip,Clay Tiles,4,54
144.5,1.57,Gable,Clay Tiles,6,16
108.7,2.17,Lean-to,Asbestos Sheets,10,7
346.6,1.45,Hip,Clay Tiles,5,37
113.7,3.85,Gable,Concrete Tiles,11,11
138.9,2.42,Gable,Clay Tiles,6,18
111,2.91,Lean-to,Metal Sheets,9,7
101.5,3.39,Lean-to,Metal Sheets,8,8
66.3,4.24,Hip,Metal Sheets,7,6
82.6,1.78,Lean-to,Metal Sheets,3,10
115.7,3.25,Lean-to,Asbestos Sheets,10,7
81.8,3.56,Lean-to,Metal Sheets,15,5
214.8,1.34,Lean-to,Metal Sheets,11,10
242.2,3.12,Hip,Clay Tiles,12,23
163.6,2.25,Lean-to,Metal Sheets,13,7
146.2,2.85,Hip,Concrete Tiles,2,48
191.1,2.56,Flat,RC Slab,13,25
320,2.04,Gable,Metal Sheets,5,20
308.1,1.69,Flat,RC Slab,11,29
77.8,1.63,Lean-to,Concrete Tiles,15,6
117.2,1.58,Gable,Metal Sheets,14,6
128.6,2.82,Lean-to,Asbestos Sheets,7,9
131.3,2.24,Hip,Concrete Tiles,13,13
209.1,1.93,Gable,Concrete Tiles,10,21
169,2.95,Gable,Clay Tiles,3,34
80.2,2.94,Lean-to,Asbestos Sheets,5,9
158.9,2.61,Hip,Metal Sheets,15,9
196.2,3.79,Gable,Clay Tiles,14,21
97.7,2.31,Flat,RC Slab,14,15
299.9,3.37,Gable,Asbestos Sheets,7,22
81.3,1.47,Hip,Metal Sheets,6,8
349.2,3.08,Lean-to,Metal Sheets,13,11
97,4.2,Flat,RC Slab,2,31
304.5,3.41,Lean-to,Concrete Tiles,14,16
335.2,2.69,Hip,Clay Tiles,10,30
397.4,2.8,Lean-to,Metal Sheets,10,14
286.3,2.25,Gable,Clay Tiles,8,25
277.3,2.92,Gable,Concrete Tiles,15,18
230.1,3.16,Gable,Clay Tiles,12,22
277.1,4.38,Hip,Asbestos Sheets,2,47
106.4,2.51,Flat,RC Slab,9,20
199.5,1.4,Flat,RC Slab,14,23
193.6,2.73,Gable,Clay Tiles,3,39
311.2,1.64,Gable,Clay Tiles,12,18
180.4,2,Flat,RC Slab,5,30
161.6,2.2,Lean-to,Asbestos Sheets,9,11
229.2,3.05,Gable,Clay Tiles,14,22
135,1.84,Gable,Metal Sheets,8,10
107.7,1.79,Gable,Clay Tiles,2,31
184.2,1.32,Hip,Asbestos Sheets,2,32
169.1,3.51,Gable,Concrete Tiles,12,15
127.8,2.96,Gable,Clay Tiles,15,13
157.5,1.29,Flat,RC Slab,6,24
157.2,1.21,Gable,Clay Tiles,15,14
148.4,2.65,Hip,Clay Tiles,8,23
160.2,2.09,Gable,Asbestos Sheets,2,28
243.8,2.73,Lean-to,Asbestos Sheets,9,14
141.6,2.4,Hip,Clay Tiles,15,14
366.8,3.73,Gable,Clay Tiles,5,46
343.6,2.11,Gable,Metal Sheets,15,12
185,2.92,Flat,RC Slab,11,25
148.5,1.37,Lean-to,Metal Sheets,7,9
199.3,3.91,Gable,Metal Sheets,11,12
306.9,4.11,Gable,Metal Sheets,7,19
233.2,3.08,Gable,Clay Tiles,3,47
287.3,2.46,Flat,RC Slab,14,29
198.6,1.94,Lean-to,Metal Sheets,7,12
227.1,3.29,Hip,Clay Tiles,9,26
139.7,3.07,Gable,Clay Tiles,12,14
260.6,1.95,Lean-to,Clay Tiles,3,35
121.5,2.44,Flat,RC Slab,12,17
246.8,2.46,Gable,Concrete Tiles,7,25
312.7,3.34,Gable,Metal Sheets,9,16
105.8,2.93,Hip,Concrete Tiles,8,18
221.6,2.83,Lean-to,Metal Sheets,12,9
95.8,2.85,Flat,RC Slab,4,27
257.4,2.07,Flat,RC Slab,3,44
92.6,2.28,Lean-to,Asbestos Sheets,7,8
356.9,1.32,Gable,Concrete Tiles,3,39
107.1,3.21,Gable,Clay Tiles,5,20
375.4,2.4,Gable,Clay Tiles,11,24
285.9,2.41,Lean-to,Asbestos Sheets,13,12
215.5,2.01,Hip,Metal Sheets,11,12
278.5,1.91,Gable,Clay Tiles,6,31
283.5,2.71,Gable,Metal Sheets,13,13
364.5,1.97,Flat,RC Slab,7,37
132.2,1.42,Flat,RC Slab,4,29
214.5,3.16,Flat,RC Slab,12,30
95.8,2.29,Gable,Clay Tiles,9,11
222.1,2.3,Lean-to,Metal Sheets,7,16
115,2.4,Lean-to,Metal Sheets,11,6
207.4,3.3,Flat,RC Slab,12,27
209.5,2.18,Flat,RC Slab,5,35
181.2,3.13,Lean-to,Asbestos Sheets,3,22
195.9,3.81,Lean-to,Metal Sheets,9,9
271.3,2.88,Hip,Concrete Tiles,2,60
285.2,2.4,Hip,Clay Tiles,10,26
187.9,3.1,Hip,Concrete Tiles,8,28
217.2,2.45,Lean-to,Asbestos Sheets,5,21
353.5,2.37,Flat,RC Slab,10,36
102.7,2.58,Gable,Clay Tiles,7,14
102,2.17,Gable,Asbestos Sheets,7,8
93.6,1.59,Lean-to,Metal Sheets,5,8
234.8,2.37,Lean-to,Metal Sheets,11,13
169.5,1.66,Lean-to,Asbestos Sheets,14,8
275.3,2.36,Hip,Metal Sheets,10,13
239.1,2.64,Lean-to,Metal Sheets,5,19
149.7,3.77,Lean-to,Asbestos Sheets,13,9
332.7,1.26,Gable,Clay Tiles,3,53
270.8,2.78,Gable,Concrete Tiles,6,32
135.8,2.45,Lean-to,Asbestos Sheets,2,24
156.7,1.15,Gable,Asbestos Sheets,13,9
145.4,2.02,Hip,Concrete Tiles,2,35
111.9,1.64,Flat,RC Slab,9,18
109.6,1.93,Flat,RC Slab,4,25
357,2.07,Gable,Concrete Tiles,4,38
174.2,2.34,Flat,RC Slab,10,23
161.1,2.59,Gable,Concrete Tiles,13,13
258.8,0.88,Lean-to,Metal Sheets,2,27
204.1,1.78,Gable,Clay Tiles,4,39
357,1.54,Flat,RC Slab,6,45
277.6,2.63,Lean-to,Clay Tiles,15,17
184.6,2.2,Gable,Clay Tiles,2,47
159.5,2.63,Gable,Metal Sheets,4,15
407.5,1.95,Lean-to,Metal Sheets,7,17
254.6,1.18,Gable,Metal Sheets,6,19
368.7,3.83,Gable,Clay Tiles,2,58
102.3,1.6,Hip,Asbestos Sheets,9,10
307.8,1.67,Lean-to,Asbestos Sheets,10,14
228.4,1.73,Hip,Clay Tiles,4,45
103.2,4.12,Hip,Concrete Tiles,11,15
214,2.78,Lean-to,Asbestos Sheets,2,38
243.9,2.76,Hip,Clay Tiles,12,25
60.1,4.18,Hip,Clay Tiles,5,15
178.3,1.52,Hip,Metal Sheets,5,18
296.3,4.05,Gable,Metal Sheets,4,24
141.2,1.9,Gable,Clay Tiles,14,13
179.3,2.79,Flat,RC Slab,9,27
175.3,2.38,Gable,Metal Sheets,11,10
142.7,2.31,Flat,RC Slab,4,27
345,3.77,Gable,Clay Tiles,2,60
278,1.74,Hip,Clay Tiles,2,60
100.2,4.35,Gable,Concrete Tiles,8,12
430,2.3,Hip,Clay Tiles,6,42
322.2,2.85,Flat,RC Slab,12,32
138.7,4,Hip,Clay Tiles,13,18
301.4,1.38,Gable,Concrete Tiles,6,27
99.1,3.73,Gable,Clay Tiles,8,13
439,2.67,Lean-to,Metal Sheets,7,19
237.3,2.98,Gable,Metal Sheets,11,12
232.4,1.74,Lean-to,Metal Sheets,10,11
94.5,2.6,Gable,Metal Sheets,11,6
332,2.91,Gable,Concrete Tiles,2,60
70.8,2.44,Flat,RC Slab,6,17
129.5,1.76,Hip,Concrete Tiles,15,13
108.5,2,Gable,Clay Tiles,6,16
276.2,3.44,Lean-to,Asbestos Sheets,4,23
120.6,1.25,Gable,Clay Tiles,4,24
340,3,Hip,Clay Tiles,2,60
234.3,4.43,Hip,Metal Sheets,12,14
74.4,1.01,Hip,Metal Sheets,2,17
53.3,1.78,Lean-to,Asbestos Sheets,10,4
81.2,2.91,Gable,Clay Tiles,7,13
219.1,1.4,Lean-to,Metal Sheets,3,25
286.1,2.71,Flat,RC Slab,14,26
129,2.93,Lean-to,Metal Sheets,12,7
307.3,2.71,Lean-to,Asbestos Sheets,13,13
83.3,2.27,Lean-to,Metal Sheets,15,5
285.9,2.97,Flat,RC Slab,14,27
351.2,2.72,Hip,Clay Tiles,11,33
274.4,1.91,Hip,Clay Tiles,9,30
247.9,2.66,Flat,RC Slab,11,26
301.9,3.54,Hip,Concrete Tiles,8,32
76.3,2.89,Flat,RC Slab,4,20
121.4,2.47,Gable,Concrete Tiles,7,14
104,2.18,Lean-to,Metal Sheets,8,7
191.1,1.51,Gable,Clay Tiles,2,50
264.3,2,Lean-to,Metal Sheets,13,10
226.3,1.06,Gable,Clay Tiles,14,17
308.1,4.18,Gable,Concrete Tiles,7,29
111.4,1.95,Lean-to,Metal Sheets,8,7
260.5,3.3,Lean-to,Asbestos Sheets,13,12
119.6,1.8,Flat,RC Slab,8,21
135.9,2.1,Lean-to,Asbestos Sheets,11,8
251.9,2.37,Gable,Asbestos Sheets,9,14
398.2,2.19,Lean-to,Concrete Tiles,5,29
220.7,3.25,Hip,Clay Tiles,13,24
82.3,3.93,Hip,Clay Tiles,4,22
222.2,3.52,Hip,Clay Tiles,5,45
77.3,1.75,Gable,Metal Sheets,11,6
324.8,3.18,Hip,Clay Tiles,11,30
251.8,1.74,Flat,RC Slab,15,27
115.4,3.68,Gable,Clay Tiles,11,11
94.8,2.56,Lean-to,Metal Sheets,2,15
117.6,2.21,Hip,Clay Tiles,13,12
398,1.76,Gable,Metal Sheets,7,18
179.3,1.06,Flat,RC Slab,2,52
279.1,2.01,Gable,Concrete Tiles,10,22
228.2,3.68,Gable,Concrete Tiles,4,34
209.5,3.24,Flat,RC Slab,7,33
109,4.02,Gable,Asbestos Sheets,8,9
364.5,1.57,Gable,Clay Tiles,3,45
142.5,2.72,Flat,RC Slab,13,23
211.1,2.03,Gable,Clay Tiles,9,24
248.5,2.62,Lean-to,Metal Sheets,15,10
232.1,2.18,Lean-to,Asbestos Sheets,8,14
360.3,2.1,Gable,Concrete Tiles,10,23
109.8,2.68,Hip,Clay Tiles,13,15
192.1,1.84,Gable,Asbestos Sheets,4,21
166,2.47,Flat,RC Slab,14,16
183.3,2.85,Gable,Clay Tiles,4,39
102.5,1.67,Lean-to,Metal Sheets,15,5
106.3,3.77,Gable,Concrete Tiles,10,12
137.5,2.54,Flat,RC Slab,9,23
143.3,3.32,Gable,Asbestos Sheets,4,18
171.8,2.86,Gable,Concrete Tiles,9,19
220.6,3,Hip,Asbestos Sheets,9,18
227.7,3.01,Hip,Clay Tiles,15,20
167.9,3.51,Lean-to,Asbestos Sheets,13,9
167.2,2.77,Gable,Metal Sheets,8,13
124.6,2.08,Gable,Concrete Tiles,7,14
214,1.57,Hip,Clay Tiles,7,29
146,2.75,Hip,Asbestos Sheets,7,16
74.4,1.43,Lean-to,Metal Sheets,2,11
169.5,2,Lean-to,Metal Sheets,2,22
183.3,1.4,Lean-to,Asbestos Sheets,12,9
126.3,2.63,Gable,Asbestos Sheets,5,13
209.5,1.77,Hip,Asbestos Sheets,7,17
207.6,2.76,Flat,RC Slab,11,26
249.2,3.23,Gable,Metal Sheets,10,14
231.8,3.32,Flat,RC Slab,7,35
233.1,2.15,Gable,Clay Tiles,12,22
145.8,2.63,Gable,Asbestos Sheets,4,20
280.4,2.66,Lean-to,Metal Sheets,8,16
203,2.48,Gable,Concrete Tiles,3,40
172.6,2.86,Lean-to,Metal Sheets,9,10
225.1,1.92,Gable,Metal Sheets,3,24
155.9,4.1,Gable,Concrete Tiles,15,13
193.2,1.56,Gable,Metal Sheets,11,11
261.3,3.35,Gable,Clay Tiles,5,38
326,2.72,Hip,Clay Tiles,10,32
346.7,2,Gable,Clay Tiles,6,33
190.9,3.09,Flat,RC Slab,9,29
195.2,1.51,Lean-to,Metal Sheets,4,19
285.4,3.18,Hip,Concrete Tiles,9,31
145.4,2.72,Gable,Clay Tiles,3,31
301.7,1.61,Hip,Concrete Tiles,4,40
188.4,1.49,Lean-to,Metal Sheets,10,9
101.6,3.11,Hip,Clay Tiles,9,14
88.6,2.12,Gable,Concrete Tiles,6,13
303.8,3.57,Hip,Clay Tiles,2,60
82.7,3.14,Hip,Clay Tiles,7,13
138,2.97,Gable,Clay Tiles,14,12
149.8,2.08,Gable,Clay Tiles,11,15
115.3,3,Lean-to,Asbestos Sheets,2,18
145.3,3.87,Gable,Clay Tiles,15,14
263.4,1.54,Gable,Clay Tiles,7,27
61.9,2.19,Gable,Concrete Tiles,10,7
297.1,1.98,Hip,Concrete Tiles,2,60
310.7,2.33,Hip,Concrete Tiles,6,37
158.6,3.09,Gable,Clay Tiles,13,14
111,2.48,Hip,Asbestos Sheets,6,13
217.6,2.67,Flat,RC Slab,4,41
102.7,2.16,Gable,Clay Tiles,3,21
156.9,1.71,Lean-to,Metal Sheets,14,6
375,2.06,Gable,Asbestos Sheets,13,12
425.2,3.46,Gable,Concrete Tiles,2,58
274.4,2.74,Lean-to,Asbestos Sheets,14,10
144.7,2.3,Lean-to,Asbestos Sheets,13,7
244.4,3.22,Gable,Clay Tiles,7,33
250.4,1.42,Lean-to,Asbestos Sheets,11,11
162.2,2.03,Hip,Concrete Tiles,5,27
229.6,1.97,Gable,Clay Tiles,5,38
58.8,4.16,Lean-to,Metal Sheets,12,4
122.9,2.99,Lean-to,Metal Sheets,4,12
196.5,2.78,Gable,Asbestos Sheets,6,17
113.3,0.97,Flat,RC Slab,7,20
113.8,1.84,Hip,Clay Tiles,4,28
301.2,2.82,Gable,Clay Tiles,13,21
411.7,2.3,Lean-to,Asbestos Sheets,11,13
204.9,3.73,Hip,Metal Sheets,14,11
302.4,3.15,Hip,Clay Tiles,9,32
413.8,2.43,Hip,Metal Sheets,4,27
108.1,3.1,Hip,Concrete Tiles,5,19
176.8,4.06,Gable,Metal Sheets,6,14
163.3,2.45,Lean-to,Metal Sheets,15,7
91.2,2.83,Flat,RC Slab,5,20
268.1,3.71,Flat,RC Slab,11,32
173.2,2.01,Hip,Clay Tiles,3,36
182,3.56,Gable,Concrete Tiles,15,15
110.3,1.56,Gable,Clay Tiles,11,10
117,2.85,Hip,Concrete Tiles,8,16
337.9,3.2,Gable,Clay Tiles,6,41
78.3,2.77,Flat,RC Slab,6,19
127.8,2.52,Lean-to,Asbestos Sheets,5,12
140.5,2.78,Gable,Metal Sheets,10,11
187.4,1.75,Gable,Metal Sheets,14,8
213.5,1.93,Flat,RC Slab,5,38
188.2,2.06,Gable,Asbestos Sheets,12,10
92.5,2.73,Lean-to,Concrete Tiles,9,9
130.1,2.42,Hip,Clay Tiles,12,14
304.5,2,Gable,Clay Tiles,12,22
228.6,3.55,Gable,Metal Sheets,2,35
232.1,2.29,Lean-to,Concrete Tiles,2,44
238.8,2.43,Gable,Asbestos Sheets,14,13
270.9,2.36,Flat,RC Slab,4,40
83.7,1.84,Gable,Metal Sheets,10,6
157.3,3.06,Gable,Clay Tiles,12,17
200.4,2.43,Lean-to,Concrete Tiles,9,16
150.8,1.11,Gable,Asbestos Sheets,2,23
304.9,3.97,Gable,Concrete Tiles,2,58
185.4,3.3,Hip,Metal Sheets,11,13
273.1,3.03,Lean-to,Asbestos Sheets,14,13
308.5,3.49,Gable,Asbestos Sheets,6,22
191.2,3.65,Gable,Clay Tiles,9,21
339.4,2.21,Lean-to,Asbestos Sheets,15,11
213.6,2.76,Flat,RC Slab,13,26
307.7,2.76,Lean-to,Metal Sheets,9,13
151.3,2.06,Lean-to,Metal Sheets,11,7
189.6,1.95,Flat,RC Slab,15,21
198.2,1.62,Hip,Clay Tiles,13,21
98.7,2.87,Gable,Concrete Tiles,7,12
164.7,3.2,Flat,RC Slab,11,22
344.2,3.14,Flat,RC Slab,6,42
226.5,2.17,Lean-to,Metal Sheets,14,7
116.3,1.9,Hip,Asbestos Sheets,3,19
150.9,2.44,Gable,Concrete Tiles,5,20
119.3,2.62,Hip,Metal Sheets,6,13
68.5,3.71,Flat,RC Slab,4,18
350.9,3.51,Hip,Clay Tiles,10,31
176.8,3.69,Lean-to,Metal Sheets,11,9
143.9,3.42,Hip,Metal Sheets,14,8
216.9,3.98,Gable,Metal Sheets,9,14
55.5,2.46,Hip,Concrete Tiles,10,8
137.5,1.33,Flat,RC Slab,10,19
249.6,1.5,Lean-to,Asbestos Sheets,2,31
227.4,2.32,Hip,Metal Sheets,11,13
400.4,2.04,Hip,Concrete Tiles,2,60
223.4,1.8,Hip,Asbestos Sheets,9,18
184.1,3.9,Hip,Metal Sheets,15,11
270.3,1.88,Gable,Concrete Tiles,13,16
335.6,3.94,Lean-to,Metal Sheets,9,16
255.6,3.14,Lean-to,Metal Sheets,6,18
379.4,2.83,Hip,Clay Tiles,13,29
278.3,2.91,Hip,Metal Sheets,14,14
315.8,2.2,Gable,Metal Sheets,7,18
101.2,2.84,Hip,Clay Tiles,3,32
259.7,1.85,Hip,Concrete Tiles,10,25
174.8,3.8,Flat,RC Slab,10,23
204.1,2.14,Gable,Clay Tiles,15,15
233.7,2.03,Flat,RC Slab,14,29
386.1,3,Gable,Clay Tiles,5,44
404.3,2.87,Flat,RC Slab,5,40
139.7,2.44,Flat,RC Slab,15,17
260.2,2.81,Gable,Asbestos Sheets,6,20
266.1,1.77,Hip,Clay Tiles,8,34
152.6,2.91,Lean-to,Metal Sheets,6,10
103.7,2.07,Flat,RC Slab,7,16
76.6,2.07,Gable,Concrete Tiles,9,10
276.4,1.78,Hip,Clay Tiles,6,38
187.2,2.2,Gable,Metal Sheets,7,14
405.8,2.2,Flat,RC Slab,6,39
180.9,2.44,Flat,RC Slab,3,39
395.3,1.86,Gable,Asbestos Sheets,13,12
167.8,1.87,Flat,RC Slab,14,19
282.9,2.61,Flat,RC Slab,8,34
92.7,1.67,Lean-to,Asbestos Sheets,4,9
204.8,2.95,Gable,Concrete Tiles,11,18
286.4,3.84,Gable,Clay Tiles,9,26
349.1,2.39,Hip,Concrete Tiles,9,29
295.1,3.62,Gable,Clay Tiles,10,24
74.8,1.56,Hip,Clay Tiles,12,9
158.7,1.3,Gable,Metal Sheets,2,20
80,3.03,Gable,Clay Tiles,3,19
99.9,3.14,Flat,RC Slab,3,25
240.4,3.4,Gable,Concrete Tiles,4,32
253,1.38,Flat,RC Slab,15,25
275,3.18,Gable,Clay Tiles,12,22
315.1,2.29,Hip,Metal Sheets,11,15
262.2,2.14,Hip,Clay Tiles,11,22
285.9,1.81,Lean-to,Metal Sheets,2,33
80.1,4.32,Lean-to,Asbestos Sheets,4,9
128.2,1.41,Hip,Concrete Tiles,13,13
223.8,3.34,Flat,RC Slab,8,30
311.5,2.83,Gable,Asbestos Sheets,9,17
52.1,3.07,Hip,Clay Tiles,12,8
193.7,3,Gable,Metal Sheets,3,25
241,3.45,Hip,Asbestos Sheets,13,17
71.2,1.84,Gable,Concrete Tiles,11,7
165.4,0.87,Lean-to,Asbestos Sheets,7,12
331.2,2.73,Hip,Clay Tiles,8,30
239.2,2.25,Hip,Metal Sheets,3,31
128.8,1.66,Hip,Asbestos Sheets,4,17
308.9,1.85,Gable,Metal Sheets,5,23
153,2.2,Gable,Asbestos Sheets,14,8
309.1,1.44,Lean-to,Asbestos Sheets,3,28
142,1.38,Lean-to,Asbestos Sheets,6,11
214.6,3.69,Gable,Clay Tiles,3,49
164.4,2.16,Flat,RC Slab,5,29
136.8,4.13,Hip,Metal Sheets,2,30
326.1,3.97,Gable,Metal Sheets,5,20
118.4,1.72,Hip,Concrete Tiles,12,11
92.7,3.01,Gable,Clay Tiles,12,8
151.6,2.74,Gable,Concrete Tiles,7,20
254.5,2.95,Flat,RC Slab,11,31
288.6,1.55,Gable,Metal Sheets,10,14
437,1.86,Lean-to,Concrete Tiles,14,16
141.5,1.47,Flat,RC Slab,13,17
167,2.75,Lean-to,Metal Sheets,5,13
107,4.18,Flat,RC Slab,10,21
210.2,2.9,Lean-to,Metal Sheets,13,11
431.9,3,Hip,Clay Tiles,6,45
248.8,4.15,Hip,Clay Tiles,10,30
216,2.92,Hip,Asbestos Sheets,7,23
163.3,1.29,Lean-to,Metal Sheets,6,11
342.9,3.48,Gable,Concrete Tiles,4,39
189.1,2.27,Hip,Clay Tiles,2,56
106.4,0.96,Lean-to,Metal Sheets,12,5
157,2.54,Hip,Asbestos Sheets,13,11
86.9,3.8,Lean-to,Metal Sheets,11,5
121.4,2.03,Hip,Clay Tiles,5,25
64.1,2.51,Gable,Clay Tiles,2,20
178,1.81,Hip,Asbestos Sheets,10,15
227.6,1.38,Hip,Asbestos Sheets,4,25
151.9,1.49,Gable,Clay Tiles,9,19
170,3.04,Gable,Concrete Tiles,15,12
375.7,3.47,Gable,Clay Tiles,2,59
266.8,1.72,Lean-to,Asbestos Sheets,10,13
200.8,2.11,Lean-to,Metal Sheets,15,9
138.9,1.87,Hip,Metal Sheets,6,14
331.9,1.2,Gable,Asbestos Sheets,13,13
128.3,2.64,Hip,Clay Tiles,13,14
147.9,2.97,Lean-to,Metal Sheets,8,8
339.1,2.85,Flat,RC Slab,6,44
197.7,2.32,Gable,Clay Tiles,11,20
263.3,2.64,Gable,Clay Tiles,10,26
214.7,1.55,Lean-to,Metal Sheets,8,13
233.5,1.76,Lean-to,Metal Sheets,4,16
142.1,3.77,Gable,Asbestos Sheets,12,8
129.6,3.14,Lean-to,Metal Sheets,4,13
147.2,3.73,Gable,Metal Sheets,3,19
111.4,3.7,Gable,Clay Tiles,2,30
319.6,2.85,Lean-to,Metal Sheets,8,14
138.6,3.75,Hip,Concrete Tiles,3,36
206.4,2.37,Hip,Asbestos Sheets,6,22
282.2,0.95,Lean-to,Metal Sheets,5,18
279,1.41,Lean-to,Metal Sheets,8,13
174.3,1.61,Gable,Metal Sheets,12,9
183.8,1.55,Flat,RC Slab,8,23
423.2,2.24,Lean-to,Asbestos Sheets,9,16
240.2,2.98,Hip,Concrete Tiles,4,35
291.6,3.22,Lean-to,Metal Sheets,3,23
335.2,2.72,Flat,RC Slab,15,28
280.5,1.73,Gable,Clay Tiles,10,28
117.9,3.1,Gable,Metal Sheets,2,17
206.6,2.25,Lean-to,Asbestos Sheets,9,12
97.8,1.08,Lean-to,Asbestos Sheets,2,16
233.3,2.09,Gable,Clay Tiles,3,50
372.3,2.2,Gable,Clay Tiles,7,31
193.2,2.07,Lean-to,Concrete Tiles,11,16
173,3.29,Gable,Metal Sheets,10,10
74.3,3.13,Gable,Clay Tiles,13,8
376.2,2.96,Lean-to,Concrete Tiles,4,36
98.1,1.71,Lean-to,Asbestos Sheets,4,10
76.7,3.28,Lean-to,Metal Sheets,9,6
130.6,2.92,Flat,RC Slab,14,16
86.4,1.87,Gable,Clay Tiles,12,10
178.5,2.85,Lean-to,Asbestos Sheets,11,10
194.1,2.5,Gable,Clay Tiles,3,38
145,2.41,Gable,Concrete Tiles,14,10
80.9,1.61,Lean-to,Asbestos Sheets,15,4
100.5,2.57,Flat,RC Slab,10,18
161.4,1.57,Lean-to,Metal Sheets,6,11
84.6,1.79,Gable,Asbestos Sheets,11,6
247.9,1.69,Lean-to,Metal Sheets,10,11
122.4,3.9,Flat,RC Slab,15,17
142.7,2.1,Flat,RC Slab,3,28
163.7,2.25,Lean-to,Metal Sheets,9,9
169.1,2.18,Hip,Concrete Tiles,11,19
47.4,3.61,Flat,RC Slab,6,13
100.6,2.66,Flat,RC Slab,13,14
313.7,3.71,Lean-to,Asbestos Sheets,2,37
46.4,2.13,Lean-to,Metal Sheets,3,7
192,1.62,Flat,RC Slab,13,22
187.2,2.64,Gable,Concrete Tiles,3,34
149.6,2.23,Gable,Asbestos Sheets,7,14
172.6,3.26,Lean-to,Asbestos Sheets,5,15
277.7,3.53,Lean-to,Asbestos Sheets,11,15
303.4,2.48,Lean-to,Metal Sheets,2,30
133.7,4.03,Gable,Clay Tiles,6,22
147.2,2.64,Hip,Concrete Tiles,15,15
129.9,2.07,Lean-to,Metal Sheets,7,8
184.7,2.51,Lean-to,Asbestos Sheets,10,10
243,1.27,Gable,Clay Tiles,15,15
126.9,3.27,Flat,RC Slab,10,19
149.1,1.57,Gable,Clay Tiles,12,15
352.9,2.15,Hip,Clay Tiles,15,22
79.9,2.66,Gable,Clay Tiles,10,10
179.9,1.3,Gable,Clay Tiles,13,14
252.4,1.49,Gable,Concrete Tiles,9,21
110.2,2.96,Lean-to,Asbestos Sheets,13,6
79.4,1.45,Flat,RC Slab,10,14
107.3,2.48,Lean-to,Metal Sheets,6,8
345.2,2.22,Hip,Clay Tiles,9,29
57.4,1.96,Hip,Metal Sheets,6,6
118.6,1.86,Hip,Clay Tiles,7,17
72,3.14,Flat,RC Slab,6,15
100.2,3.89,Hip,Concrete Tiles,8,16
223.3,1.71,Flat,RC Slab,6,32
129.7,3.94,Lean-to,Metal Sheets,10,6
208.6,2.73,Lean-to,Asbestos Sheets,7,14
214.5,2.83,Gable,Metal Sheets,8,15
307.3,3,Hip,Concrete Tiles,3,51
52.5,2.98,Gable,Asbestos Sheets,7,6
309.1,3.32,Gable,Metal Sheets,6,18
223,2.5,Flat,RC Slab,15,26
113.1,2.6,Hip,Clay Tiles,8,19
274.7,2.18,Flat,RC Slab,2,55
310.2,1.59,Gable,Clay Tiles,6,28
132.4,2.89,Lean-to,Metal Sheets,12,6
345.2,1.25,Lean-to,Metal Sheets,4,24
178.3,2.08,Hip,Concrete Tiles,4,31
218.4,1.55,Lean-to,Metal Sheets,7,14
404.4,1.86,Gable,Clay Tiles,6,32
156.1,2.82,Flat,RC Slab,8,25
291,2.8,Lean-to,Metal Sheets,2,29
146.3,2.38,Lean-to,Asbestos Sheets,12,8
285.2,1.53,Lean-to,Asbestos Sheets,4,21
217.6,2.4,Hip,Asbestos Sheets,11,16
124.4,2.25,Lean-to,Metal Sheets,9,7
168.4,3.03,Flat,RC Slab,4,34
146.2,2.69,Gable,Clay Tiles,8,17
90.6,2.51,Gable,Asbestos Sheets,2,16
71.3,2.5,Lean-to,Asbestos Sheets,11,5
152.6,3.99,Flat,RC Slab,6,25
65,3.12,Hip,Concrete Tiles,7,12
113.7,2.52,Lean-to,Metal Sheets,4,11
257.2,2.49,Flat,RC Slab,7,33
251.3,1.2,Hip,Clay Tiles,7,33
261.9,3.83,Hip,Metal Sheets,5,25
146,2.17,Flat,RC Slab,15,16
328,2.03,Lean-to,Asbestos Sheets,5,20
215.6,4.43,Hip,Concrete Tiles,4,47
104.3,3.02,Hip,Concrete Tiles,9,14
108.7,1.33,Flat,RC Slab,6,17
246.2,1.41,Flat,RC Slab,8,31
115.3,1.19,Lean-to,Metal Sheets,12,5
191.8,2.74,Gable,Clay Tiles,3,36
416.6,1.45,Lean-to,Asbestos Sheets,9,14
51.5,3.78,Hip,Concrete Tiles,2,20
63.3,3.8,Gable,Clay Tiles,2,17
419.4,2.62,Flat,RC Slab,3,48
212.9,2.77,Flat,RC Slab,4,39
104.5,2.11,Hip,Clay Tiles,6,21
332.1,1.42,Lean-to,Concrete Tiles,15,17
322.8,3.07,Gable,Clay Tiles,14,20
199.5,1.58,Gable,Clay Tiles,3,43
223.8,1.51,Hip,Concrete Tiles,15,17
136.4,2.16,Hip,Metal Sheets,10,10
80.7,1.07,Flat,RC Slab,9,15
215.8,2.4,Lean-to,Asbestos Sheets,13,10
141.1,2.99,Flat,RC Slab,8,24
236.7,3.26,Gable,Metal Sheets,5,19
301.2,2.75,Hip,Clay Tiles,9,33
64.4,3.41,Gable,Asbestos Sheets,12,4
216.1,2.35,Flat,RC Slab,11,28
127.5,3.42,Gable,Asbestos Sheets,4,15
319.4,2.54,Hip,Concrete Tiles,15,24
132.2,1.95,Lean-to,Asbestos Sheets,5,12
220.5,3.84,Flat,RC Slab,13,30
204.2,2.08,Gable,Clay Tiles,6,28
164.2,1.19,Gable,Clay Tiles,2,39
241.2,2,Flat,RC Slab,15,27
257.4,2.27,Hip,Clay Tiles,10,30
207.9,2.24,Gable,Clay Tiles,5,32
269.2,2.58,Lean-to,Clay Tiles,2,43
402.6,3.55,Hip,Clay Tiles,3,58
169.7,2.12,Hip,Concrete Tiles,4,36
193.7,2.57,Gable,Clay Tiles,14,15
60.2,2.22,Hip,Clay Tiles,4,16
283.9,3.32,Gable,Clay Tiles,4,43
195.2,1.77,Gable,Clay Tiles,13,16
167,1.58,Hip,Concrete Tiles,14,13
95.5,2.53,Hip,Asbestos Sheets,4,14
327.8,2.9,Lean-to,Metal Sheets,11,15
163.9,3.24,Lean-to,Clay Tiles,9,16
242.8,2.71,Gable,Concrete Tiles,10,20
110,3.17,Gable,Concrete Tiles,6,14
377.9,2.32,Lean-to,Metal Sheets,12,13
116.5,1.24,Lean-to,Metal Sheets,14,5
120.9,1.63,Lean-to,Asbestos Sheets,12,6
311.9,1.28,Gable,Concrete Tiles,14,20
341.2,2.2,Gable,Clay Tiles,3,51
123.5,2.52,Gable,Metal Sheets,11,7
182.2,2.25,Lean-to,Metal Sheets,15,7
260.1,2.65,Hip,Metal Sheets,9,19
321.7,2.49,Hip,Clay Tiles,15,24
160.1,2.92,Hip,Asbestos Sheets,6,16
194.4,2.89,Gable,Clay Tiles,14,15
263.1,2.17,Flat,RC Slab,15,24
259.3,2.23,Gable,Clay Tiles,10,21
278.6,2.7,Flat,RC Slab,11,26
208.8,2.73,Flat,RC Slab,9,26
98.6,2.16,Flat,RC Slab,6,18
336,2.2,Gable,Concrete Tiles,9,24
315.1,2.96,Lean-to,Metal Sheets,15,12
284.7,2.84,Flat,RC Slab,2,54
97.2,1.69,Gable,Asbestos Sheets,4,12
121.9,2.42,Gable,Concrete Tiles,8,15
263.7,3.59,Flat,RC Slab,6,37
67.5,1.26,Gable,Clay Tiles,10,8
397,3.44,Gable,Clay Tiles,7,33
159.7,1.78,Gable,Asbestos Sheets,11,10
255.1,2.54,Gable,Concrete Tiles,3,52
326.7,2.38,Hip,Metal Sheets,6,25
163.8,1.04,Flat,RC Slab,11,19
146.5,3.69,Gable,Clay Tiles,8,19
219.9,2.44,Flat,RC Slab,11,26
211.9,3.9,Gable,Asbestos Sheets,10,15
167.3,2.1,Gable,Concrete Tiles,6,19
217.9,3.48,Gable,Concrete Tiles,7,24
356.5,3.72,Lean-to,Metal Sheets,15,11
181.6,2.64,Lean-to,Metal Sheets,15,8
120.3,1.9,Hip,Asbestos Sheets,2,26
159.7,2.94,Gable,Asbestos Sheets,11,11
163.7,2.63,Gable,Clay Tiles,8,20
105.6,3.84,Gable,Asbestos Sheets,2,21
113.1,2.41,Lean-to,Metal Sheets,10,6
243.4,2.06,Gable,Clay Tiles,2,58
151.1,1.7,Lean-to,Metal Sheets,6,12
371.9,2.97,Hip,Clay Tiles,11,30
130.1,4.05,Hip,Clay Tiles,13,16
97,1.21,Lean-to,Metal Sheets,7,8
267.4,3.08,Gable,Clay Tiles,13,21
323.1,3.75,Lean-to,Asbestos Sheets,13,13
137.5,1.47,Gable,Metal Sheets,8,10
121.4,1.61,Lean-to,Asbestos Sheets,4,13
118.1,2.95,Hip,Clay Tiles,11,14
195.7,2.85,Gable,Metal Sheets,2,31
181.8,1.44,Lean-to,Metal Sheets,14,7
133.5,3.37,Gable,Metal Sheets,7,12
78.5,2.58,Gable,Concrete Tiles,12,8
185.1,3.65,Lean-to,Metal Sheets,12,9
375.8,3.53,Hip,Clay Tiles,8,39
233.2,3.29,Lean-to,Asbestos Sheets,15,11
188.7,2.56,Flat,RC Slab,13,26
100.3,2.02,Flat,RC Slab,14,14
132,2.54,Gable,Asbestos Sheets,3,19
141.1,1.57,Gable,Concrete Tiles,8,15
271.6,2.87,Lean-to,Clay Tiles,15,17
320.8,1.69,Gable,Asbestos Sheets,13,13
334.6,2.55,Hip,Clay Tiles,8,36
404.3,1.37,Gable,Metal Sheets,2,38
401.2,2.13,Gable,Clay Tiles,5,41
370.3,1.97,Hip,Concrete Tiles,10,28
88.5,2.78,Lean-to,Metal Sheets,10,5
107.2,3.21,Lean-to,Clay Tiles,14,10
143.2,1.38,Lean-to,Asbestos Sheets,3,16
204,3.42,Gable,Clay Tiles,7,29
96.4,3.46,Hip,Clay Tiles,5,22
305.6,2.22,Gable,Clay Tiles,15,22
222.3,2.87,Flat,RC Slab,4,41
201.2,2.34,Gable,Metal Sheets,5,17
113.6,1.76,Hip,Asbestos Sheets,6,13
132.1,2.59,Gable,Clay Tiles,3,29
112.5,1.52,Lean-to,Metal Sheets,11,6
308.5,3.53,Lean-to,Asbestos Sheets,9,18
212.8,3.73,Lean-to,Metal Sheets,9,13
260.7,3.32,Gable,Concrete Tiles,14,17
141.4,2.66,Lean-to,Metal Sheets,8,10
158.3,2.65,Gable,Clay Tiles,6,23
166.2,4.15,Gable,Clay Tiles,7,21
269.8,2.01,Gable,Asbestos Sheets,13,12
274.5,1.47,Gable,Clay Tiles,9,27
122.4,2.66,Hip,Clay Tiles,4,31
361.1,2.2,Gable,Metal Sheets,11,15
102.9,2.18,Hip,Asbestos Sheets,12,9
331.4,1,Flat,RC Slab,5,43
97.4,2.73,Lean-to,Metal Sheets,9,6
134.6,2.05,Flat,RC Slab,9,21
305.9,1.85,Hip,Clay Tiles,4,50
116.7,1.29,Gable,Concrete Tiles,2,29
168.3,2.27,Lean-to,Metal Sheets,12,7
177.2,3.53,Gable,Concrete Tiles,10,19
130.4,2.21,Gable,Clay Tiles,11,15
252,2.92,Gable,Clay Tiles,7,28
308.2,3.12,Flat,RC Slab,9,33
319.7,2.19,Hip,Clay Tiles,15,25
151,3.32,Flat,RC Slab,5,27
198.1,2.95,Gable,Metal Sheets,11,10
131.1,2.65,Hip,Clay Tiles,3,37
130.3,0.88,Hip,Clay Tiles,2,37
112.7,1.26,Gable,Concrete Tiles,15,9
359.9,4.23,Hip,Metal Sheets,3,37
326.9,3.2,Flat,RC Slab,11,36
276.4,3.8,Hip,Clay Tiles,9,34
194.5,3.63,Gable,Concrete Tiles,13,16
187.5,1.15,Flat,RC Slab,9,23
197.8,3.23,Gable,Concrete Tiles,11,18
199.6,2.43,Gable,Clay Tiles,14,18
173.4,3.22,Gable,Asbestos Sheets,13,10
105.7,1,Hip,Metal Sheets,12,7
104.2,2.11,Gable,Clay Tiles,4,20
369.6,3.11,Flat,RC Slab,4,50
185.3,3.23,Gable,Clay Tiles,8,22
370.4,2.78,Lean-to,Metal Sheets,11,13
113.2,2.14,Gable,Clay Tiles,11,11
204.5,2.16,Flat,RC Slab,13,30
122.6,3.99,Lean-to,Metal Sheets,3,15
132.1,2.41,Hip,Asbestos Sheets,4,19
71.4,2.43,Gable,Metal Sheets,4,9
102.5,2.63,Hip,Clay Tiles,9,14
343.9,2.36,Lean-to,Metal Sheets,10,13
147,2.64,Lean-to,Metal Sheets,3,16
219.7,2.4,Gable,Concrete Tiles,14,16
181,3.34,Lean-to,Metal Sheets,6,14
165.2,3.66,Gable,Asbestos Sheets,11,10
198.3,3.77,Gable,Metal Sheets,12,12
118.4,2.66,Flat,RC Slab,2,35
410.7,2.42,Hip,Clay Tiles,14,27
293.2,2.99,Hip,Concrete Tiles,15,19
263,3.38,Lean-to,Asbestos Sheets,15,10
181.9,2.66,Gable,Metal Sheets,3,25
110.8,2.97,Flat,RC Slab,7,28
346.4,3.11,Hip,Concrete Tiles,5,47
151.5,2.91,Gable,Clay Tiles,8,20
80.5,3.1,Hip,Concrete Tiles,15,9
151.7,1.91,Lean-to,Metal Sheets,12,7
283.2,2.53,Hip,Concrete Tiles,12,26
224.1,2.71,Gable,Clay Tiles,7,25
266.4,0.92,Flat,RC Slab,15,22
282.9,3.44,Lean-to,Asbestos Sheets,14,11
123.5,2.76,Lean-to,Asbestos Sheets,13,7
348.5,1.67,Hip,Clay Tiles,13,26
174.2,3.31,Hip,Clay Tiles,11,22
229,3.02,Hip,Metal Sheets,3,32
48.7,3.13,Lean-to,Metal Sheets,5,5
420,2.32,Lean-to,Asbestos Sheets,12,13
138.1,3.44,Lean-to,Asbestos Sheets,6,11
85.1,2.37,Hip,Clay Tiles,4,18
179.3,2.67,Gable,Metal Sheets,15,8
105.1,0.86,Hip,Concrete Tiles,8,13
110.7,2.84,Gable,Concrete Tiles,14,10
226.9,3.02,Gable,Clay Tiles,5,36
163.4,2.67,Hip,Clay Tiles,7,23
347.2,2.52,Flat,RC Slab,6,39
146.5,3.28,Lean-to,Metal Sheets,7,12
257.5,2.93,Lean-to,Concrete Tiles,8,21
180,2.08,Lean-to,Asbestos Sheets,6,15
235.5,3.94,Lean-to,Asbestos Sheets,13,12
217.3,2.99,Flat,RC Slab,6,38
182.9,4.19,Gable,Clay Tiles,8,24
367.8,4.03,Flat,RC Slab,14,31
151.8,3.71,Gable,Concrete Tiles,8,18
116.2,3.12,Gable,Metal Sheets,2,20
241.3,2.76,Gable,Concrete Tiles,2,51
305.7,1.81,Lean-to,Metal Sheets,8,13
76.3,2.62,Flat,RC Slab,11,15
177.1,3.15,Lean-to,Asbestos Sheets,15,9
329.4,2.57,Lean-to,Metal Sheets,3,25
265.9,3.49,Lean-to,Metal Sheets,9,13
416.7,1.61,Gable,Asbestos Sheets,6,21
198.2,2.3,Lean-to,Metal Sheets,8,11
235.5,2.54,Lean-to,Metal Sheets,8,11
142.8,2.4,Lean-to,Asbestos Sheets,6,11
365.7,1.6,Gable,Asbestos Sheets,2,40
157.2,1.75,Gable,Clay Tiles,3,28
261.9,3.38,Lean-to,Asbestos Sheets,9,15
165.8,2.5,Gable,Clay Tiles,5,28
206.5,1.34,Hip,Clay Tiles,6,34
255.3,1.11,Hip,Clay Tiles,3,51
192.2,2.48,Gable,Concrete Tiles,2,38
337.9,1.79,Gable,Clay Tiles,3,51
169.7,2.99,Lean-to,Metal Sheets,7,12
231.5,3.24,Lean-to,Asbestos Sheets,4,24
151.7,1.96,Lean-to,Asbestos Sheets,5,16
167,2.72,Gable,Metal Sheets,6,13
174.8,1.76,Gable,Metal Sheets,6,11
104.2,2.14,Hip,Clay Tiles,2,31
94.9,3.57,Hip,Clay Tiles,3,27
237.9,2.62,Gable,Concrete Tiles,15,17
234.1,3.56,Lean-to,Asbestos Sheets,11,12
236.4,1.95,Lean-to,Metal Sheets,3,21
65.5,2.2,Hip,Clay Tiles,5,14
148.1,2.47,Hip,Clay Tiles,7,21
120.6,2.49,Hip,Clay Tiles,14,14
276.7,4.36,Gable,Asbestos Sheets,14,13
312.7,1.62,Gable,Concrete Tiles,12,19
130.7,3.43,Hip,Clay Tiles,3,32
238,3.47,Hip,Concrete Tiles,8,30
105.1,2.64,Hip,Concrete Tiles,8,15
136.8,2.23,Lean-to,Metal Sheets,10,8
107.4,2.57,Gable,Clay Tiles,13,11
138.6,2.12,Gable,Metal Sheets,6,11
240.2,3.25,Gable,Clay Tiles,9,23
339.9,2.53,Gable,Concrete Tiles,5,32
121.5,3.74,Hip,Concrete Tiles,4,25
201.1,2.79,Lean-to,Asbestos Sheets,6,19
249,2.56,Lean-to,Clay Tiles,12,17
370.2,3,Flat,RC Slab,8,36
220.3,2.54,Hip,Metal Sheets,11,14
132.5,3.64,Gable,Concrete Tiles,11,13
224.9,1.84,Hip,Clay Tiles,7,35
146.8,4.04,Gable,Concrete Tiles,15,12
393.2,3.29,Lean-to,Asbestos Sheets,2,39
165,3.46,Hip,Asbestos Sheets,14,12
243.7,2.5,Gable,Metal Sheets,2,39
67.6,3.38,Gable,Clay Tiles,7,12
165.1,2.15,Gable,Metal Sheets,13,8
320,3.14,Lean-to,Asbestos Sheets,11,14
220.4,1.71,Gable,Concrete Tiles,6,27
175.7,2.15,Gable,Concrete Tiles,14,14
356.9,2.42,Gable,Concrete Tiles,3,43
309.4,2.18,Lean-to,Asbestos Sheets,11,14
147.2,2.31,Hip,Clay Tiles,9,20
201.8,3.32,Flat,RC Slab,4,38
187.3,2.03,Hip,Clay Tiles,14,17
226.9,3.09,Gable,Metal Sheets,12,12
149.8,1.46,Lean-to,Concrete Tiles,2,27
130.2,3.15,Gable,Metal Sheets,3,16
341.3,3.23,Gable,Clay Tiles,2,60
348.5,2.34,Hip,Clay Tiles,7,38
304.4,3.03,Gable,Clay Tiles,7,35
395.7,3.69,Gable,Metal Sheets,12,15
264.3,3.26,Lean-to,Asbestos Sheets,11,15
271.6,2.32,Hip,Asbestos Sheets,2,49
270.8,2.5,Gable,Clay Tiles,8,29
184.9,3.19,Gable,Concrete Tiles,12,19
178.8,2.12,Flat,RC Slab,14,20
129.4,3.27,Gable,Metal Sheets,6,10
230.8,2.19,Gable,Clay Tiles,2,57
139.9,3.27,Flat,RC Slab,4,29
133.1,1.52,Flat,RC Slab,6,23
213.3,1.31,Lean-to,Clay Tiles,8,21
167.5,4.37,Hip,Concrete Tiles,6,26
124.9,3.49,Gable,Clay Tiles,3,32
292.2,3.55,Hip,Clay Tiles,6,37
312.7,3.88,Flat,RC Slab,6,43
114.2,2.41,Gable,Metal Sheets,8,9
55.7,2.1,Hip,Concrete Tiles,3,13
150.3,1.68,Gable,Metal Sheets,13,7
284.5,2.53,Lean-to,Asbestos Sheets,7,16
302.5,1.94,Lean-to,Metal Sheets,6,17
107.4,3.79,Hip,Metal Sheets,14,7
275.3,0.95,Lean-to,Concrete Tiles,12,17
101.6,1.72,Lean-to,Metal Sheets,3,11
162.7,2.01,Gable,Metal Sheets,4,20
436.3,1.89,Hip,Clay Tiles,2,60
119.5,1.96,Flat,RC Slab,9,20
111.1,2.87,Gable,Clay Tiles,6,16
170.5,2.19,Hip,Clay Tiles,7,25
223.2,2.77,Gable,Metal Sheets,9,16
354.7,3.58,Lean-to,Metal Sheets,9,13
399.1,2.74,Hip,Clay Tiles,2,60
87.8,2.96,Lean-to,Asbestos Sheets,3,11
107.3,2.27,Hip,Clay Tiles,13,12
281.7,1.77,Gable,Metal Sheets,15,10
135.9,2.18,Lean-to,Concrete Tiles,13,10
325.2,3.97,Gable,Clay Tiles,14,22
236.6,2.79,Gable,Clay Tiles,8,21
100.6,2.08,Hip,Asbestos Sheets,13,7
299.5,2.43,Flat,RC Slab,14,28
116.1,3.37,Gable,Clay Tiles,14,10
170.7,2.89,Gable,Clay Tiles,4,34
203.9,2.65,Gable,Asbestos Sheets,4,22
190.1,3.56,Gable,Metal Sheets,7,14
243.9,2.9,Gable,Concrete Tiles,9,22
233.2,2.83,Hip,Concrete Tiles,15,20
417.2,1.86,Gable,Asbestos Sheets,6,24
441.2,1.59,Gable,Concrete Tiles,13,24
194.2,3.98,Flat,RC Slab,14,26
95.9,2.73,Flat,RC Slab,15,16
258.1,2.37,Gable,Concrete Tiles,4,41
393.8,2.71,Gable,Metal Sheets,5,23
146.3,1.4,Gable,Concrete Tiles,5,23
180,3.32,Lean-to,Metal Sheets,12,9
171,1.93,Gable,Clay Tiles,11,17
81.1,3.27,Gable,Concrete Tiles,7,11
239.4,2.6,Hip,Concrete Tiles,3,42
154.2,2.08,Gable,Clay Tiles,9,18
280.4,1.22,Gable,Clay Tiles,12,18
299.3,3.3,Gable,Metal Sheets,8,14
294.5,1.82,Flat,RC Slab,5,40
169.1,1.35,Flat,RC Slab,10,20
147,3.12,Flat,RC Slab,11,21
265.7,2.24,Lean-to,Metal Sheets,10,12
286.1,2.32,Gable,Clay Tiles,14,20
187.6,2.01,Lean-to,Metal Sheets,6,12
329.7,3.45,Flat,RC Slab,10,37
108.7,2.13,Lean-to,Metal Sheets,13,5
322.1,1.92,Flat,RC Slab,4,45
96.1,2.15,Hip,Metal Sheets,5,10
111,1.9,Gable,Clay Tiles,2,29
198.9,2.17,Hip,Clay Tiles,7,32
87.1,1.5,Gable,Metal Sheets,2,16
81.6,1.77,Hip,Clay Tiles,12,10
44.1,2.37,Gable,Clay Tiles,3,12
173.8,3.53,Gable,Metal Sheets,11,9
275.4,1.38,Lean-to,Asbestos Sheets,10,12
73.8,1.92,Flat,RC Slab,15,10
233.1,3.66,Hip,Metal Sheets,6,22
295.3,3.58,Gable,Metal Sheets,6,21
114.2,2.92,Hip,Asbestos Sheets,5,14
109.4,1.99,Lean-to,Metal Sheets,9,7
312.8,2.38,Flat,RC Slab,5,40
295.3,1.92,Flat,RC Slab,3,51
200.2,1.67,Hip,Metal Sheets,15,10
293.6,2.3,Gable,Metal Sheets,11,12
95.2,2.68,Flat,RC Slab,3,23
163.8,2.26,Lean-to,Metal Sheets,10,8
261.6,2.76,Hip,Asbestos Sheets,6,26
133,2.12,Hip,Clay Tiles,4,28
266.9,2.23,Hip,Metal Sheets,8,18
191,3.22,Hip,Concrete Tiles,13,22
266.2,3.53,Lean-to,Metal Sheets,2,37
180.9,2.18,Flat,RC Slab,6,26
157.6,2.68,Hip,Clay Tiles,14,18
125,2.08,Hip,Asbestos Sheets,7,13
122.7,1.36,Hip,Concrete Tiles,3,27
266.6,3.07,Gable,Clay Tiles,8,28
102.5,1.81,Hip,Clay Tiles,11,11
93.1,2.39,Lean-to,Asbestos Sheets,15,6
116,2.5,Flat,RC Slab,10,19
115.8,1.85,Gable,Clay Tiles,2,28
295.3,1.55,Flat,RC Slab,13,26
164.7,2.24,Flat,RC Slab,12,19
413.9,3.89,Gable,Concrete Tiles,11,23
107.1,2.77,Flat,RC Slab,14,15
233.5,2.3,Flat,RC Slab,12,24
176.9,1.28,Lean-to,Asbestos Sheets,5,16
163.4,2.74,Gable,Clay Tiles,7,23
320,1.54,Gable,Concrete Tiles,9,23
392.5,2.61,Hip,Clay Tiles,8,34
318.8,3.11,Gable,Asbestos Sheets,10,17
119.4,2.38,Hip,Metal Sheets,11,8
125.3,2.13,Lean-to,Metal Sheets,3,13
234.3,1.33,Gable,Concrete Tiles,9,20
139.9,1.18,Hip,Concrete Tiles,2,38
260.5,2.4,Lean-to,Clay Tiles,9,23
207.8,3.55,Hip,Clay Tiles,7,32
203.5,2,Hip,Concrete Tiles,4,38
297.7,2.68,Hip,Asbestos Sheets,15,13
252.1,2.93,Gable,Clay Tiles,5,36
69.5,1.4,Gable,Concrete Tiles,2,18
80.3,1.75,Flat,RC Slab,7,20
217.8,2.2,Hip,Clay Tiles,12,23
186.3,2.9,Gable,Concrete Tiles,2,45
133.6,2.41,Gable,Clay Tiles,8,21
169.5,3.06,Lean-to,Clay Tiles,7,20
269,3.49,Gable,Clay Tiles,14,20
296.8,3.13,Flat,RC Slab,2,52
206.3,4.25,Hip,Clay Tiles,2,60
161.6,3.12,Hip,Metal Sheets,9,11
135.9,3.43,Gable,Metal Sheets,4,15
195.7,3.36,Gable,Concrete Tiles,11,18
145.5,3.05,Hip,Metal Sheets,5,16
207.1,3.26,Flat,RC Slab,9,26
240.8,3.79,Gable,Clay Tiles,2,60
86.6,2.48,Hip,Concrete Tiles,11,10
45.9,2.82,Hip,Clay Tiles,9,8
123.5,2.56,Gable,Clay Tiles,2,37
330.5,3.42,Hip,Asbestos Sheets,5,29
231.2,2.4,Gable,Metal Sheets,2,34
115.1,3.32,Hip,Clay Tiles,2,41
328.2,3.25,Gable,Clay Tiles,11,26
182.2,3.96,Hip,Asbestos Sheets,7,16
183.8,2.01,Gable,Clay Tiles,13,17
356.6,3,Hip,Clay Tiles,5,46
84.2,3.13,Hip,Clay Tiles,12,11
124.1,3.8,Lean-to,Metal Sheets,10,7
213.3,3.65,Hip,Clay Tiles,11,23
120.1,2.68,Lean-to,Clay Tiles,13,11
241.8,2.69,Gable,Clay Tiles,11,20
123.9,1.8,Hip,Concrete Tiles,12,13
97,4.06,Gable,Metal Sheets,12,6
122.4,2.03,Hip,Concrete Tiles,8,18
170.5,3.04,Flat,RC Slab,12,21
116,3.24,Lean-to,Asbestos Sheets,13,7
106.5,2.42,Hip,Concrete Tiles,12,13
312.5,1.92,Flat,RC Slab,10,30
146.8,1.86,Gable,Concrete Tiles,3,25
155.9,3.44,Gable,Concrete Tiles,8,16
82.6,2.55,Lean-to,Asbestos Sheets,2,15
155.1,1.53,Gable,Metal Sheets,3,17
134.6,3.02,Gable,Metal Sheets,7,11
220.4,2.02,Lean-to,Metal Sheets,8,12
122.1,3.52,Lean-to,Asbestos Sheets,9,8
327.1,2.15,Flat,RC Slab,14,29
352.4,1.89,Hip,Metal Sheets,12,15
97.2,1.51,Lean-to,Metal Sheets,7,7
99.4,2.55,Gable,Metal Sheets,6,10
101.5,2.43,Hip,Clay Tiles,11,13
223.1,3.11,Hip,Clay Tiles,5,41
103.3,2.46,Lean-to,Asbestos Sheets,14,6
308.7,2.23,Lean-to,Metal Sheets,12,10
267.7,2.04,Flat,RC Slab,11,30
293.9,2.08,Gable,Clay Tiles,5,35
196.8,3.75,Hip,Clay Tiles,10,27
428.8,1.79,Gable,Metal Sheets,13,13
78.1,4.2,Lean-to,Metal Sheets,3,11
165.4,2.19,Gable,Concrete Tiles,4,29
147.6,1.52,Gable,Metal Sheets,9,9
366.6,2.01,Flat,RC Slab,7,38
210.7,1.39,Hip,Concrete Tiles,11,21
288.1,3.22,Lean-to,Concrete Tiles,7,26
114.7,2.55,Gable,Metal Sheets,15,6
396.2,2.21,Lean-to,Metal Sheets,6,20
189.6,2.88,Gable,Asbestos Sheets,7,18
188.3,2.81,Gable,Concrete Tiles,2,47
387.2,3.82,Hip,Clay Tiles,5,54
160.5,3.95,Gable,Clay Tiles,5,23
164.5,2.92,Hip,Concrete Tiles,12,16
213,3.31,Gable,Clay Tiles,6,29
104.8,3.23,Gable,Concrete Tiles,4,19
146.9,2.51,Flat,RC Slab,6,25
119.6,2.98,Gable,Clay Tiles,9,13
98.2,1.48,Flat,RC Slab,12,16
315.4,3.13,Flat,RC Slab,15,34
214.3,3.96,Gable,Concrete Tiles,2,57
155.4,1.51,Lean-to,Metal Sheets,13,7
167.1,3.37,Gable,Metal Sheets,7,13
172.7,3.78,Hip,Clay Tiles,13,18
227.2,1.96,Gable,Clay Tiles,2,54
350.5,2.58,Lean-to,Metal Sheets,10,16
354.6,3.75,Hip,Concrete Tiles,15,23
163.1,3.94,Hip,Concrete Tiles,2,47
148.8,1.67,Lean-to,Metal Sheets,13,7
177.5,2.24,Gable,Clay Tiles,3,39
208.2,2.97,Lean-to,Asbestos Sheets,15,9
180.2,1.95,Flat,RC Slab,12,22
235.1,2.19,Lean-to,Metal Sheets,14,9
204.5,1.17,Lean-to,Metal Sheets,14,8
146.8,1.75,Lean-to,Asbestos Sheets,6,13
152.5,2.66,Gable,Concrete Tiles,7,17
160,2.86,Lean-to,Asbestos Sheets,11,10
95.7,2.85,Lean-to,Metal Sheets,4,10
113.8,3.19,Flat,RC Slab,6,27
256.4,2.37,Gable,Clay Tiles,3,46
162.5,2.07,Lean-to,Metal Sheets,14,7
124,1.1,Gable,Clay Tiles,5,20
206.8,1.91,Hip,Clay Tiles,7,29
268.1,2.16,Hip,Asbestos Sheets,8,18
133,1.83,Gable,Concrete Tiles,7,15
296.9,1.15,Flat,RC Slab,12,27
351,1.77,Gable,Clay Tiles,14,18
216.6,2.89,Flat,RC Slab,10,28
238.4,2.8,Lean-to,Metal Sheets,13,8
81.5,3.79,Gable,Metal Sheets,3,12
364.1,3.25,Flat,RC Slab,15,31
163.3,2.67,Gable,Clay Tiles,3,34
348.5,1.7,Lean-to,Metal Sheets,2,33
211.3,2.66,Lean-to,Metal Sheets,2,29
52.3,1.4,Gable,Metal Sheets,5,5
75.6,2.4,Flat,RC Slab,13,13
242.1,2.32,Hip,Concrete Tiles,6,33
206.7,2.39,Hip,Clay Tiles,13,20
69.5,2.09,Flat,RC Slab,7,15
263.7,2.94,Hip,Clay Tiles,3,57
308.6,3.39,Flat,RC Slab,8,35
189,3.16,Gable,Concrete Tiles,5,33
181.1,2.8,Hip,Concrete Tiles,6,28
53.4,2.61,Lean-to,Asbestos Sheets,9,4
280.1,1.23,Gable,Clay Tiles,13,19
149.1,3.03,Hip,Metal Sheets,10,10
321.9,2.62,Gable,Asbestos Sheets,5,26
158.8,2.07,Lean-to,Asbestos Sheets,12,8
207.4,2.19,Hip,Clay Tiles,11,23
135.8,3.79,Hip,Concrete Tiles,5,24
112.6,2.79,Gable,Clay Tiles,13,10
275.5,2.48,Hip,Clay Tiles,13,21
189,2.78,Lean-to,Metal Sheets,10,10
199.6,2.37,Hip,Asbestos Sheets,6,22
381.6,2.47,Hip,Clay Tiles,6,42
379.8,2.11,Flat,RC Slab,8,41
310.2,2.41,Hip,Metal Sheets,4,31
118.4,2.94,Hip,Concrete Tiles,6,20
215.7,1.29,Gable,Concrete Tiles,3,43
321.6,3.24,Gable,Clay Tiles,4,42
159.1,2.09,Flat,RC Slab,12,21
97.6,2.93,Lean-to,Asbestos Sheets,3,13
290.1,2.83,Lean-to,Metal Sheets,8,16
185.2,2.86,Lean-to,Metal Sheets,8,11
207.2,2.76,Hip,Clay Tiles,2,59
400.8,3.94,Gable,Clay Tiles,13,25
219.5,2.55,Flat,RC Slab,15,23
171.1,3.06,Lean-to,Metal Sheets,10,10
158,2.99,Flat,RC Slab,11,23
169.3,1.98,Hip,Clay Tiles,5,30
102.3,2.1,Flat,RC Slab,13,16
283.4,2.38,Lean-to,Metal Sheets,12,10
301.8,2.08,Lean-to,Clay Tiles,8,25
138.8,2.27,Lean-to,Metal Sheets,11,7
143.1,2.32,Hip,Clay Tiles,15,19
319.6,2.75,Gable,Clay Tiles,10,26
68,1.94,Hip,Clay Tiles,4,15
195.3,3.27,Gable,Concrete Tiles,6,23
180.6,2.41,Lean-to,Metal Sheets,4,18
245.2,2.99,Hip,Concrete Tiles,6,33
113.2,1.49,Hip,Concrete Tiles,14,10
238.2,2.47,Gable,Clay Tiles,4,39
159.6,1.21,Flat,RC Slab,14,20
222.9,2.91,Hip,Asbestos Sheets,5,27
76.3,2.23,Gable,Asbestos Sheets,8,7
180.1,3.87,Lean-to,Metal Sheets,9,11
195.8,2.19,Hip,Clay Tiles,3,47
124,2.66,Hip,Clay Tiles,4,28
107.7,2.03,Gable,Clay Tiles,6,16
118.6,2.78,Hip,Concrete Tiles,2,39
152.1,2.47,Flat,RC Slab,12,20
96.4,2.28,Lean-to,Asbestos Sheets,9,6
365.6,1.9,Gable,Clay Tiles,13,22
166.3,1.61,Lean-to,Metal Sheets,14,7
289.2,1.64,Flat,RC Slab,6,31
391.2,4.41,Gable,Clay Tiles,13,21
91.5,2.36,Gable,Asbestos Sheets,2,19
232.9,0.91,Gable,Asbestos Sheets,8,17
318.1,3.9,Lean-to,Metal Sheets,11,12
227.5,1.14,Gable,Concrete Tiles,8,22
172.1,2.37,Hip,Concrete Tiles,12,17
172.6,3.02,Flat,RC Slab,14,21
74.3,3.69,Lean-to,Asbestos Sheets,7,7
199.1,3.01,Flat,RC Slab,5,31
420.4,2.46,Lean-to,Asbestos Sheets,10,14
375.3,4.05,Gable,Metal Sheets,14,13
76.4,1.28,Lean-to,Metal Sheets,15,4
250.5,4.18,Gable,Clay Tiles,13,20
142.6,3.42,Gable,Asbestos Sheets,5,16
335.4,3.76,Lean-to,Metal Sheets,4,23
78.5,2.03,Gable,Clay Tiles,10,9
356.9,1.72,Gable,Metal Sheets,7,18
301.7,2.88,Flat,RC Slab,10,32
102.1,2.56,Gable,Metal Sheets,14,6
84.3,2.58,Gable,Concrete Tiles,9,9
300.5,3.73,Flat,RC Slab,6,36
111.5,2.78,Lean-to,Asbestos Sheets,14,6
199.1,2.16,Lean-to,Asbestos Sheets,8,13
343.2,2.34,Gable,Clay Tiles,10,23
208.1,1.69,Hip,Concrete Tiles,3,39
164.4,1.87,Lean-to,Asbestos Sheets,9,10
176,1.72,Gable,Metal Sheets,7,12
85.5,3.29,Gable,Clay Tiles,3,18
385,2.99,Gable,Clay Tiles,4,47
144.6,2.59,Hip,Metal Sheets,11,9
118.8,2.29,Gable,Clay Tiles,4,24
139.2,2.9,Flat,RC Slab,3,32
380.6,3.29,Lean-to,Metal Sheets,2,37
95.6,3.54,Gable,Metal Sheets,2,17
316,2.62,Flat,RC Slab,8,28
251.2,3.32,Gable,Concrete Tiles,8,23
298.3,2.55,Gable,Clay Tiles,10,24
392.9,2.48,Lean-to,Metal Sheets,10,14
303.9,3.48,Hip,Clay Tiles,9,28
362.5,2.31,Lean-to,Asbestos Sheets,15,12
104.5,2.33,Hip,Concrete Tiles,5,17
283.8,2.14,Gable,Clay Tiles,11,23
202.1,2.57,Hip,Clay Tiles,3,48
201.5,2.62,Gable,Clay Tiles,13,19
333.1,2.88,Lean-to,Metal Sheets,7,18
388.2,2.4,Flat,RC Slab,6,41
250.2,1.94,Gable,Clay Tiles,3,47
185.5,3.48,Hip,Concrete Tiles,9,23
178.8,2.23,Flat,RC Slab,7,34
161.9,3.73,Lean-to,Metal Sheets,15,6
156.1,1.91,Gable,Clay Tiles,4,26
163.1,2.65,Gable,Concrete Tiles,7,21
94.3,2.6,Gable,Clay Tiles,14,10
90.4,3.35,Hip,Clay Tiles,13,12
277.4,1.71,Hip,Clay Tiles,12,26
176.2,3.66,Gable,Clay Tiles,9,17
353.2,2.59,Hip,Clay Tiles,14,29
220.9,2.71,Hip,Metal Sheets,5,23
74,2.55,Gable,Clay Tiles,13,8
111.9,1.26,Lean-to,Asbestos Sheets,10,6
122.2,2.52,Hip,Metal Sheets,6,13
392.7,2.05,Hip,Clay Tiles,5,43
124.9,2.22,Hip,Clay Tiles,9,18
194,2.85,Gable,Clay Tiles,2,50
357.1,2.52,Lean-to,Metal Sheets,12,12
394.4,1.54,Hip,Concrete Tiles,5,37
128.6,1.46,Hip,Clay Tiles,7,20
80.1,1.85,Lean-to,Asbestos Sheets,4,9
111,1.86,Lean-to,Metal Sheets,8,7
85.6,2.76,Lean-to,Asbestos Sheets,7,8
120,1.83,Gable,Metal Sheets,4,13
208.4,3.54,Gable,Concrete Tiles,14,15
341.2,1.91,Flat,RC Slab,12,31
199.8,1.53,Hip,Asbestos Sheets,7,23
225,3.52,Flat,RC Slab,2,60
121.4,2.12,Lean-to,Clay Tiles,13,8
285.7,2.39,Gable,Clay Tiles,11,23
222.6,3.94,Gable,Clay Tiles,9,27
314.4,3.84,Hip,Clay Tiles,10,31
366.8,3.01,Gable,Clay Tiles,2,60
153,1.44,Flat,RC Slab,8,22
94.5,2.72,Flat,RC Slab,4,23
126.4,4.21,Hip,Concrete Tiles,11,14
174.2,3.86,Flat,RC Slab,15,24
364.3,1.59,Hip,Clay Tiles,9,31
160,2.33,Flat,RC Slab,10,21
273.9,2.17,Gable,Concrete Tiles,11,22
200.7,1.68,Flat,RC Slab,15,20
117.4,2.96,Flat,RC Slab,2,31
146.8,2.07,Gable,Metal Sheets,6,11
233.4,2.23,Hip,Clay Tiles,5,47
239.6,1.53,Lean-to,Metal Sheets,12,9
173.5,2.52,Gable,Clay Tiles,8,17
126.9,1.77,Flat,RC Slab,12,17
256,2.4,Lean-to,Asbestos Sheets,8,16
114.4,1.72,Lean-to,Asbestos Sheets,15,6
357.4,3.9,Hip,Clay Tiles,12,35
118.5,1.73,Flat,RC Slab,2,35
99.3,2.57,Lean-to,Asbestos Sheets,15,5
189.3,1.88,Hip,Clay Tiles,15,17
195,1.47,Gable,Metal Sheets,2,32
192,1.89,Gable,Concrete Tiles,7,21
173.9,1.37,Lean-to,Metal Sheets,15,7
423.5,1.71,Hip,Concrete Tiles,13,23
186.4,2.52,Gable,Metal Sheets,8,11
184.2,2.86,Gable,Metal Sheets,9,11
170.3,1.52,Lean-to,Metal Sheets,2,22
86.8,2.42,Hip,Metal Sheets,9,8
215.3,2.7,Lean-to,Metal Sheets,11,10
126.8,1.98,Flat,RC Slab,7,19
228.6,2.28,Lean-to,Asbestos Sheets,6,15
80.8,1.45,Lean-to,Asbestos Sheets,13,5
399.8,1.94,Gable,Clay Tiles,8,29
182,2.46,Flat,RC Slab,5,30
331.8,4.23,Gable,Clay Tiles,7,32
183.6,4.33,Lean-to,Metal Sheets,8,12
84.5,4.1,Gable,Clay Tiles,5,17
294.9,2.38,Flat,RC Slab,9,31
231.8,1.49,Lean-to,Metal Sheets,14,9
278.2,2.18,Gable,Clay Tiles,12,23
171.8,1.99,Lean-to,Asbestos Sheets,5,14
228.7,1.09,Gable,Clay Tiles,8,24
310.5,1.55,Hip,Clay Tiles,9,30
226.6,2.44,Hip,Concrete Tiles,11,21
152.9,2.22,Hip,Clay Tiles,12,18
236.3,1.83,Hip,Clay Tiles,8,30
239.3,3.01,Lean-to,Asbestos Sheets,6,19
377,2.25,Gable,Asbestos Sheets,11,14
158.3,3.43,Hip,Concrete Tiles,3,37
171.1,1.99,Lean-to,Metal Sheets,11,9
290.6,2.61,Lean-to,Metal Sheets,14,12
191.4,1.84,Gable,Asbestos Sheets,11,13
261.2,2.52,Lean-to,Asbestos Sheets,8,14
179.6,1.75,Gable,Metal Sheets,13,9
124.2,1.78,Hip,Concrete Tiles,9,15
264.3,2.76,Hip,Clay Tiles,9,31
105.6,2.05,Lean-to,Metal Sheets,13,5
120.7,1.81,Gable,Metal Sheets,4,11
225.3,3.76,Gable,Metal Sheets,12,12
265.1,1.3,Lean-to,Metal Sheets,11,11
330.6,2.66,Gable,Concrete Tiles,9,25
136.3,2.63,Hip,Clay Tiles,3,36
100.3,2.02,Flat,RC Slab,12,16
372.9,2.44,Flat,RC Slab,5,44
111.2,1.52,Gable,Asbestos Sheets,14,7
120.5,3.03,Gable,Clay Tiles,13,12
140.3,1.95,Lean-to,Asbestos Sheets,7,10
197.7,1.87,Hip,Clay Tiles,8,31
324.1,2.17,Gable,Concrete Tiles,2,56
270,3.63,Gable,Concrete Tiles,8,26
251.3,3.24,Gable,Clay Tiles,2,58
115.8,3.86,Lean-to,Asbestos Sheets,15,6
155.2,2.86,Gable,Metal Sheets,10,9
184.3,2.88,Gable,Metal Sheets,5,17
109.5,2.49,Hip,Clay Tiles,13,12
136.5,3.64,Gable,Metal Sheets,2,23
144.1,2.55,Gable,Concrete Tiles,9,14
104.6,2.25,Lean-to,Asbestos Sheets,3,14
203.3,2.83,Flat,RC Slab,2,50
250.2,2.62,Gable,Concrete Tiles,5,31
87.9,1.66,Hip,Concrete Tiles,6,12
185,2.32,Gable,Clay Tiles,12,18
278.3,2.16,Gable,Clay Tiles,14,20
265.3,3.41,Hip,Clay Tiles,12,24
291.8,2.3,Hip,Clay Tiles,12,28
176.8,3.32,Flat,RC Slab,9,23
294.2,2.42,Lean-to,Metal Sheets,7,17
129.5,3.12,Gable,Clay Tiles,5,21
155.9,1.69,Lean-to,Asbestos Sheets,15,6
116.1,3.73,Hip,Concrete Tiles,9,16
181.6,2.49,Gable,Clay Tiles,9,19
163.2,2.04,Lean-to,Asbestos Sheets,2,24
129.5,2,Gable,Asbestos Sheets,8,9
266.7,2.05,Hip,Metal Sheets,11,15
145.3,2.27,Flat,RC Slab,8,22
136.3,3.02,Gable,Metal Sheets,10,7
105.5,3.87,Lean-to,Clay Tiles,13,11
174.5,2.9,Gable,Concrete Tiles,2,41
142.9,2.62,Lean-to,Clay Tiles,14,11
157.9,2.43,Gable,Asbestos Sheets,13,8
128.5,3.34,Gable,Clay Tiles,7,19
271,3.42,Hip,Metal Sheets,12,13
352.7,2.12,Lean-to,Asbestos Sheets,2,38
189.4,3.9,Gable,Metal Sheets,6,15
230.2,2.33,Lean-to,Asbestos Sheets,3,25
315.9,3.25,Gable,Clay Tiles,10,23
437.4,3.99,Hip,Clay Tiles,13,27
221.3,2.98,Hip,Concrete Tiles,10,25
327.9,1.78,Gable,Metal Sheets,11,13
338.8,2.71,Lean-to,Asbestos Sheets,4,24
282,1.64,Hip,Metal Sheets,15,12
179.9,3.22,Flat,RC Slab,4,37
91.6,2.09,Hip,Metal Sheets,9,7
62.8,2.96,Hip,Asbestos Sheets,11,6
184,3.66,Flat,RC Slab,13,22
188.4,1.84,Lean-to,Metal Sheets,15,7
166.8,2.33,Flat,RC Slab,10,24
208.3,2.84,Hip,Asbestos Sheets,10,16
203.8,2.38,Flat,RC Slab,7,28
301.3,1.82,Flat,RC Slab,9,36
99.7,1.21,Hip,Clay Tiles,11,13
126.2,2.35,Flat,RC Slab,11,16
282.6,2.85,Hip,Concrete Tiles,10,24
306.5,2.68,Lean-to,Metal Sheets,8,15
423.5,1.76,Lean-to,Asbestos Sheets,4,24
318.9,2.43,Lean-to,Metal Sheets,2,38
327.9,2.28,Lean-to,Metal Sheets,7,17
145.4,2.07,Flat,RC Slab,7,24
165.5,3.05,Flat,RC Slab,10,22
135.3,2.15,Gable,Concrete Tiles,14,12
219.2,2.61,Hip,Metal Sheets,11,13
359,3.73,Gable,Clay Tiles,13,26
152.2,2.61,Gable,Concrete Tiles,10,16
205.2,2.77,Lean-to,Metal Sheets,14,8
141.4,1.46,Lean-to,Metal Sheets,15,6
114.6,1.83,Hip,Clay Tiles,4,30
120,1.57,Gable,Concrete Tiles,10,12
83.6,3.15,Flat,RC Slab,9,17
367.2,3.37,Hip,Metal Sheets,15,14
165.8,1.85,Lean-to,Asbestos Sheets,10,10
300.2,1.94,Lean-to,Asbestos Sheets,2,31
242.4,2.18,Gable,Concrete Tiles,4,35
119.3,2.72,Gable,Metal Sheets,3,16
115.9,2.79,Gable,Asbestos Sheets,4,16
290.5,2.94,Gable,Clay Tiles,3,41
134.6,3.64,Hip,Clay Tiles,12,16
341.7,2.12,Gable,Clay Tiles,8,32
107.8,2.87,Gable,Concrete Tiles,11,11
241.2,2.65,Gable,Concrete Tiles,15,17
291.6,2.15,Gable,Clay Tiles,11,21
128.3,3.65,Flat,RC Slab,8,20
137.1,1.55,Gable,Metal Sheets,5,11
380.7,3,Lean-to,Clay Tiles,12,20
134.6,3.05,Gable,Clay Tiles,9,15
172.3,3.69,Gable,Clay Tiles,12,17
172.9,2.57,Gable,Clay Tiles,2,41
132.1,2.18,Flat,RC Slab,4,26
275.8,3.34,Gable,Clay Tiles,3,46
274.3,3.17,Hip,Metal Sheets,11,16
160,2.53,Gable,Concrete Tiles,9,16
300.6,3.16,Lean-to,Metal Sheets,6,16
123.7,2.06,Gable,Concrete Tiles,6,16
51.9,2.71,Hip,Clay Tiles,10,9
209.1,3.48,Lean-to,Metal Sheets,15,9
421.7,2.17,Gable,Clay Tiles,15,19
75.6,2.5,Gable,Concrete Tiles,8,9
122.7,3.88,Lean-to,Metal Sheets,11,6
194.9,3.25,Gable,Metal Sheets,3,24
289.6,3.56,Gable,Clay Tiles,15,20
94,2.31,Hip,Metal Sheets,2,18
163.9,4.34,Gable,Clay Tiles,6,23
265,1.75,Lean-to,Metal Sheets,12,10
158.4,2.57,Flat,RC Slab,15,21
118.7,2.49,Hip,Metal Sheets,4,17
120.1,3.25,Gable,Concrete Tiles,11,11
167.5,3.66,Flat,RC Slab,4,32
184.6,3.05,Flat,RC Slab,2,43
313.3,2.8,Gable,Clay Tiles,7,33
230,2.39,Lean-to,Metal Sheets,10,12
245.3,2.55,Hip,Metal Sheets,5,24
402,2.55,Lean-to,Concrete Tiles,15,18
167.9,1.15,Gable,Concrete Tiles,10,15
165.9,2.53,Gable,Clay Tiles,8,22
348.2,3.44,Flat,RC Slab,8,38
130.6,3,Lean-to,Metal Sheets,8,8
258.8,3.24,Hip,Clay Tiles,3,55
267.8,2.32,Gable,Clay Tiles,10,26
96.6,2.59,Lean-to,Asbestos Sheets,12,6
181.8,1.25,Gable,Metal Sheets,7,13
121.1,2.31,Gable,Clay Tiles,7,15
118,2.48,Flat,RC Slab,14,15
180.7,2.03,Gable,Metal Sheets,10,11
139.9,1.23,Gable,Metal Sheets,6,10
283.9,2.95,Gable,Metal Sheets,2,39
338.2,2.4,Lean-to,Metal Sheets,13,11
286.6,2.37,Gable,Clay Tiles,10,22
134.9,2.02,Flat,RC Slab,10,20
136.6,2.6,Lean-to,Metal Sheets,5,11
132.5,2.41,Flat,RC Slab,4,28
106.6,2.48,Hip,Clay Tiles,8,19
362.8,2.7,Hip,Clay Tiles,12,27
165.6,0.99,Hip,Clay Tiles,6,27
126.1,3.65,Hip,Clay Tiles,9,18
306,1.45,Lean-to,Metal Sheets,15,10
164.9,2.43,Lean-to,Concrete Tiles,5,21
73.9,1.91,Hip,Metal Sheets,5,9
112.9,2.58,Gable,Clay Tiles,5,19
229.1,2.09,Lean-to,Concrete Tiles,14,15
278.6,3.46,Gable,Clay Tiles,9,24
123.3,2.33,Lean-to,Metal Sheets,14,6
344.3,2.82,Gable,Metal Sheets,15,12
308,2.01,Flat,RC Slab,7,35
306.8,1.14,Lean-to,Metal Sheets,2,35
126.7,2.35,Hip,Clay Tiles,6,19
80.7,2.6,Gable,Clay Tiles,9,11
316.1,2.45,Lean-to,Metal Sheets,7,15
143.5,3.96,Hip,Concrete Tiles,2,45
222.9,2.99,Gable,Clay Tiles,15,17
269.8,4.32,Hip,Clay Tiles,6,37
104.9,2.12,Hip,Clay Tiles,10,16
277.8,3.22,Flat,RC Slab,15,32
358.8,2.64,Gable,Concrete Tiles,9,25
258.3,2.76,Hip,Clay Tiles,11,28
175,4.17,Lean-to,Asbestos Sheets,2,29
320.8,2.86,Gable,Metal Sheets,11,16
197.1,3.61,Hip,Clay Tiles,13,19
264.2,3.04,Flat,RC Slab,14,28
294.2,1.67,Lean-to,Asbestos Sheets,3,26
265.8,2.97,Hip,Clay Tiles,5,35
139.6,2.5,Lean-to,Metal Sheets,2,19
102.2,3.71,Gable,Clay Tiles,14,12
129,3.27,Hip,Concrete Tiles,5,22
190.7,1.59,Lean-to,Asbestos Sheets,9,12
191.3,1.69,Lean-to,Clay Tiles,8,21
212.4,1.44,Hip,Clay Tiles,11,24
163.9,2.52,Hip,Clay Tiles,14,17
280.2,1.49,Hip,Concrete Tiles,6,29
341.6,3.03,Gable,Clay Tiles,13,21
130.8,2.64,Lean-to,Metal Sheets,6,11
261.2,3.37,Lean-to,Clay Tiles,4,36
241.3,2.09,Hip,Metal Sheets,3,32
196,2.57,Gable,Asbestos Sheets,7,16
118.6,1.63,Gable,Clay Tiles,9,16
283.6,3.55,Gable,Clay Tiles,12,22
377,1.82,Flat,RC Slab,13,34
256,1.58,Hip,Clay Tiles,9,29
344.6,1.9,Gable,Asbestos Sheets,7,23
403.7,3.27,Flat,RC Slab,4,43
153.9,1.59,Lean-to,Metal Sheets,14,7
228.8,2.77,Gable,Clay Tiles,7,27
183.2,3.1,Hip,Clay Tiles,12,21
407.5,3.11,Hip,Metal Sheets,10,20
95.5,1.86,Gable,Metal Sheets,15,5
168,1.4,Hip,Concrete Tiles,15,16
320.2,2.43,Flat,RC Slab,11,30
138.8,1.89,Gable,Clay Tiles,11,13
280.6,2.97,Gable,Metal Sheets,3,29
161,2.25,Lean-to,Metal Sheets,2,22
398,2.43,Gable,Clay Tiles,9,27
324.5,1.62,Flat,RC Slab,11,28
142.5,2.67,Flat,RC Slab,12,22
273.7,1.85,Lean-to,Metal Sheets,5,17
150.5,2.92,Flat,RC Slab,9,26
219.2,1.45,Lean-to,Metal Sheets,14,9
235,4.07,Flat,RC Slab,3,50
298.2,2.93,Hip,Clay Tiles,7,38
68.3,1.84,Hip,Asbestos Sheets,15,5
125.2,1.09,Hip,Concrete Tiles,4,24
252.6,2.21,Hip,Clay Tiles,6,43
207,1.75,Gable,Concrete Tiles,8,22
188.8,1.94,Hip,Concrete Tiles,11,22
82.6,3.51,Hip,Clay Tiles,5,19
153.1,2.74,Gable,Concrete Tiles,13,13
314.9,1.82,Gable,Clay Tiles,5,36
71.8,2.64,Lean-to,Metal Sheets,7,6
164.2,2.03,Hip,Metal Sheets,10,12
363.9,4.07,Lean-to,Asbestos Sheets,2,37
80.9,1.24,Hip,Clay Tiles,12,10
266,3.06,Lean-to,Metal Sheets,11,11
133.1,3.17,Lean-to,Metal Sheets,13,6
315.7,1.43,Gable,Clay Tiles,5,39
264.6,1.81,Lean-to,Concrete Tiles,7,22
325.6,2.31,Gable,Concrete Tiles,14,17
124.3,3.49,Hip,Metal Sheets,2,27
198.2,2.6,Lean-to,Metal Sheets,8,11
277.2,2.86,Gable,Metal Sheets,8,13
130.5,3.2,Hip,Clay Tiles,8,21
127.4,3.34,Hip,Clay Tiles,8,20
69.9,2.48,Gable,Clay Tiles,12,8
375.1,2.55,Gable,Clay Tiles,4,41
251.9,3.02,Gable,Asbestos Sheets,14,11
227.9,2.05,Gable,Metal Sheets,14,9
263.9,3.44,Flat,RC Slab,4,42
198.3,1.15,Hip,Concrete Tiles,15,15
183.8,1.88,Hip,Concrete Tiles,5,31
177.1,3.25,Flat,RC Slab,2,42
229.4,2.22,Gable,Concrete Tiles,7,25
121.3,1.74,Gable,Concrete Tiles,13,10
326.9,1.85,Lean-to,Asbestos Sheets,13,13
290.4,2.59,Lean-to,Asbestos Sheets,11,14
153.3,3.41,Hip,Metal Sheets,13,9
211.2,1.45,Gable,Clay Tiles,5,31
108,1.22,Lean-to,Clay Tiles,14,9
388.8,2.46,Lean-to,Metal Sheets,10,11
335.4,3.92,Hip,Clay Tiles,3,60
347.2,2.09,Gable,Metal Sheets,3,30
149.4,3.94,Gable,Clay Tiles,5,26
114.5,3.57,Hip,Clay Tiles,2,35
123.4,2.09,Lean-to,Metal Sheets,5,10
94.3,3.31,Flat,RC Slab,15,13
102.8,2.94,Gable,Clay Tiles,5,18
88.4,2.55,Flat,RC Slab,10,14
412.9,2.38,Lean-to,Concrete Tiles,15,16
89.3,3.3,Hip,Metal Sheets,5,12
105.9,3.23,Lean-to,Metal Sheets,11,6
297.1,3.13,Hip,Asbestos Sheets,8,20
211.7,4.38,Gable,Concrete Tiles,5,34
275.3,2.49,Hip,Metal Sheets,15,14
226.5,3.28,Hip,Clay Tiles,11,28
323.7,3.47,Lean-to,Metal Sheets,8,16
228.8,1.92,Hip,Clay Tiles,13,23
195.7,1.3,Hip,Clay Tiles,14,19
252.9,2.35,Hip,Metal Sheets,12,13
176.6,3.44,Hip,Clay Tiles,14,19
152.5,2.11,Hip,Concrete Tiles,6,22
181.6,2.97,Flat,RC Slab,6,29
114.6,1.01,Hip,Concrete Tiles,5,20
284.1,2.25,Hip,Clay Tiles,11,30
133.7,2.77,Flat,RC Slab,13,19
111,1.68,Gable,Clay Tiles,11,13
130.7,3.6,Flat,RC Slab,10,19
303.8,1.76,Hip,Concrete Tiles,12,21
149,3.66,Hip,Metal Sheets,4,21
243.9,1.93,Flat,RC Slab,7,31
310.6,4.29,Lean-to,Metal Sheets,11,13
90.5,2.75,Lean-to,Clay Tiles,2,20
271.7,1.51,Hip,Metal Sheets,14,12
143.9,1.42,Gable,Concrete Tiles,4,20
124.4,1.47,Flat,RC Slab,13,16
244.8,2.71,Hip,Clay Tiles,10,27
339.5,3.28,Flat,RC Slab,13,31
141.2,2.34,Hip,Metal Sheets,12,10
208.5,2.42,Lean-to,Asbestos Sheets,9,14
140,2.71,Gable,Clay Tiles,12,12
204.4,2.6,Hip,Asbestos Sheets,6,23
223.8,2.94,Gable,Asbestos Sheets,10,15
220.4,2.47,Hip,Concrete Tiles,14,20
224.3,3.01,Flat,RC Slab,3,45
106.6,4.36,Hip,Metal Sheets,6,12
246.4,2.24,Hip,Concrete Tiles,2,58
240.2,1.07,Lean-to,Asbestos Sheets,9,13
242.8,1.66,Lean-to,Asbestos Sheets,12,13
89.3,2.64,Hip,Clay Tiles,2,29
176.4,2.23,Lean-to,Metal Sheets,9,9
167.2,3.82,Hip,Clay Tiles,7,27
93.3,2.8,Lean-to,Concrete Tiles,12,7
125.6,2.57,Gable,Clay Tiles,5,18
175,3.25,Gable,Metal Sheets,4,18
263.5,2.04,Gable,Concrete Tiles,3,46
128.7,3.32,Gable,Clay Tiles,7,18
298.2,0.93,Hip,Asbestos Sheets,8,20
202.1,2.78,Gable,Concrete Tiles,14,14
270,3.79,Flat,RC Slab,8,36
182.9,3.22,Gable,Clay Tiles,4,33
189.7,3.43,Gable,Clay Tiles,11,18
223.2,2.33,Lean-to,Metal Sheets,2,30
351.3,3.33,Flat,RC Slab,6,42
187.8,2.63,Lean-to,Metal Sheets,11,9
197.5,2.78,Hip,Clay Tiles,5,37
217.9,1.39,Gable,Concrete Tiles,10,21
261.5,1.89,Hip,Clay Tiles,8,30
88.5,2.63,Hip,Clay Tiles,15,9
194,1.39,Gable,Clay Tiles,6,25
185.2,3.08,Lean-to,Metal Sheets,14,9
347.1,3.39,Flat,RC Slab,10,31
188.2,3.71,Flat,RC Slab,12,26
181.8,1.58,Hip,Asbestos Sheets,4,22
378.5,3.82,Flat,RC Slab,2,60
177.4,1.43,Gable,Clay Tiles,12,15
117,2.48,Lean-to,Metal Sheets,8,7
124.5,3.39,Hip,Concrete Tiles,6,23
95.9,1.45,Gable,Asbestos Sheets,14,5
44.3,1.13,Gable,Metal Sheets,6,5
172.8,1.18,Flat,RC Slab,8,28
273.3,2.55,Lean-to,Asbestos Sheets,12,13
260.1,3.29,Lean-to,Concrete Tiles,15,14
72.5,1.67,Flat,RC Slab,14,10
208.8,1.66,Lean-to,Asbestos Sheets,11,11
111.1,2.67,Flat,RC Slab,3,28
360.7,1.98,Gable,Asbestos Sheets,3,34
114.1,3.05,Flat,RC Slab,11,16
225.2,3.87,Gable,Clay Tiles,9,23
148.1,3.15,Gable,Metal Sheets,3,18
229.8,3.52,Hip,Metal Sheets,11,15
168,2.57,Gable,Asbestos Sheets,15,10
269.7,3.36,Lean-to,Metal Sheets,2,30
127.4,1.84,Lean-to,Asbestos Sheets,13,6
337.1,1.44,Hip,Clay Tiles,6,35
190,2.86,Flat,RC Slab,7,31
268.3,1.35,Hip,Concrete Tiles,12,22
307.4,3.59,Gable,Clay Tiles,5,35
437.4,2.95,Gable,Concrete Tiles,4,39
126,3.89,Gable,Concrete Tiles,15,10
139.4,2.16,Gable,Clay Tiles,6,20
131.5,2.5,Gable,Clay Tiles,4,29
134.2,3.08,Gable,Clay Tiles,11,15
212.3,2,Gable,Concrete Tiles,5,28
420.4,2.61,Lean-to,Asbestos Sheets,12,13
413.7,2.87,Gable,Metal Sheets,2,35
197,4.09,Gable,Clay Tiles,9,24
229,3.09,Hip,Metal Sheets,7,20
312.4,1.64,Hip,Concrete Tiles,15,20
354.7,2.48,Hip,Clay Tiles,9,36
121.8,2.71,Gable,Clay Tiles,14,11
197.4,1.73,Flat,RC Slab,5,35
299.6,2.4,Hip,Concrete Tiles,8,31
143,2.1,Flat,RC Slab,13,18
174.7,1.64,Hip,Clay Tiles,4,32
405.9,2.55,Hip,Clay Tiles,14,25
405,1.79,Hip,Clay Tiles,12,29
337.3,2.72,Gable,Clay Tiles,11,23
284.9,1.8,Hip,Clay Tiles,5,43
135.5,3.03,Gable,Clay Tiles,13,12
146.9,1.88,Gable,Metal Sheets,13,8
202.5,3.6,Flat,RC Slab,6,34
206.2,1.19,Gable,Concrete Tiles,10,17
191.3,2.57,Gable,Clay Tiles,2,47
228.3,2.18,Flat,RC Slab,7,35
167.1,1.95,Hip,Concrete Tiles,4,28
265.8,2.47,Lean-to,Metal Sheets,9,12
149.7,3.39,Lean-to,Metal Sheets,9,9
149.1,3.69,Lean-to,Metal Sheets,9,11
104.6,2.14,Hip,Clay Tiles,11,13
118.7,1.76,Gable,Concrete Tiles,14,10
307.8,3.03,Flat,RC Slab,4,46
176.3,2.7,Flat,RC Slab,5,30
126.8,1.89,Flat,RC Slab,5,24
269.6,3.14,Gable,Concrete Tiles,14,18
204.3,2.57,Gable,Clay Tiles,3,40
66.3,2.86,Gable,Concrete Tiles,2,16
145.9,2.26,Gable,Asbestos Sheets,4,17
116.2,2.41,Gable,Clay Tiles,12,13
234.2,1.83,Lean-to,Metal Sheets,10,11
136.8,3.12,Gable,Concrete Tiles,14,13
86.2,1.76,Flat,RC Slab,4,21
82.4,3.19,Lean-to,Asbestos Sheets,7,7
212.1,3.25,Hip,Metal Sheets,9,15
66.7,3.1,Hip,Metal Sheets,3,11
307,1.14,Flat,RC Slab,14,24
111.4,2.07,Gable,Clay Tiles,13,10
219.3,2.47,Hip,Clay Tiles,4,45
175.9,2.73,Lean-to,Asbestos Sheets,13,10
175.4,3.71,Flat,RC Slab,8,28
88.5,2.29,Lean-to,Metal Sheets,6,7
286.6,3.51,Lean-to,Clay Tiles,15,16
329.7,1.78,Hip,Clay Tiles,9,31
59,2.28,Flat,RC Slab,5,15
116.5,1.36,Flat,RC Slab,13,16
336,3.09,Flat,RC Slab,12,33
203.1,1.74,Flat,RC Slab,4,35
110.2,2.03,Flat,RC Slab,11,18
121.6,3.18,Lean-to,Metal Sheets,10,6
235.5,2.6,Gable,Concrete Tiles,5,35
257,1.09,Flat,RC Slab,8,28
217.2,0.92,Gable,Clay Tiles,13,19
370.4,2.55,Hip,Metal Sheets,4,30
188.4,2.14,Lean-to,Metal Sheets,12,9
142.3,1.83,Lean-to,Asbestos Sheets,13,7
184,2.77,Hip,Concrete Tiles,15,17
155.7,1.96,Hip,Metal Sheets,6,15
126.1,2.72,Gable,Concrete Tiles,5,20
78.8,2.3,Gable,Asbestos Sheets,15,5
153.9,1.85,Gable,Metal Sheets,8,11
252.4,1.7,Lean-to,Metal Sheets,9,14
64.6,1.98,Gable,Metal Sheets,9,5
174.5,1.22,Lean-to,Clay Tiles,9,18
230.5,2.15,Gable,Clay Tiles,10,23
220.4,3.63,Flat,RC Slab,7,32
276.2,3.36,Hip,Concrete Tiles,7,34
289.9,2.28,Flat,RC Slab,7,37
252.5,2.68,Flat,RC Slab,11,29
98.1,2.67,Flat,RC Slab,13,16
183.5,3.35,Lean-to,Metal Sheets,9,11
218.4,1.98,Hip,Concrete Tiles,11,23
130.5,2.12,Gable,Clay Tiles,7,14
77.4,2.14,Gable,Metal Sheets,12,5
125.9,1.29,Flat,RC Slab,7,20
178.4,2.16,Hip,Clay Tiles,7,25
168.4,3.53,Hip,Concrete Tiles,2,45
116.1,3.67,Hip,Clay Tiles,5,23
295.9,1.61,Hip,Concrete Tiles,12,22
349.7,2.45,Lean-to,Metal Sheets,3,26
121.3,2.3,Flat,RC Slab,5,22
352.4,2.51,Flat,RC Slab,12,33
64.2,2.64,Flat,RC Slab,14,13
349.2,1.15,Lean-to,Asbestos Sheets,7,19
369.4,3.39,Hip,Clay Tiles,7,43
59.9,4.05,Lean-to,Metal Sheets,9,4
270.9,2.86,Gable,Clay Tiles,12,22
386.5,2.88,Flat,RC Slab,8,38
337.2,2.58,Flat,RC Slab,4,43
387,2.21,Hip,Asbestos Sheets,8,22
203.3,1.74,Gable,Clay Tiles,5,32
90.6,2.7,Hip,Concrete Tiles,11,12
307.4,1.32,Hip,Clay Tiles,3,55
221.4,3.33,Lean-to,Asbestos Sheets,10,12
221.7,2.38,Hip,Clay Tiles,3,51
169.2,2.37,Gable,Concrete Tiles,15,12
209.3,2.19,Hip,Clay Tiles,10,26
111,4.01,Hip,Clay Tiles,3,31
262.4,1.82,Gable,Clay Tiles,15,18
89.6,1.75,Hip,Clay Tiles,10,12
258.8,1.79,Hip,Concrete Tiles,10,26
307.1,2.87,Gable,Asbestos Sheets,2,42
182.8,4.25,Hip,Concrete Tiles,4,34
192.5,1.98,Hip,Asbestos Sheets,13,12
144.9,3.64,Lean-to,Metal Sheets,8,10
385.7,2.08,Hip,Clay Tiles,10,35
260,2.85,Gable,Clay Tiles,15,19
157.8,1.29,Lean-to,Metal Sheets,7,10
115.7,2.52,Hip,Clay Tiles,7,20
125.1,2.86,Gable,Metal Sheets,13,7
180.7,2.6,Lean-to,Asbestos Sheets,2,30
361.8,1.99,Gable,Concrete Tiles,8,29
260.3,3.35,Lean-to,Metal Sheets,13,12
124.2,4.02,Flat,RC Slab,5,27
312.2,2.45,Lean-to,Metal Sheets,6,21
159.9,2.82,Lean-to,Asbestos Sheets,8,11
308.4,3.22,Gable,Clay Tiles,3,58
129.7,2,Lean-to,Metal Sheets,2,20
222.9,3.47,Gable,Clay Tiles,5,38
350.4,2.09,Flat,RC Slab,14,29
133.1,3.18,Hip,Clay Tiles,5,28
246.2,1.61,Gable,Concrete Tiles,12,21
408.6,2.11,Gable,Clay Tiles,7,28
110.3,2.6,Gable,Clay Tiles,12,11
93.8,2.58,Gable,Asbestos Sheets,6,8
240,3.42,Gable,Asbestos Sheets,14,12
151.1,4.33,Lean-to,Metal Sheets,7,10
88.3,1.6,Hip,Concrete Tiles,13,9
183.6,2.07,Lean-to,Asbestos Sheets,13,12
267.5,2.25,Lean-to,Metal Sheets,8,16
139,2.49,Flat,RC Slab,11,18
150.1,2.52,Hip,Clay Tiles,3,39
305.5,3.44,Lean-to,Metal Sheets,8,16
195.2,3.16,Flat,RC Slab,7,30
304.1,1.13,Flat,RC Slab,15,26
176.3,2.44,Lean-to,Metal Sheets,15,7
370.2,2.78,Hip,Asbestos Sheets,12,16
232.6,2.45,Hip,Metal Sheets,15,11
101.7,1.68,Lean-to,Clay Tiles,15,8
325.3,2.33,Hip,Metal Sheets,12,15
187.1,2.36,Lean-to,Asbestos Sheets,10,10
108.2,1.85,Gable,Metal Sheets,4,11
110.8,3.12,Gable,Concrete Tiles,13,10
244.4,2.18,Hip,Concrete Tiles,4,45
79.4,2.71,Gable,Clay Tiles,4,16
139.3,2.56,Lean-to,Metal Sheets,14,7
107.7,3.52,Gable,Clay Tiles,3,23
175,1.65,Flat,RC Slab,3,36
168.5,1.62,Gable,Concrete Tiles,9,16
195.7,2.13,Lean-to,Metal Sheets,10,11
137.8,2.4,Hip,Concrete Tiles,2,37
72.4,2.13,Gable,Clay Tiles,7,12
221.6,3.14,Gable,Clay Tiles,5,29
158.9,2,Hip,Concrete Tiles,6,28
232.8,1.51,Lean-to,Metal Sheets,4,19
99.7,2.37,Lean-to,Clay Tiles,11,10
61.3,3.17,Gable,Clay Tiles,8,10
131.1,3.42,Hip,Clay Tiles,15,15
178.8,3.06,Gable,Clay Tiles,2,44
163.7,2.65,Hip,Metal Sheets,12,11
289.8,3.04,Hip,Concrete Tiles,14,26
159.9,2.93,Gable,Clay Tiles,8,18
197.9,1.98,Flat,RC Slab,11,30
215.5,2.63,Lean-to,Metal Sheets,8,13
66.8,3.16,Gable,Metal Sheets,10,5
193.9,2.17,Gable,Asbestos Sheets,14,10
152.3,2.86,Gable,Clay Tiles,9,17
170.2,2.49,Gable,Clay Tiles,10,15
97.4,2.54,Gable,Clay Tiles,15,9
278.6,1.53,Flat,RC Slab,8,31
361.7,2.89,Gable,Clay Tiles,4,40
67,3.48,Flat,RC Slab,11,14
217.8,1.72,Lean-to,Asbestos Sheets,11,11
271.2,2.27,Lean-to,Clay Tiles,5,29
138.9,1.34,Flat,RC Slab,12,18
280.5,1.22,Gable,Asbestos Sheets,2,38
227,4.22,Gable,Metal Sheets,6,19
352.1,2.52,Gable,Clay Tiles,13,21
399.3,2.25,Lean-to,Clay Tiles,10,23
77.3,2.08,Lean-to,Metal Sheets,10,5
176,4.11,Hip,Clay Tiles,10,21
202.4,2.02,Gable,Concrete Tiles,4,30
109.4,3.04,Hip,Clay Tiles,15,13
150.3,2.1,Gable,Metal Sheets,6,13
409.1,1.45,Lean-to,Clay Tiles,13,19
63.1,2.93,Gable,Metal Sheets,15,4
177.8,0.9,Hip,Metal Sheets,5,16
304.1,2.91,Hip,Clay Tiles,10,28
147.5,2.02,Gable,Clay Tiles,2,37
184.7,3.1,Hip,Metal Sheets,10,15
395.5,3.16,Lean-to,Asbestos Sheets,8,18
183.4,3.04,Gable,Asbestos Sheets,3,24
105.5,1.18,Hip,Clay Tiles,11,15
81.2,2.98,Hip,Clay Tiles,15,9
364.1,4.22,Gable,Clay Tiles,3,60
134.8,2,Gable,Concrete Tiles,14,11
191,2.07,Gable,Metal Sheets,13,9
94.5,3.3,Gable,Asbestos Sheets,9,8
170.8,1.77,Hip,Clay Tiles,14,17
352.8,2.88,Lean-to,Metal Sheets,6,17
190.5,3.12,Flat,RC Slab,12,30
387.5,1.27,Lean-to,Metal Sheets,11,12
133.3,2.64,Hip,Clay Tiles,10,18
191.1,2.68,Flat,RC Slab,13,23
312.1,2.14,Flat,RC Slab,14,27
176.8,3.52,Gable,Clay Tiles,13,18
137.8,1.78,Gable,Concrete Tiles,10,12
310.2,2.27,Hip,Concrete Tiles,15,20
162.7,3.42,Lean-to,Metal Sheets,9,9
198,1.86,Hip,Concrete Tiles,10,24
393.6,3.32,Gable,Metal Sheets,4,26
118.2,1.48,Lean-to,Metal Sheets,6,9
142.6,2.51,Gable,Clay Tiles,14,13
71.9,1.47,Lean-to,Asbestos Sheets,8,6
163.1,2.92,Lean-to,Asbestos Sheets,9,9
121,3.22,Lean-to,Asbestos Sheets,13,7
241.9,3.42,Lean-to,Metal Sheets,6,16
117.1,4.12,Gable,Concrete Tiles,5,20
240.2,2.9,Flat,RC Slab,2,49
134.3,3.16,Lean-to,Concrete Tiles,5,18
154.6,2.54,Flat,RC Slab,9,23
153.2,3.68,Gable,Clay Tiles,12,14
254.2,2.84,Gable,Clay Tiles,6,28
181.3,3.55,Gable,Asbestos Sheets,8,14
156,1.98,Hip,Clay Tiles,5,29
308.8,2.52,Hip,Metal Sheets,13,14
209.3,3.05,Lean-to,Asbestos Sheets,9,13
123.9,1.9,Lean-to,Metal Sheets,4,10
333.7,1.92,Flat,RC Slab,10,31
151.8,4.09,Gable,Metal Sheets,6,14
75.8,2.4,Hip,Concrete Tiles,14,9
188.5,1.84,Gable,Metal Sheets,5,16
103.8,2.2,Gable,Asbestos Sheets,14,6
129,2.33,Gable,Metal Sheets,11,7
265,2.79,Gable,Clay Tiles,3,53
105.5,3.73,Gable,Metal Sheets,12,8
288.4,4.18,Hip,Asbestos Sheets,12,18
357.6,2.85,Gable,Concrete Tiles,8,33
219.3,2.97,Gable,Concrete Tiles,4,33
252,2.18,Gable,Clay Tiles,8,23
253.1,3.45,Flat,RC Slab,10,29
418.8,1.94,Hip,Metal Sheets,3,35
151.5,1.59,Gable,Clay Tiles,6,25
113.1,4.04,Gable,Clay Tiles,11,12
194.9,3.47,Lean-to,Concrete Tiles,9,17
198.7,2.14,Hip,Asbestos Sheets,15,11
116.4,2.91,Flat,RC Slab,5,26
221.2,2.46,Hip,Asbestos Sheets,12,17
61.5,2.18,Lean-to,Metal Sheets,7,5
351.1,2.1,Lean-to,Metal Sheets,5,17
134.6,1.7,Hip,Concrete Tiles,15,11
76,2.63,Flat,RC Slab,10,16
99.6,2.43,Gable,Clay Tiles,9,13
129.4,2.55,Flat,RC Slab,6,24
136.6,1.93,Hip,Metal Sheets,14,9
72.8,3.81,Gable,Concrete Tiles,2,24
137.7,2.82,Lean-to,Metal Sheets,3,16
119.6,3.62,Lean-to,Metal Sheets,4,12
160,1.6,Gable,Clay Tiles,11,15
161.6,2.79,Lean-to,Asbestos Sheets,3,19
150.9,3.42,Gable,Metal Sheets,13,7
148.5,2.2,Hip,Clay Tiles,4,28
94.3,1.87,Lean-to,Metal Sheets,11,5
68.8,2.05,Gable,Clay Tiles,13,8
121.4,2.07,Hip,Clay Tiles,14,12
268.5,2.43,Flat,RC Slab,6,42
414.7,2.19,Gable,Asbestos Sheets,3,31
351.7,2.07,Hip,Concrete Tiles,12,29
191,2.85,Gable,Clay Tiles,8,22
198.3,1.36,Flat,RC Slab,15,19
145.5,2.22,Gable,Metal Sheets,4,17
275.1,2.95,Gable,Clay Tiles,10,27
271.6,1.82,Flat,RC Slab,3,42
304.8,1.94,Gable,Clay Tiles,8,26
331.1,1.89,Hip,Concrete Tiles,2,60
173.4,0.87,Flat,RC Slab,12,21
272.4,2.48,Lean-to,Metal Sheets,10,12
288.2,1.28,Gable,Concrete Tiles,3,40
144.1,2.07,Lean-to,Asbestos Sheets,8,9
352.2,4.3,Flat,RC Slab,7,39
95.6,3.7,Gable,Asbestos Sheets,11,7
422.2,1.93,Lean-to,Metal Sheets,8,15
273.6,2.15,Flat,RC Slab,8,32
95.3,2.46,Flat,RC Slab,13,14
234.3,3.4,Hip,Concrete Tiles,9,26
73.5,3.26,Flat,RC Slab,13,14
273.7,1.66,Lean-to,Metal Sheets,14,9
285.2,1.66,Hip,Concrete Tiles,13,24
218.1,2.37,Lean-to,Metal Sheets,15,9
310.8,3.5,Flat,RC Slab,11,33
96.7,3.54,Lean-to,Asbestos Sheets,9,7
137,1.6,Lean-to,Metal Sheets,9,8
168.5,2.68,Gable,Asbestos Sheets,4,19
77.3,1.76,Gable,Metal Sheets,13,4
176.8,2.94,Hip,Clay Tiles,11,22
134.7,3.69,Hip,Metal Sheets,14,9
163.4,2.44,Hip,Clay Tiles,11,23
171.1,1.5,Lean-to,Asbestos Sheets,8,11
322.3,2.69,Lean-to,Metal Sheets,6,15
135.8,2.36,Hip,Clay Tiles,15,15
330.1,3.29,Flat,RC Slab,12,31
171.3,2.22,Gable,Concrete Tiles,14,16
148.4,3.51,Hip,Concrete Tiles,10,21
190.6,2.07,Gable,Concrete Tiles,9,18
169.3,1.77,Hip,Concrete Tiles,2,49
133,2.15,Hip,Clay Tiles,2,40
190.6,1.25,Flat,RC Slab,11,24
110.6,2.09,Flat,RC Slab,5,23
153.9,2.87,Hip,Clay Tiles,3,42
207.6,1.72,Gable,Concrete Tiles,12,18
168.3,1.61,Gable,Concrete Tiles,10,16
295.6,1.69,Lean-to,Metal Sheets,3,30
132.9,1.48,Lean-to,Metal Sheets,8,8
386,3.51,Gable,Concrete Tiles,8,25
279.3,3.84,Gable,Concrete Tiles,2,50
383.8,1.33,Hip,Metal Sheets,10,19
302,3.13,Flat,RC Slab,7,37
108.3,3.07,Hip,Clay Tiles,14,13
196.9,4.35,Gable,Concrete Tiles,3,37
114.7,2.24,Hip,Concrete Tiles,13,12
293.2,2.1,Gable,Clay Tiles,2,54
212.8,2.44,Gable,Clay Tiles,12,20
134.3,3.44,Gable,Clay Tiles,12,14
352.4,3.05,Flat,RC Slab,7,40
101.5,2.47,Hip,Metal Sheets,5,12
207.1,2,Gable,Clay Tiles,3,39
255.7,3.04,Hip,Concrete Tiles,6,31
83.9,3.44,Hip,Concrete Tiles,11,9
216.7,2.34,Lean-to,Metal Sheets,12,13
292.2,2.9,Lean-to,Asbestos Sheets,4,27
87.1,2.34,Gable,Concrete Tiles,2,25
193.1,2.49,Lean-to,Metal Sheets,9,10
133.3,2.58,Flat,RC Slab,10,20
236.4,3.18,Flat,RC Slab,15,24
102.4,4.08,Hip,Metal Sheets,12,7
357.7,2.42,Gable,Concrete Tiles,9,24
330.7,2.22,Gable,Clay Tiles,10,28
118.1,2.29,Lean-to,Asbestos Sheets,11,8
147.4,1.69,Flat,RC Slab,8,21
213.8,2.13,Hip,Concrete Tiles,11,22
254.7,1.52,Hip,Clay Tiles,4,47
175.4,2.39,Gable,Asbestos Sheets,13,10
111.6,1.8,Gable,Concrete Tiles,14,9
98.4,2.23,Flat,RC Slab,8,18
444.4,3.23,Hip,Concrete Tiles,8,34
178.5,2.01,Lean-to,Metal Sheets,8,11
318.7,2.76,Flat,RC Slab,13,28
185.4,3.62,Flat,RC Slab,4,35
347.5,2.67,Lean-to,Metal Sheets,6,17
93.7,1.87,Gable,Clay Tiles,10,9
101.2,2.23,Flat,RC Slab,11,16
352.4,2.72,Flat,RC Slab,6,43
365.7,2.54,Gable,Concrete Tiles,3,41
145.5,1.74,Gable,Concrete Tiles,9,15
154.6,2.43,Gable,Metal Sheets,10,10
177.8,2.62,Gable,Clay Tiles,12,15
168.9,2.06,Hip,Metal Sheets,2,30
119,2.76,Gable,Metal Sheets,2,23
332.7,1.44,Flat,RC Slab,7,37
132.2,2.21,Gable,Metal Sheets,9,7
250.3,3.27,Gable,Metal Sheets,2,37
86.9,2.04,Gable,Metal Sheets,4,9
75.7,2.75,Gable,Clay Tiles,7,12
233.6,2.36,Lean-to,Asbestos Sheets,5,18
150.9,2.17,Gable,Asbestos Sheets,11,10
234.1,3.69,Gable,Concrete Tiles,2,51
95.5,2.23,Gable,Clay Tiles,14,9
367.6,1.98,Hip,Asbestos Sheets,4,32
265.5,3.66,Flat,RC Slab,8,34
320.6,3.1,Lean-to,Metal Sheets,15,9
106.9,2.93,Hip,Clay Tiles,11,14
146.7,1.34,Flat,RC Slab,15,18
157.7,1.68,Hip,Clay Tiles,2,41
199.8,2.82,Lean-to,Metal Sheets,12,10
141.6,1.91,Hip,Clay Tiles,3,34
84.6,1.96,Gable,Concrete Tiles,10,9
157.8,3.19,Flat,RC Slab,6,29
132.4,2.1,Lean-to,Concrete Tiles,12,11
161.8,1.45,Hip,Concrete Tiles,3,39
120.4,1.26,Lean-to,Metal Sheets,14,5
134,2.42,Lean-to,Asbestos Sheets,8,10
225.3,2.78,Gable,Metal Sheets,9,14
162.3,3.49,Lean-to,Metal Sheets,9,10
152.4,1.61,Flat,RC Slab,2,38
198.9,1.88,Hip,Clay Tiles,6,35
274.3,2.59,Hip,Concrete Tiles,11,26
160.1,2.27,Lean-to,Asbestos Sheets,15,7
213.8,2.49,Flat,RC Slab,15,23
382.4,3.73,Hip,Concrete Tiles,9,32
195.7,2.62,Gable,Clay Tiles,5,28
339.5,2.37,Hip,Metal Sheets,8,18
282.9,4.21,Lean-to,Asbestos Sheets,8,14
83.9,1.42,Flat,RC Slab,7,14
172.1,3.77,Gable,Concrete Tiles,7,25
248,2.53,Lean-to,Asbestos Sheets,14,10
407.6,2.54,Lean-to,Asbestos Sheets,7,22
179.3,3.72,Hip,Concrete Tiles,2,54
95.2,2.54,Gable,Concrete Tiles,12,9
206.6,2.41,Hip,Concrete Tiles,11,20
104.4,2.07,Gable,Concrete Tiles,7,13
266.6,2.87,Gable,Concrete Tiles,10,26
191.9,2.67,Flat,RC Slab,15,25
256.6,1.93,Lean-to,Asbestos Sheets,14,11
317.1,3,Hip,Concrete Tiles,13,22
225.9,2.84,Lean-to,Metal Sheets,10,11
221,2.33,Lean-to,Metal Sheets,2,28
267.8,0.96,Gable,Metal Sheets,9,15
304,2.43,Gable,Concrete Tiles,13,22
316.9,0.99,Flat,RC Slab,13,28
74.6,1.47,Lean-to,Metal Sheets,12,4
205,2.4,Hip,Clay Tiles,15,23
124.4,1.5,Flat,RC Slab,9,18
312.5,2.08,Flat,RC Slab,3,48
231.9,2.86,Flat,RC Slab,8,33
169.9,2.15,Flat,RC Slab,6,26
118.5,4.36,Gable,Clay Tiles,13,12
151,3.69,Gable,Asbestos Sheets,12,9
249.8,2.7,Gable,Metal Sheets,7,18
121.9,3.99,Lean-to,Asbestos Sheets,7,12
95.4,3.49,Lean-to,Metal Sheets,4,10
326.9,2.17,Lean-to,Asbestos Sheets,2,36
271.4,3.11,Gable,Concrete Tiles,6,28
121,1.7,Hip,Asbestos Sheets,5,15
140.6,2.93,Gable,Clay Tiles,5,22
388.5,2.51,Hip,Clay Tiles,15,25
251.3,1.12,Gable,Concrete Tiles,11,20
220.4,2.07,Lean-to,Metal Sheets,9,11
143.9,3.91,Gable,Concrete Tiles,4,25
142.1,2.17,Flat,RC Slab,13,18
76,1.84,Lean-to,Asbestos Sheets,11,5
258.3,1.85,Flat,RC Slab,9,29
77.6,2.49,Gable,Clay Tiles,8,11
52.6,3.39,Lean-to,Metal Sheets,9,3
258.7,3.13,Flat,RC Slab,13,32
366.8,2.41,Hip,Concrete Tiles,12,26
268.5,1.91,Flat,RC Slab,8,34
182.6,1.32,Lean-to,Asbestos Sheets,11,10
186.3,2.46,Hip,Concrete Tiles,15,16
173.8,3.3,Hip,Clay Tiles,6,28
147.7,3.05,Hip,Concrete Tiles,14,14
195.6,2.36,Gable,Concrete Tiles,10,18
172.6,2.73,Lean-to,Asbestos Sheets,4,19
216.8,2.41,Gable,Concrete Tiles,15,15
332.6,2.69,Hip,Clay Tiles,11,30
424,2.56,Hip,Metal Sheets,7,18
90.8,2.93,Gable,Concrete Tiles,5,14
161.5,2.54,Hip,Clay Tiles,14,19
117,3.82,Flat,RC Slab,13,17
153.9,2.39,Gable,Concrete Tiles,2,34
139.5,1.11,Gable,Asbestos Sheets,10,9
115.7,1.98,Lean-to,Asbestos Sheets,3,11
271.3,2.53,Lean-to,Metal Sheets,6,15
188.9,2.61,Hip,Metal Sheets,9,15
345.5,2.64,Gable,Clay Tiles,5,36
72.7,3.01,Gable,Concrete Tiles,9,8
86.9,2.08,Gable,Concrete Tiles,8,9
165.9,2.89,Hip,Clay Tiles,10,19
91.3,2.98,Lean-to,Metal Sheets,13,5
134.2,2.36,Flat,RC Slab,4,29
406.5,2.34,Gable,Asbestos Sheets,13,13
122.8,1.83,Lean-to,Metal Sheets,5,10
120.6,2.37,Hip,Metal Sheets,2,24
209.8,3.21,Gable,Concrete Tiles,8,21
189.4,3.66,Hip,Concrete Tiles,6,26
211.7,2.72,Gable,Clay Tiles,4,36
159.6,2.13,Lean-to,Metal Sheets,7,11
296.9,2.93,Hip,Clay Tiles,14,26
107.4,3.08,Flat,RC Slab,10,19
171.9,2.2,Hip,Concrete Tiles,12,16
245.1,3.34,Lean-to,Clay Tiles,4,36
316.5,1.46,Flat,RC Slab,3,46
157.9,1.05,Hip,Metal Sheets,6,14
208.2,1.65,Gable,Clay Tiles,12,18
87.6,1.76,Lean-to,Metal Sheets,14,4
114.7,3.53,Hip,Clay Tiles,3,24
87.6,2.39,Gable,Asbestos Sheets,8,8
258.1,2.08,Lean-to,Metal Sheets,7,15
139.6,2.39,Gable,Clay Tiles,12,12
256.7,2.33,Gable,Concrete Tiles,4,37
86.7,2.14,Hip,Concrete Tiles,8,12
313.6,1.7,Gable,Clay Tiles,13,20
300.8,2.86,Hip,Concrete Tiles,8,29
94,1.7,Gable,Clay Tiles,12,10
67.9,3.18,Gable,Clay Tiles,10,8
83,1.89,Gable,Clay Tiles,10,9
309.3,3.06,Gable,Clay Tiles,5,40
128.2,3.27,Lean-to,Clay Tiles,15,10
202.8,1.66,Hip,Concrete Tiles,5,32
171.4,1.52,Hip,Metal Sheets,15,10
283.7,3.87,Hip,Clay Tiles,15,23
187,2.46,Flat,RC Slab,9,25
190.1,2.8,Gable,Metal Sheets,14,9
411.6,1.17,Gable,Asbestos Sheets,12,13
110.2,2.08,Flat,RC Slab,12,17
298.7,2.54,Hip,Clay Tiles,2,60
81.2,3.56,Lean-to,Clay Tiles,3,19
184.2,2.07,Lean-to,Asbestos Sheets,2,29
326,3.18,Lean-to,Asbestos Sheets,2,40
237.2,2.88,Gable,Clay Tiles,13,18
243.6,1.63,Gable,Concrete Tiles,4,34
134.3,2.12,Gable,Concrete Tiles,2,29
169.5,1.99,Lean-to,Clay Tiles,15,13
157.3,2.42,Lean-to,Concrete Tiles,5,17
195.5,2.82,Lean-to,Metal Sheets,13,8
180.3,2.4,Gable,Asbestos Sheets,15,10
148.2,2,Lean-to,Asbestos Sheets,9,10
143.5,2.96,Hip,Concrete Tiles,14,14
131.6,2.7,Lean-to,Metal Sheets,15,5
156.9,2.57,Hip,Clay Tiles,4,30
110.1,2.64,Gable,Clay Tiles,4,21
318.5,1.95,Gable,Clay Tiles,7,29
218,2.92,Lean-to,Clay Tiles,9,24
106.2,2.31,Hip,Clay Tiles,13,12
246.5,2.27,Hip,Concrete Tiles,4,42
306.4,1.74,Hip,Concrete Tiles,4,39
128.8,2.73,Hip,Concrete Tiles,6,20
110.3,2.74,Lean-to,Metal Sheets,5,10
56.8,2.22,Gable,Concrete Tiles,15,6
79.4,3.46,Gable,Concrete Tiles,7,11
270.6,3.4,Lean-to,Asbestos Sheets,14,12
408.4,1.6,Hip,Clay Tiles,2,60
78.4,2.96,Gable,Metal Sheets,3,12
265.4,2.33,Gable,Clay Tiles,13,22
88.5,4.45,Gable,Concrete Tiles,5,16
215.1,1.95,Gable,Clay Tiles,3,45
268.3,2.09,Gable,Clay Tiles,10,22
155.6,2.42,Gable,Metal Sheets,4,16
58.9,2.06,Flat,RC Slab,2,19
216,2.95,Lean-to,Metal Sheets,7,15
415.6,2.49,Lean-to,Concrete Tiles,9,24
133.1,1.94,Hip,Metal Sheets,9,10
118.8,2.54,Gable,Clay Tiles,10,14
103.8,3.57,Lean-to,Metal Sheets,2,16
204.7,3.23,Lean-to,Metal Sheets,6,16
216.3,2.53,Hip,Asbestos Sheets,6,25
282.4,2.11,Gable,Concrete Tiles,6,30
267.2,1.83,Gable,Clay Tiles,9,25
329.4,3.53,Hip,Concrete Tiles,5,45
287.9,3,Hip,Clay Tiles,10,28
130.9,2.68,Gable,Concrete Tiles,15,11
204.9,3.53,Lean-to,Metal Sheets,11,11
141.7,1.65,Hip,Clay Tiles,7,19
148.9,2.93,Hip,Metal Sheets,8,13
354,1.93,Gable,Clay Tiles,10,23
242.5,1.64,Lean-to,Metal Sheets,12,10
391.4,2.46,Flat,RC Slab,6,40
169.1,2.31,Gable,Concrete Tiles,2,37
199.8,3.82,Hip,Asbestos Sheets,11,16
186.6,2.18,Flat,RC Slab,11,24
99.3,3.3,Lean-to,Metal Sheets,3,12
128.6,3.1,Gable,Asbestos Sheets,10,10
197.2,2.89,Lean-to,Metal Sheets,3,20
87,3.71,Hip,Metal Sheets,11,8
353.7,2.35,Gable,Clay Tiles,12,23
103.7,2.32,Gable,Metal Sheets,2,16
120.6,1.78,Gable,Clay Tiles,12,11
271.8,2.08,Gable,Asbestos Sheets,3,33
96.4,3.53,Hip,Asbestos Sheets,5,13
333.8,2.48,Flat,RC Slab,11,29
257.4,2.22,Gable,Clay Tiles,6,33
87.4,1.93,Lean-to,Metal Sheets,15,4
245.8,2.5,Gable,Concrete Tiles,15,18
226.7,3.02,Hip,Clay Tiles,15,24
268.8,2.1,Lean-to,Asbestos Sheets,3,28
297.5,3.13,Lean-to,Asbestos Sheets,4,30
254.8,2.8,Flat,RC Slab,4,36
213.4,3.22,Flat,RC Slab,10,27
147.2,2.02,Gable,Concrete Tiles,8,16
247.6,2.81,Gable,Clay Tiles,12,25
373.7,1.75,Hip,Asbestos Sheets,5,34
213.8,2.27,Gable,Clay Tiles,4,40
236.9,3.04,Hip,Concrete Tiles,11,23
174,2.81,Gable,Clay Tiles,10,17
268.3,1.85,Lean-to,Metal Sheets,11,10
432.2,3.45,Lean-to,Metal Sheets,6,18
112.5,1.36,Lean-to,Metal Sheets,9,7
121.5,2.73,Flat,RC Slab,14,16
200.4,4.15,Gable,Concrete Tiles,10,20
185.1,2.59,Gable,Concrete Tiles,15,15
209.2,3.26,Flat,RC Slab,8,27
80.1,2.73,Flat,RC Slab,2,26
166.1,3.2,Hip,Concrete Tiles,12,16
212.5,2.86,Hip,Concrete Tiles,8,27
213.1,2.95,Hip,Clay Tiles,2,60
234.7,1.96,Gable,Clay Tiles,3,41
255.4,3.08,Gable,Concrete Tiles,6,30
229.8,1.99,Hip,Concrete Tiles,4,41
281.5,4.11,Flat,RC Slab,11,31
224.7,1.96,Lean-to,Asbestos Sheets,10,13
199.8,1.98,Hip,Clay Tiles,6,30
219.2,3.45,Flat,RC Slab,3,48
97.6,2,Lean-to,Asbestos Sheets,3,13
136.4,2.26,Gable,Clay Tiles,15,11
197.1,3.01,Flat,RC Slab,6,30
318.9,1.77,Hip,Concrete Tiles,3,51
241.6,1.77,Hip,Clay Tiles,11,29
94.5,2.5,Gable,Concrete Tiles,14,8
215.1,2,Lean-to,Metal Sheets,3,20
125.5,1.98,Lean-to,Asbestos Sheets,15,7
260.3,1.03,Gable,Clay Tiles,12,19
297.2,2.28,Gable,Concrete Tiles,5,33
215.5,2.17,Gable,Clay Tiles,12,19
214.9,1.23,Lean-to,Asbestos Sheets,7,16
150.9,2.78,Hip,Clay Tiles,10,19
176.3,2.8,Gable,Clay Tiles,3,40
314.4,1.45,Lean-to,Asbestos Sheets,5,19
256.5,2.17,Hip,Clay Tiles,12,24
195.1,3.51,Hip,Clay Tiles,13,24
157.6,2.7,Hip,Metal Sheets,2,30
80.7,2.36,Hip,Metal Sheets,5,12
108.5,2.46,Hip,Metal Sheets,10,8
119.6,1.91,Gable,Clay Tiles,14,11
158.8,3.29,Hip,Concrete Tiles,11,21
363.1,3.68,Lean-to,Asbestos Sheets,11,13
191.2,3.67,Hip,Clay Tiles,7,27
128.2,1.95,Lean-to,Asbestos Sheets,2,19
98.9,2.16,Hip,Clay Tiles,12,13
150.8,1.78,Lean-to,Concrete Tiles,13,10
292.1,2.15,Gable,Concrete Tiles,8,26
161.2,2.2,Lean-to,Metal Sheets,9,9
274.6,2.81,Gable,Concrete Tiles,5,38
286.6,1.86,Gable,Clay Tiles,8,29
100.3,3.71,Gable,Clay Tiles,5,18
219.9,1.58,Gable,Metal Sheets,7,17
375.6,1,Lean-to,Metal Sheets,3,27
165.6,3.44,Lean-to,Metal Sheets,10,9
80.9,2.98,Lean-to,Metal Sheets,5,7
348.1,2.25,Gable,Concrete Tiles,12,20
324.5,2.73,Lean-to,Metal Sheets,9,14
195.7,1.95,Flat,RC Slab,14,23
203.9,1.8,Gable,Clay Tiles,5,25
123.4,2.47,Hip,Asbestos Sheets,5,15
293.7,2.25,Flat,RC Slab,5,40
189.5,2.77,Gable,Concrete Tiles,10,19
