wall_type,floor_area_m2,total_wall_area_m2,labor_count,duration_days
Brick,270.8,500,18,11
Concrete Block,207.1,332.8,19,7
Brick,160.2,328.4,16,9
Concrete Block,156.4,274.2,20,6
Concrete Block,145.7,215.3,20,6
Concrete Block,235.4,425,15,8
Concrete Block,225.3,364.4,16,8
Concrete Block,156.4,274.2,12,7
Brick,120,201.5,11,8
Brick,212.4,371.4,10,13
Concrete Block,156.4,274.2,10,7
Brick,172.4,327.8,12,10
Brick,240.9,408.8,19,9
Brick,233.6,358.7,11,11
Brick,229.3,381,9,13
Brick,232.9,365.7,11,12
Brick,186.7,357.2,20,9
Concrete Block,120.5,233.9,7,8
Brick,260.2,428.5,3,23
Brick,262.5,500,6,19
Concrete Block,174.5,317.1,12,9
Brick,158.7,282.5,19,8
Concrete Block,137.3,237.4,6,8
Brick,158.7,282.5,13,9
Brick,257.2,433.9,13,12
Concrete Block,143.5,240.4,9,7
Brick,227.4,331.3,17,8
Brick,178.7,296,20,8
Brick,227.4,331.3,3,18
Concrete Block,132.1,240.9,15,7
Brick,232.9,365.7,12,11
Brick,127.6,226,17,8
Brick,270.8,500,5,21
Brick,240.9,408.8,17,10
Brick,240.9,408.8,11,12
Brick,264.9,481.7,17,11
Brick,147.3,258.9,19,8
Brick,190.8,330.2,5,16
Brick,178.7,309.7,19,8
Concrete Block,102.3,154.5,15,5
Concrete Block,151.8,311.1,7,11
Brick,227.4,331.3,4,16
Concrete Block,219.6,429.2,5,14
Brick,233.1,398.6,16,10
Brick,145.7,269,17,8
Brick,127.6,226,18,8
Concrete Block,145.7,215.3,15,6
Brick,192.1,307.6,14,9
Concrete Block,178.7,293.1,13,7
Brick,127.6,226,7,11
Brick,117.1,207.8,13,8
Brick,249.8,454.7,14,12
Brick,253.9,439.4,4,22
Concrete Block,120.5,233.9,4,10
Brick,255.1,402.1,4,19
Brick,221.9,386.7,18,9
Brick,269.5,500,12,12
Brick,145.6,264.1,16,8
Brick,257.2,433.9,16,11
Concrete Block,199.3,400.8,20,7
Concrete Block,246.5,387.4,14,7
Brick,183.8,353.1,3,21
Concrete Block,260.2,420.5,11,10
Concrete Block,102.3,154.5,4,8
Concrete Block,202.9,365.5,18,7
Concrete Block,218.1,418.9,20,8
Concrete Block,162.4,311.8,20,6
Brick,167.4,304.8,15,8
Brick,173.3,283.9,13,11
Brick,144,230.4,16,8
Brick,218.3,393.4,6,14
Brick,255.1,402.1,10,12
Concrete Block,219.1,443.9,3,21
Brick,249.8,454.7,7,17
Brick,228.7,361.6,20,8
Brick,213.8,354.6,14,10
Brick,223.2,346,18,10
Brick,186.7,357.2,14,11
Concrete Block,219.6,429.2,8,11
Brick,115.4,200.3,16,7
Brick,228.7,361.6,18,9
Brick,117.5,208.8,3,15
Concrete Block,157.6,309.3,13,8
Brick,117.5,208.8,7,10
Brick,276.2,477.7,16,11
Brick,205.1,378.2,16,10
Brick,91.9,141.9,9,7
Brick,200.6,366.5,7,14
Brick,172.4,327.8,2,25
Brick,145.7,269,6,11
Brick,180.7,281.2,9,11
Concrete Block,151.7,247.2,10,7
Brick,213.8,354.6,9,12
Brick,218.4,425.4,10,12
Brick,260.2,428.5,20,9
Brick,158.7,282.5,2,23
Concrete Block,218.1,418.9,9,11
Brick,227.4,331.3,12,10
Brick,142.1,261.9,12,9
Concrete Block,195.3,351.6,2,24
Concrete Block,253.1,457.6,11,10
Brick,145.6,264.1,14,9
Brick,208.2,330.9,8,13
Brick,133.6,261.5,17,9
Brick,184.1,300.8,8,12
Concrete Block,207.1,332.8,9,10
Brick,180.7,281.2,12,9
Brick,205.1,378.2,11,12
Concrete Block,160.6,251.7,3,14
Brick,115.4,200.3,8,9
Brick,181.2,357,10,12
Concrete Block,202.9,365.5,9,9
Brick,223.2,346,6,16
Brick,232.9,365.7,19,9
Brick,166.6,248.9,10,10
Concrete Block,151.8,311.1,2,23
Brick,249.8,454.7,9,15
Brick,232.9,365.7,10,12
Concrete Block,190.6,341.1,3,15
Brick,140.4,227.7,10,9
Concrete Block,151.7,247.2,12,7
Concrete Block,199.3,400.8,5,14
Brick,240.9,408.8,20,9
Concrete Block,203.2,352,8,9
Brick,229.3,381,7,14
Concrete Block,143.5,240.4,4,10
Brick,232.6,470.4,19,10
Brick,218.4,425.4,19,9
Concrete Block,102.3,154.5,20,5
Brick,96,186.3,20,7
Brick,192.1,307.6,20,8
Brick,91.9,141.9,18,6
Brick,159.6,287.1,7,12
Concrete Block,260.9,433.5,11,10
Brick,91.9,141.9,10,7
Brick,218.3,393.4,4,18
Brick,270.8,500,15,12
Brick,147.3,258.9,12,9
Concrete Block,244.3,388.4,12,9
Brick,232.6,470.4,3,25
Brick,212.4,371.4,15,11
Concrete Block,207.1,332.8,5,14
Brick,257.2,433.9,6,18
Brick,208.7,324.1,9,11
Brick,116.4,195.9,20,7
Brick,221.9,420.3,15,10
Concrete Block,199.3,400.8,17,7
Brick,141.5,225.2,18,7
Brick,264.9,481.7,18,11
Brick,190.8,330.2,3,22
Brick,262.5,500,3,28
Brick,166.5,302.1,13,10
Concrete Block,174.5,317.1,15,8
Brick,178.3,300.5,17,8
Concrete Block,260.2,420.5,3,20
Brick,117.5,208.8,12,8
Brick,117.5,208.8,9,9
Concrete Block,177.2,332.6,11,10
Brick,96,186.3,17,7
Concrete Block,162.4,311.8,9,8
Brick,133.1,287.8,4,18
Concrete Block,177.2,332.6,18,8
Brick,197.6,343,18,9
Concrete Block,251.4,453.2,10,11
Concrete Block,151.7,247.2,4,11
Concrete Block,145.7,215.3,17,6
Brick,260.2,428.5,11,12
Brick,228.7,361.6,10,11
Brick,253.9,439.4,11,13
Brick,96,186.3,10,9
Brick,167.4,304.8,9,10
Concrete Block,178.7,293.1,7,9
Concrete Block,202.9,365.5,8,10
Brick,147.3,258.9,11,10
Brick,190.8,330.2,13,11
Concrete Block,170.8,309.1,7,10
Brick,213.8,354.6,20,9
Brick,197.6,343,4,19
Brick,158.7,282.5,10,10
Brick,166.6,248.9,20,8
Brick,178.7,296,12,10
Brick,172.2,333.9,20,9
Brick,167.4,304.8,10,10
Brick,166.5,302.1,9,11
Concrete Block,160.6,251.7,15,7
Brick,183.8,353.1,2,26
Brick,142.1,261.9,14,9
Brick,178.7,296,19,8
Brick,252.7,419.1,11,12
Brick,218.4,425.4,7,14
Brick,227.4,331.3,18,8
Brick,253.9,439.4,19,10
Brick,233.6,358.7,12,11
Brick,113.6,190.5,19,7
Brick,141.5,225.2,19,7
Brick,134,270.6,17,8
Brick,178.3,300.5,3,18
Brick,221.9,386.7,9,12
Brick,223.2,346,8,14
Brick,215.3,404.8,15,11
Brick,180.7,281.2,13,9
Concrete Block,190.6,341.1,7,10
Concrete Block,177.2,332.6,9,11
Brick,142.1,261.9,9,10
Concrete Block,195.3,351.6,3,19
Concrete Block,174.5,317.1,3,19
Brick,217.5,394.8,5,20
Brick,190.8,330.2,12,11
Brick,167.4,304.8,17,8
Brick,213.8,354.6,16,10
Brick,215.3,404.8,13,12
Concrete Block,151.8,311.1,5,13
Brick,144,230.4,17,8
Brick,210.5,415.2,14,10
Brick,213.8,354.6,13,11
Brick,221.9,420.3,8,13
Brick,232.9,365.7,5,17
Concrete Block,132.1,240.9,4,13
Brick,208.7,324.1,8,12
Brick,154.3,230.1,20,7
Brick,141.2,262.3,2,20
Brick,253.9,439.4,14,12
Brick,157.3,239.5,9,9
Concrete Block,225.3,364.4,6,12
Brick,212.4,371.4,6,16
Concrete Block,156.4,274.2,2,16
Brick,140.4,227.7,18,7
Brick,144,230.4,12,9
Concrete Block,177.2,332.6,12,9
Brick,233.6,358.7,14,10
Brick,142.1,261.9,15,8
Concrete Block,202.9,365.5,19,7
Brick,183.8,353.1,10,11
Brick,178.7,296,7,12
Brick,220.9,443.3,10,14
Brick,147.3,258.9,9,10
Concrete Block,195.3,351.6,17,8
Brick,167.4,304.8,4,14
Brick,269.5,500,3,25
Brick,160.2,328.4,2,24
Brick,200.6,366.5,4,19
Concrete Block,225.3,364.4,10,10
Concrete Block,178.7,293.1,9,8
Brick,160.2,328.4,18,9
Concrete Block,174.5,317.1,18,8
Brick,264.9,481.7,15,12
Brick,113.6,190.5,14,8
Brick,218.4,425.4,13,10
Concrete Block,202.5,370.7,16,7
Brick,178.7,309.7,10,11
Brick,131.6,238.9,8,10
Brick,276.2,477.7,6,17
Concrete Block,260.9,433.5,14,9
Concrete Block,225.3,364.4,15,8
Brick,158.7,282.5,8,11
Brick,233.6,358.7,10,12
Brick,217.5,394.8,2,34
Concrete Block,221.3,397.4,3,18
Concrete Block,151.7,247.2,5,10
Brick,145.7,269,11,9
Brick,252.7,419.1,9,13
Brick,214.6,409.1,13,11
Brick,145.7,269,10,9
Brick,240.9,408.8,15,10
Concrete Block,195.3,351.6,11,9
Brick,157.3,239.5,8,9
Brick,117.5,208.8,20,7
Concrete Block,235.4,425,5,15
Brick,200.6,366.5,2,28
Brick,160.2,328.4,20,8
Concrete Block,260.9,433.5,15,9
Brick,223.2,346,5,17
Concrete Block,177.2,332.6,8,11
Brick,178.7,296,17,9
Brick,140.4,227.7,13,8
Brick,158.7,282.5,12,10
Brick,190.8,330.2,19,9
Brick,208.2,330.9,3,21
Brick,229.3,381,12,11
Concrete Block,253.1,457.6,8,12
Brick,253.9,439.4,16,11
Concrete Block,145.7,215.3,2,14
Brick,166.5,302.1,2,25
Brick,213.8,354.6,2,28
Brick,252.7,419.1,12,11
Concrete Block,221.3,397.4,9,10
Brick,253.9,439.4,13,12
Brick,252.7,419.1,15,10
Brick,212.4,371.4,13,11
Concrete Block,195.3,351.6,18,8
Concrete Block,143.5,240.4,14,6
Brick,276.2,477.7,15,11
Concrete Block,202.9,365.5,17,7
Concrete Block,143.5,240.4,12,6
Concrete Block,177.2,332.6,14,9
Brick,220.9,443.3,18,10
Brick,197.6,343,12,11
Concrete Block,244.3,388.4,11,9
Brick,133.1,287.8,11,11
Concrete Block,260.9,433.5,4,18
Brick,91.9,141.9,19,6
Brick,183.8,353.1,9,12
Concrete Block,156.4,274.2,5,10
Brick,214.6,409.1,9,13
Brick,145.7,269,13,8
Brick,270.8,500,3,28
Concrete Block,244.3,388.4,6,12
Concrete Block,102.3,154.5,7,6
Concrete Block,207.1,332.8,7,11
Brick,213.4,348.4,3,19
Brick,157.3,239.5,10,9
Concrete Block,246.5,387.4,17,7
Brick,178.3,300.5,12,9
Brick,249.7,454.4,18,12
Brick,192.1,307.6,15,9
Brick,200.6,366.5,17,10
Concrete Block,160.6,251.7,6,9
Brick,190.8,330.2,20,9
Brick,145.6,264.1,2,22
Brick,249.7,454.4,9,16
Brick,223.2,346,3,23
Brick,183.8,353.1,5,16
Brick,227.4,331.3,14,9
Brick,178.3,300.5,20,8
Brick,166.5,302.1,15,9
Brick,213.4,348.4,14,9
Brick,214.6,409.1,20,9
Brick,190.8,330.2,6,15
Brick,184.1,300.8,15,9
Concrete Block,246.5,387.4,4,13
Brick,228.7,361.6,2,25
Brick,133.1,287.8,18,9
Concrete Block,225.3,364.4,19,7
Brick,159.6,287.1,16,9
Brick,141.5,225.2,16,7
Brick,134,270.6,5,13
Brick,173.3,283.9,17,10
Concrete Block,244.3,388.4,20,7
Concrete Block,207.1,332.8,17,7
Brick,172.4,327.8,10,11
Brick,160.2,328.4,17,9
Brick,117.5,208.8,4,13
Brick,178.3,300.5,11,10
Concrete Block,145.7,215.3,5,9
Concrete Block,162.4,311.8,4,13
Brick,184.1,300.8,19,8
Brick,232.6,470.4,12,12
Brick,167.4,304.8,12,9
Brick,240.9,408.8,16,10
Concrete Block,157.6,309.3,15,8
Brick,141.5,225.2,4,12
Brick,197.6,343,12,11
Brick,147.3,258.9,13,9
Brick,154.3,230.1,6,10
Brick,141.5,225.2,7,9
Concrete Block,151.7,247.2,11,7
Brick,154.3,230.1,17,7
Brick,141.5,225.2,12,8
Brick,144,230.4,3,16
Brick,173.3,283.9,19,9
Concrete Block,160.6,251.7,10,8
Concrete Block,110.8,212.9,19,6
Brick,117.5,208.8,10,9
Concrete Block,225.3,364.4,4,16
Concrete Block,162.5,266.2,12,7
Brick,113.6,190.5,20,7
Brick,154.3,230.1,4,12
Concrete Block,244.3,388.4,15,8
Brick,252.7,419.1,17,10
Concrete Block,151.8,311.1,11,9
Brick,227.4,331.3,13,9
Concrete Block,162.5,266.2,14,6
Brick,218.3,393.4,14,10
Brick,205.1,378.2,3,23
Brick,186.7,357.2,10,12
Concrete Block,144.3,247.2,13,7
Brick,197.6,343,7,14
Brick,217.5,394.8,7,16
Concrete Block,162.5,266.2,2,15
Brick,147.3,258.9,20,8
Brick,197.6,343,14,10
Brick,142.1,261.9,7,11
Brick,260.2,428.5,16,10
Brick,190.4,369.7,4,20
Brick,262.5,500,13,13
Concrete Block,162.4,311.8,11,8
Brick,113.6,190.5,10,8
Brick,249.7,454.4,19,11
Brick,166.5,302.1,6,14
Brick,133.1,287.8,13,10
Brick,141.2,262.3,15,8
Brick,166.6,248.9,2,22
Brick,127.6,226,12,9
Brick,173.3,283.9,2,28
Concrete Block,221.3,397.4,10,9
Brick,228.7,361.6,12,10
Brick,133.1,287.8,7,14
Concrete Block,235.4,425,16,8
Concrete Block,251.4,453.2,6,14
Concrete Block,190.6,341.1,11,8
Concrete Block,253.1,457.6,20,8
Brick,208.2,330.9,11,11
Brick,264.9,481.7,14,12
Concrete Block,102.3,154.5,14,5
Brick,96,186.3,14,8
Brick,178.3,300.5,10,10
Brick,117.5,208.8,8,9
Brick,115.4,200.3,10,8
Concrete Block,225.3,364.4,8,11
Brick,178.7,296,11,10
Brick,117.1,207.8,7,10
Brick,181.2,357,17,9
Brick,205.1,378.2,15,10
Concrete Block,235.4,425,9,11
Concrete Block,145.7,215.3,10,7
Concrete Block,144.3,247.2,14,6
Brick,214.6,409.1,18,10
Brick,208.7,324.1,15,9
Brick,228.7,361.6,14,10
Brick,166.6,248.9,11,10
Brick,190.4,369.7,8,14
Brick,178.7,309.7,10,11
Concrete Block,203.2,352,10,8
Brick,131.6,238.9,4,14
Concrete Block,132.1,240.9,18,7
Brick,183.8,353.1,4,18
Brick,218.4,425.4,4,18
Brick,178.7,309.7,9,11
Brick,186.7,357.2,18,10
Brick,253.9,439.4,8,15
Concrete Block,199.3,400.8,2,23
Concrete Block,170.8,309.1,15,7
Brick,192.1,307.6,8,11
Brick,96,186.3,6,10
Brick,232.9,365.7,6,16
Concrete Block,202.5,370.7,8,9
Concrete Block,157.6,309.3,9,10
Concrete Block,178.7,293.1,18,6
Brick,178.3,300.5,19,8
Concrete Block,137.3,237.4,17,6
Concrete Block,174.5,317.1,2,25
Brick,140.4,227.7,2,19
Brick,192.1,307.6,12,10
Brick,221.9,420.3,20,9
Concrete Block,171.1,317.8,3,15
Concrete Block,207.1,332.8,8,11
Brick,186.7,357.2,19,9
Concrete Block,202.5,370.7,15,7
Brick,213.4,348.4,6,14
Brick,233.1,398.6,7,14
Brick,217.5,394.8,18,11
Brick,257.2,433.9,2,34
Brick,233.1,398.6,6,15
Brick,172.4,327.8,19,9
Brick,200.6,366.5,8,13
Brick,120,201.5,14,8
Brick,178.3,300.5,2,23
Brick,115.4,200.3,15,7
Concrete Block,143.5,240.4,10,7
Concrete Block,260.2,420.5,7,12
Concrete Block,151.7,247.2,15,6
Brick,232.6,470.4,15,11
Concrete Block,225.3,364.4,3,19
Brick,270.8,500,17,11
Concrete Block,244.3,388.4,9,10
Brick,210.5,415.2,3,22
Concrete Block,102.3,154.5,17,5
Brick,197.6,343,19,9
Brick,178.7,296,8,11
Concrete Block,221.3,397.4,8,10
Brick,217.5,394.8,3,26
Brick,221.9,386.7,14,10
Brick,145.7,269,5,12
Brick,181.2,357,14,10
Brick,223.2,346,19,9
Concrete Block,120.5,233.9,14,6
Brick,147.3,258.9,4,15
Brick,186.7,357.2,15,10
Brick,253.9,439.4,2,33
Brick,208.2,330.9,14,10
Concrete Block,235.4,425,2,26
Brick,178.3,300.5,4,16
Brick,178.7,296,9,11
Concrete Block,144.3,247.2,6,9
Concrete Block,151.7,247.2,8,8
Concrete Block,190.6,341.1,17,7
Brick,218.3,393.4,8,12
Brick,145.6,264.1,17,8
Brick,255.1,402.1,13,10
Concrete Block,171.1,317.8,20,6
Brick,172.2,333.9,16,10
Concrete Block,144.3,247.2,5,10
Brick,117.1,207.8,11,8
Concrete Block,221.3,397.4,2,23
Brick,215.3,404.8,8,15
Concrete Block,132.1,240.9,10,8
Brick,240.9,408.8,8,13
Brick,158.7,282.5,9,11
Concrete Block,151.8,311.1,18,7
Brick,229.3,381,6,15
Brick,154.3,230.1,3,14
Brick,145.6,264.1,8,11
Concrete Block,157.6,309.3,14,8
Brick,262.5,500,4,24
Concrete Block,207.1,332.8,16,8
Brick,178.3,300.5,7,12
Concrete Block,195.3,351.6,9,10
Brick,167.4,304.8,8,10
Brick,215.3,404.8,12,12
Brick,186.7,357.2,5,17
Concrete Block,170.8,309.1,16,7
Brick,180.7,281.2,6,13
Brick,253.9,439.4,5,19
Concrete Block,260.2,420.5,2,26
Brick,115.4,200.3,8,9
Brick,145.6,264.1,18,8
Concrete Block,253.1,457.6,19,8
Brick,252.7,419.1,7,15
Brick,159.6,287.1,20,8
Concrete Block,156.4,274.2,14,6
Brick,269.5,500,8,15
Brick,233.6,358.7,19,9
Brick,228.7,361.6,11,10
Concrete Block,246.5,387.4,10,8
Concrete Block,171.1,317.8,4,13
Brick,218.3,393.4,13,10
Brick,210.5,415.2,5,16
Concrete Block,171.1,317.8,17,7
Concrete Block,177.2,332.6,13,9
Concrete Block,221.3,397.4,15,8
Brick,140.4,227.7,2,19
Brick,142.1,261.9,4,15
Brick,218.4,425.4,2,27
Brick,178.3,300.5,18,8
Brick,133.6,261.5,14,10
Brick,134,270.6,20,7
Brick,214.6,409.1,11,12
Concrete Block,170.8,309.1,14,7
Concrete Block,143.5,240.4,11,6
Concrete Block,132.1,240.9,11,8
Brick,223.2,346,2,29
Brick,166.5,302.1,11,11
Brick,96,186.3,7,10
Brick,269.5,500,13,12
Brick,208.2,330.9,5,16
Concrete Block,162.4,311.8,3,15
Brick,208.7,324.1,15,9
Brick,178.7,309.7,12,10
Brick,232.9,365.7,13,11
Concrete Block,137.3,237.4,10,7
Concrete Block,253.1,457.6,5,15
Concrete Block,174.5,317.1,6,13
Brick,218.3,393.4,11,11
Brick,183.8,353.1,13,10
Concrete Block,162.5,266.2,16,6
Brick,141.2,262.3,8,10
Concrete Block,195.3,351.6,5,14
Concrete Block,251.4,453.2,5,16
Concrete Block,174.5,317.1,7,12
Concrete Block,246.5,387.4,11,8
Brick,166.6,248.9,8,11
Brick,159.6,287.1,15,9
Brick,249.7,454.4,14,13
Brick,223.2,346,4,20
Brick,255.1,402.1,8,13
Concrete Block,162.5,266.2,20,6
Brick,190.4,369.7,12,11
Concrete Block,260.9,433.5,12,10
Brick,276.2,477.7,9,14
Brick,190.4,369.7,7,15
Brick,178.3,300.5,8,11
Brick,178.7,296,13,9
Concrete Block,137.3,237.4,14,6
Concrete Block,162.4,311.8,19,6
Brick,269.5,500,16,11
Brick,115.4,200.3,20,7
Concrete Block,132.1,240.9,5,12
Brick,140.4,227.7,17,8
Brick,227.4,331.3,6,13
Brick,249.7,454.4,6,20
Brick,227.4,331.3,9,11
Brick,144,230.4,5,12
Concrete Block,110.8,212.9,14,6
Concrete Block,253.1,457.6,13,9
Brick,178.7,309.7,15,9
Brick,167.4,304.8,11,9
Brick,210.5,415.2,17,9
Brick,190.4,369.7,14,11
Concrete Block,160.6,251.7,18,6
Brick,214.6,409.1,19,9
Brick,133.6,261.5,2,26
Brick,208.7,324.1,20,8
Brick,120,201.5,3,14
Brick,131.6,238.9,3,16
Brick,232.6,470.4,17,10
Brick,210.5,415.2,8,13
Concrete Block,171.1,317.8,19,6
Brick,270.8,500,10,14
Concrete Block,160.6,251.7,11,7
Brick,172.2,333.9,5,16
Concrete Block,162.5,266.2,13,6
Brick,140.4,227.7,11,9
Concrete Block,102.3,154.5,5,7
Brick,215.3,404.8,7,16
Concrete Block,195.3,351.6,6,13
Brick,257.2,433.9,3,27
Concrete Block,110.8,212.9,9,7
Brick,190.4,369.7,17,10
Brick,190.4,369.7,5,17
Brick,253.9,439.4,8,15
Brick,172.4,327.8,6,14
Concrete Block,157.6,309.3,10,9
Concrete Block,235.4,425,2,26
Brick,218.3,393.4,7,13
Concrete Block,199.3,400.8,14,8
Brick,240.9,408.8,13,11
Brick,215.3,404.8,9,14
Brick,172.4,327.8,16,9
Brick,116.4,195.9,13,9
Brick,218.3,393.4,12,10
Brick,218.4,425.4,20,9
Brick,91.9,141.9,14,7
Brick,166.6,248.9,9,10
Brick,208.7,324.1,2,24
Brick,115.4,200.3,3,14
Concrete Block,171.1,317.8,12,8
Brick,160.2,328.4,7,12
Brick,141.5,225.2,8,9
Brick,127.6,226,4,14
Brick,159.6,287.1,17,9
Brick,276.2,477.7,13,12
Brick,134,270.6,8,10
Concrete Block,202.5,370.7,3,16
Brick,269.5,500,2,33
Concrete Block,260.2,420.5,18,8
Brick,221.9,386.7,16,9
Brick,184.1,300.8,13,10
Concrete Block,145.7,215.3,14,6
Brick,276.2,477.7,5,19
Concrete Block,199.3,400.8,15,8
Brick,192.1,307.6,11,10
Brick,200.6,366.5,16,10
Brick,221.9,386.7,13,10
Brick,141.5,225.2,15,7
Brick,218.3,393.4,5,16
Concrete Block,102.3,154.5,6,7
Brick,252.7,419.1,13,11
Brick,252.7,419.1,5,18
Brick,160.2,328.4,3,19
Concrete Block,260.2,420.5,14,9
Concrete Block,120.5,233.9,16,6
Concrete Block,162.4,311.8,6,10
Concrete Block,246.5,387.4,13,7
Brick,178.7,309.7,2,24
Brick,145.6,264.1,3,18
Brick,142.1,261.9,5,13
Concrete Block,157.6,309.3,6,12
Brick,154.3,230.1,16,7
Brick,147.3,258.9,6,12
Brick,141.2,262.3,9,10
Brick,221.9,386.7,15,9
Brick,276.2,477.7,18,10
Concrete Block,221.3,397.4,18,7
Concrete Block,143.5,240.4,17,6
Brick,157.3,239.5,14,8
Brick,205.1,378.2,20,9
Brick,96,186.3,19,7
Brick,233.1,398.6,3,23
Brick,127.6,226,2,19
Concrete Block,171.1,317.8,12,8
Brick,178.7,309.7,20,8
Brick,190.4,369.7,9,13
Brick,255.1,402.1,3,22
Concrete Block,162.5,266.2,8,8
Brick,212.4,371.4,3,24
Brick,145.7,269,20,7
Brick,141.2,262.3,4,14
Brick,117.1,207.8,15,7
Brick,147.3,258.9,8,11
Concrete Block,120.5,233.9,17,6
Concrete Block,218.1,418.9,7,12
Brick,257.2,433.9,17,11
Brick,186.7,357.2,4,19
Brick,240.9,408.8,3,23
Brick,232.9,365.7,8,13
Brick,157.3,239.5,11,8
Brick,213.8,354.6,18,9
Brick,178.7,309.7,8,12
Concrete Block,202.9,365.5,20,7
Concrete Block,145.7,215.3,16,6
Brick,269.5,500,18,10
Concrete Block,218.1,418.9,2,26
Brick,233.6,358.7,13,11
Concrete Block,251.4,453.2,2,27
Concrete Block,253.1,457.6,10,10
Brick,141.2,262.3,17,8
Brick,131.6,238.9,2,20
Concrete Block,143.5,240.4,20,6
Concrete Block,260.2,420.5,4,17
Brick,91.9,141.9,6,8
Brick,134,270.6,4,14
Brick,166.5,302.1,7,13
Brick,117.1,207.8,9,9
Concrete Block,246.5,387.4,5,12
Concrete Block,202.5,370.7,6,11
Brick,172.2,333.9,11,11
Brick,158.7,282.5,4,16
Brick,223.2,346,9,13
Brick,233.6,358.7,18,9
Concrete Block,202.5,370.7,11,8
Brick,113.6,190.5,8,9
Brick,181.2,357,8,13
Brick,253.9,439.4,10,13
Concrete Block,225.3,364.4,2,24
Brick,166.5,302.1,8,12
Brick,166.5,302.1,18,9
Concrete Block,151.8,311.1,19,7
Brick,252.7,419.1,19,10
Brick,270.8,500,13,13
Concrete Block,251.4,453.2,13,9
Brick,212.4,371.4,9,13
Brick,117.5,208.8,14,8
Brick,158.7,282.5,15,9
Brick,131.6,238.9,2,20
Brick,228.7,361.6,7,13
Brick,260.2,428.5,7,14
Concrete Block,218.1,418.9,16,8
Concrete Block,132.1,240.9,19,7
Concrete Block,170.8,309.1,8,10
Brick,270.8,500,20,11
Concrete Block,207.1,332.8,6,12
Brick,190.4,369.7,6,16
Brick,147.3,258.9,10,10
Brick,205.1,378.2,4,20
Concrete Block,178.7,293.1,11,7
Brick,157.3,239.5,20,7
Concrete Block,156.4,274.2,7,8
Concrete Block,190.6,341.1,19,6
Brick,166.5,302.1,19,9
Concrete Block,219.6,429.2,6,12
Brick,229.3,381,16,10
Brick,184.1,300.8,9,11
Brick,127.6,226,8,10
Brick,157.3,239.5,2,18
Brick,200.6,366.5,5,17
Brick,133.6,261.5,3,21
Brick,172.2,333.9,18,9
Concrete Block,190.6,341.1,18,6
Brick,228.7,361.6,3,20
Concrete Block,137.3,237.4,8,7
Brick,233.1,398.6,13,11
Brick,167.4,304.8,13,9
Brick,91.9,141.9,15,6
Brick,221.9,420.3,11,11
Concrete Block,171.1,317.8,7,10
Concrete Block,157.6,309.3,6,12
Brick,255.1,402.1,2,28
Brick,141.5,225.2,14,7
Brick,218.3,393.4,20,9
Brick,214.6,409.1,15,10
Brick,255.1,402.1,18,9
Concrete Block,151.8,311.1,9,10
Brick,117.1,207.8,5,11
Concrete Block,195.3,351.6,14,8
Brick,249.7,454.4,20,11
Brick,192.1,307.6,18,8
Brick,210.5,415.2,13,11
Brick,233.6,358.7,5,17
Brick,232.6,470.4,10,13
Brick,145.7,269,7,11
Brick,166.5,302.1,4,17
Brick,157.3,239.5,19,7
Brick,178.3,300.5,15,9
Brick,218.3,393.4,19,9
Concrete Block,171.1,317.8,10,8
Concrete Block,244.3,388.4,17,7
Concrete Block,144.3,247.2,2,16
Concrete Block,225.3,364.4,12,9
Brick,178.7,296,5,14
Concrete Block,145.7,215.3,9,7
Concrete Block,253.1,457.6,9,11
Brick,253.9,439.4,17,11
Brick,166.6,248.9,4,15
Brick,249.7,454.4,13,14
Brick,131.6,238.9,14,8
Brick,229.3,381,12,11
Concrete Block,143.5,240.4,16,6
Concrete Block,251.4,453.2,11,10
Concrete Block,190.6,341.1,12,8
Concrete Block,144.3,247.2,17,6
Brick,154.3,230.1,8,9
Concrete Block,199.3,400.8,6,12
Brick,218.4,425.4,14,10
Brick,116.4,195.9,8,10
Brick,262.5,500,19,11
Brick,221.9,420.3,14,10
Brick,192.1,307.6,7,12
Brick,233.6,358.7,15,10
Brick,262.5,500,6,19
Brick,117.1,207.8,6,10
Concrete Block,260.9,433.5,5,16
Brick,276.2,477.7,17,10
Brick,120,201.5,9,9
Brick,159.6,287.1,11,10
Concrete Block,170.8,309.1,2,21
Brick,141.2,262.3,18,8
Brick,141.2,262.3,5,13
Concrete Block,260.9,433.5,13,10
Brick,134,270.6,12,9
Concrete Block,120.5,233.9,18,6
Brick,264.9,481.7,12,13
Brick,264.9,481.7,8,16
Brick,205.1,378.2,9,13
Brick,172.2,333.9,3,22
Concrete Block,120.5,233.9,8,7
Brick,154.3,230.1,10,9
Brick,166.6,248.9,18,8
Brick,215.3,404.8,17,11
Brick,233.1,398.6,9,13
Brick,218.4,425.4,17,9
Brick,229.3,381,2,29
Brick,184.1,300.8,17,9
Brick,141.5,225.2,11,8
Brick,141.5,225.2,5,11
Brick,270.8,500,11,14
Brick,190.4,369.7,2,29
Brick,120,201.5,15,7
Concrete Block,219.1,443.9,5,16
Concrete Block,253.1,457.6,12,9
Brick,221.9,386.7,17,9
Concrete Block,137.3,237.4,5,9
Brick,190.4,369.7,16,10
Brick,229.3,381,5,17
Concrete Block,151.8,311.1,14,8
Brick,197.6,343,3,22
Brick,186.7,357.2,16,10
Brick,133.6,261.5,13,10
Concrete Block,190.6,341.1,14,7
Concrete Block,251.4,453.2,18,8
Concrete Block,235.4,425,4,17
Brick,208.2,330.9,13,10
Brick,131.6,238.9,15,8
Brick,240.9,408.8,10,12
Concrete Block,178.7,293.1,17,6
Concrete Block,251.4,453.2,20,8
Brick,190.8,330.2,4,19
Concrete Block,219.1,443.9,15,9
Brick,178.7,296,10,10
Brick,213.4,348.4,13,10
Brick,215.3,404.8,6,17
Brick,96,186.3,15,8
Concrete Block,178.7,293.1,16,6
Brick,159.6,287.1,3,19
Brick,140.4,227.7,15,8
Brick,213.4,348.4,4,17
Brick,184.1,300.8,16,9
Brick,172.2,333.9,8,13
Brick,260.2,428.5,13,11
Concrete Block,145.7,215.3,4,10
Brick,233.1,398.6,20,9
Brick,142.1,261.9,11,9
Brick,257.2,433.9,20,10
Concrete Block,162.5,266.2,7,8
Brick,184.1,300.8,14,9
Concrete Block,102.3,154.5,3,9
Concrete Block,207.1,332.8,18,7
Brick,144,230.4,18,8
Concrete Block,120.5,233.9,12,6
Brick,257.2,433.9,9,14
Brick,142.1,261.9,8,11
Brick,160.2,328.4,10,11
Brick,142.1,261.9,19,8
Brick,221.9,420.3,16,9
Brick,240.9,408.8,14,10
Brick,233.1,398.6,14,10
Brick,240.9,408.8,6,16
Brick,264.9,481.7,19,11
Concrete Block,202.5,370.7,14,7
Brick,91.9,141.9,3,11
Brick,91.9,141.9,13,7
Brick,269.5,500,20,10
Concrete Block,137.3,237.4,15,6
Brick,145.7,269,15,8
Concrete Block,219.6,429.2,13,8
Concrete Block,225.3,364.4,18,7
Concrete Block,162.5,266.2,18,6
Brick,115.4,200.3,14,8
Brick,178.7,309.7,7,12
Brick,154.3,230.1,14,8
Brick,120,201.5,7,10
Concrete Block,132.1,240.9,7,10
Concrete Block,156.4,274.2,3,13
Brick,260.2,428.5,5,17
Brick,144,230.4,6,11
Concrete Block,221.3,397.4,7,11
Concrete Block,102.3,154.5,19,5
Concrete Block,207.1,332.8,2,23
Concrete Block,244.3,388.4,10,9
Brick,190.4,369.7,10,12
Brick,166.5,302.1,17,9
Brick,270.8,500,16,12
Brick,157.3,239.5,6,11
Concrete Block,171.1,317.8,5,11
Brick,233.1,398.6,12,11
Concrete Block,219.6,429.2,12,9
Concrete Block,178.7,293.1,6,9
Concrete Block,120.5,233.9,19,6
Brick,220.9,443.3,13,12
Brick,158.7,282.5,6,13
Brick,218.3,393.4,3,21
Brick,229.3,381,19,9
Brick,117.1,207.8,2,17
Concrete Block,177.2,332.6,5,15
Brick,120,201.5,10,8
Brick,190.4,369.7,19,9
Concrete Block,157.6,309.3,8,10
Concrete Block,202.9,365.5,2,22
Concrete Block,137.3,237.4,18,6
Concrete Block,207.1,332.8,11,9
Brick,144,230.4,19,8
Brick,127.6,226,5,12
Brick,212.4,371.4,19,10
Concrete Block,219.1,443.9,13,9
Concrete Block,260.9,433.5,4,18
Brick,208.2,330.9,10,11
Brick,144,230.4,9,10
Brick,131.6,238.9,19,8
Concrete Block,171.1,317.8,6,10
Concrete Block,218.1,418.9,6,13
Concrete Block,145.7,215.3,11,6
Brick,270.8,500,14,12
Brick,178.3,300.5,13,9
Concrete Block,157.6,309.3,12,9
Brick,115.4,200.3,18,7
Brick,217.5,394.8,15,11
Brick,142.1,261.9,3,17
Brick,220.9,443.3,3,26
Brick,180.7,281.2,2,22
Concrete Block,110.8,212.9,4,9
Brick,180.7,281.2,18,8
Brick,233.1,398.6,17,10
Concrete Block,203.2,352,4,13
Brick,213.4,348.4,20,8
Concrete Block,260.9,433.5,19,8
Brick,262.5,500,16,12
Concrete Block,177.2,332.6,7,12
Brick,172.2,333.9,7,14
Concrete Block,221.3,397.4,17,7
Brick,260.2,428.5,8,13
Concrete Block,120.5,233.9,18,6
Brick,253.9,439.4,20,10
Brick,172.2,333.9,12,11
Brick,270.8,500,7,17
Brick,210.5,415.2,4,19
Brick,213.8,354.6,6,15
Concrete Block,144.3,247.2,20,6
Concrete Block,174.5,317.1,19,7
Brick,157.3,239.5,17,7
Concrete Block,190.6,341.1,5,11
Brick,113.6,190.5,11,8
Concrete Block,244.3,388.4,4,15
Brick,221.9,386.7,3,20
Brick,197.6,343,9,12
Brick,167.4,304.8,16,8
Brick,172.2,333.9,14,10
Brick,270.8,500,6,19
Brick,117.5,208.8,2,18
Concrete Block,190.6,341.1,16,7
Brick,213.8,354.6,12,11
Brick,167.4,304.8,14,8
Brick,223.2,346,11,12
Concrete Block,120.5,233.9,9,7
Brick,249.7,454.4,8,17
Brick,190.4,369.7,11,12
Concrete Block,160.6,251.7,13,7
Brick,208.2,330.9,15,10
Brick,144,230.4,15,8
Brick,253.9,439.4,7,16
Concrete Block,219.1,443.9,9,11
Concrete Block,110.8,212.9,16,6
Concrete Block,202.5,370.7,7,10
Brick,181.2,357,2,27
Brick,173.3,283.9,10,12
Brick,166.5,302.1,5,15
Brick,113.6,190.5,3,14
Concrete Block,260.9,433.5,9,12
Brick,115.4,200.3,9,9
Concrete Block,207.1,332.8,20,7
Concrete Block,253.1,457.6,14,9
Concrete Block,143.5,240.4,8,7
Brick,232.9,365.7,17,10
Concrete Block,221.3,397.4,5,13
Concrete Block,253.1,457.6,3,20
Brick,96,186.3,4,12
Brick,113.6,190.5,7,9
Concrete Block,246.5,387.4,8,9
Brick,186.7,357.2,12,11
Brick,127.6,226,14,8
Brick,144,230.4,16,8
Brick,212.4,371.4,17,10
Brick,166.6,248.9,13,9
Brick,96,186.3,9,9
Brick,197.6,343,20,9
Concrete Block,132.1,240.9,16,7
Brick,220.9,443.3,12,12
Brick,220.9,443.3,19,10
Brick,249.8,454.7,8,16
Brick,172.2,333.9,13,10
Brick,197.6,343,15,10
Brick,200.6,366.5,11,11
Concrete Block,207.1,332.8,4,15
Concrete Block,199.3,400.8,12,9
Brick,113.6,190.5,15,7
Brick,133.1,287.8,12,11
Concrete Block,221.3,397.4,13,8
Brick,180.7,281.2,10,10
Brick,228.7,361.6,4,17
Concrete Block,171.1,317.8,14,7
Brick,190.8,330.2,17,9
Brick,255.1,402.1,7,14
Brick,249.8,454.7,13,13
Brick,200.6,366.5,19,9
Brick,232.6,470.4,20,10
Concrete Block,170.8,309.1,8,10
Brick,208.7,324.1,18,9
Concrete Block,235.4,425,17,8
Brick,140.4,227.7,9,9
Brick,213.4,348.4,16,9
Brick,133.6,261.5,19,9
Concrete Block,144.3,247.2,11,7
Brick,117.1,207.8,12,8
Brick,215.3,404.8,20,10
Concrete Block,218.1,418.9,12,9
Brick,227.4,331.3,16,9
Brick,221.9,386.7,4,17
Brick,223.2,346,8,14
Brick,190.8,330.2,7,14
Brick,217.5,394.8,10,14
Brick,157.3,239.5,15,8
Brick,221.9,420.3,6,15
Concrete Block,162.4,311.8,16,7
Concrete Block,157.6,309.3,18,7
Brick,133.6,261.5,15,10
Brick,255.1,402.1,14,10
Concrete Block,219.1,443.9,4,18
Brick,159.6,287.1,2,24
Concrete Block,207.1,332.8,9,10
Brick,166.6,248.9,17,8
Brick,172.2,333.9,15,10
Brick,260.2,428.5,18,9
Brick,205.1,378.2,7,15
Brick,172.4,327.8,2,25
Brick,142.1,261.9,16,8
Brick,172.4,327.8,8,12
Brick,141.5,225.2,10,8
Brick,217.5,394.8,12,13
Brick,223.2,346,16,10
Brick,133.1,287.8,6,15
Brick,249.7,454.4,12,14
Brick,127.6,226,6,11
Brick,257.2,433.9,18,11
Concrete Block,218.1,418.9,13,9
Brick,252.7,419.1,14,11
Concrete Block,203.2,352,13,7
Brick,221.9,420.3,10,11
Brick,200.6,366.5,3,22
Brick,233.6,358.7,4,19
Brick,120,201.5,5,11
Brick,133.1,287.8,2,27
Brick,120,201.5,19,7
Brick,167.4,304.8,7,11
Brick,154.3,230.1,18,7
Brick,217.5,394.8,13,12
Concrete Block,246.5,387.4,10,8
Concrete Block,190.6,341.1,20,6
Brick,215.3,404.8,4,22
Brick,154.3,230.1,5,11
Brick,166.6,248.9,7,12
Brick,223.2,346,17,10
Brick,178.7,296,3,19
Brick,208.7,324.1,13,10
Brick,220.9,443.3,9,14
Brick,127.6,226,15,8
Brick,120,201.5,20,7
Concrete Block,170.8,309.1,13,8
Brick,166.6,248.9,19,8
Concrete Block,199.3,400.8,11,9
Brick,227.4,331.3,5,14
Brick,249.7,454.4,11,15
Concrete Block,218.1,418.9,3,20
Brick,192.1,307.6,6,13
Concrete Block,177.2,332.6,3,20
Brick,141.2,262.3,7,11
Concrete Block,244.3,388.4,19,7
Concrete Block,225.3,364.4,17,8
Brick,184.1,300.8,20,8
Brick,127.6,226,15,8
Brick,186.7,357.2,9,13
Brick,181.2,357,11,11
Concrete Block,120.5,233.9,13,6
Concrete Block,251.4,453.2,7,13
Concrete Block,202.9,365.5,16,7
Concrete Block,225.3,364.4,20,7
Brick,113.6,190.5,18,7
Brick,144,230.4,2,20
Brick,210.5,415.2,7,14
Brick,91.9,141.9,16,6
Brick,229.3,381,14,10
Brick,145.7,269,3,16
Brick,91.9,141.9,7,8
Brick,249.7,454.4,3,31
Concrete Block,162.4,311.8,7,9
Brick,91.9,141.9,17,6
Brick,197.6,343,11,11
Concrete Block,120.5,233.9,2,14
Concrete Block,144.3,247.2,11,7
Brick,217.5,394.8,4,22
Brick,145.6,264.1,10,10
Brick,200.6,366.5,15,10
Brick,228.7,361.6,17,9
Brick,276.2,477.7,12,12
Concrete Block,143.5,240.4,2,14
Brick,166.5,302.1,10,11
Brick,181.2,357,2,27
Brick,178.7,296,14,9
Brick,192.1,307.6,3,19
Brick,145.7,269,19,7
Brick,140.4,227.7,12,8
Brick,249.8,454.7,10,14
Concrete Block,171.1,317.8,13,7
Brick,264.9,481.7,11,14
Concrete Block,177.2,332.6,20,7
Brick,218.4,425.4,13,10
Brick,141.2,262.3,6,12
Concrete Block,202.9,365.5,11,9
Brick,221.9,420.3,5,16
Concrete Block,246.5,387.4,2,20
Brick,120,201.5,8,9
Brick,178.7,296,18,8
Concrete Block,218.1,418.9,8,12
Concrete Block,137.3,237.4,4,9
Brick,154.3,230.1,7,10
Concrete Block,260.2,420.5,20,7
Brick,120,201.5,12,8
Brick,178.7,309.7,14,9
Brick,134,270.6,3,16
Brick,192.1,307.6,10,10
Brick,141.2,262.3,16,8
Brick,223.2,346,10,12
Concrete Block,202.5,370.7,20,6
Brick,220.9,443.3,11,13
Concrete Block,219.6,429.2,15,8
Brick,213.4,348.4,11,10
Concrete Block,110.8,212.9,7,7
Brick,183.8,353.1,4,18
Brick,115.4,200.3,6,10
Concrete Block,244.3,388.4,16,8
Brick,141.2,262.3,11,9
Brick,190.8,330.2,10,12
Brick,96,186.3,3,14
Brick,186.7,357.2,6,16
Concrete Block,151.8,311.1,12,9
Brick,200.6,366.5,12,11
Concrete Block,253.1,457.6,6,14
Brick,116.4,195.9,5,13
Brick,260.2,428.5,14,10
Brick,127.6,226,13,8
Concrete Block,132.1,240.9,6,11
Concrete Block,202.9,365.5,13,8
Concrete Block,246.5,387.4,6,11
Concrete Block,156.4,274.2,18,6
Brick,262.5,500,7,17
Brick,157.3,239.5,16,7
Brick,213.4,348.4,9,11
Concrete Block,151.8,311.1,4,15
Brick,115.4,200.3,4,12
Concrete Block,162.4,311.8,12,7
Brick,232.6,470.4,13,12
Brick,178.7,296,6,13
Brick,217.5,394.8,10,14
Brick,134,270.6,7,11
Brick,269.5,500,6,17
Concrete Block,219.6,429.2,18,7
Brick,221.9,386.7,12,10
Brick,145.7,269,16,8
Concrete Block,156.4,274.2,4,11
Brick,221.9,420.3,19,9
Concrete Block,202.9,365.5,7,11
Brick,172.4,327.8,14,10
Concrete Block,178.7,293.1,8,8
Brick,113.6,190.5,9,9
Concrete Block,156.4,274.2,11,7
Brick,145.6,264.1,4,15
Concrete Block,174.5,317.1,11,9
Concrete Block,171.1,317.8,11,8
Concrete Block,144.3,247.2,10,7
Concrete Block,110.8,212.9,18,6
Brick,173.3,283.9,8,13
Brick,133.1,287.8,19,9
Brick,178.3,300.5,6,13
Brick,253.9,439.4,9,14
Brick,217.5,394.8,8,15
Brick,214.6,409.1,10,12
Concrete Block,251.4,453.2,12,10
Brick,181.2,357,3,21
Brick,183.8,353.1,12,11
Concrete Block,199.3,400.8,19,7
Brick,147.3,258.9,15,9
Concrete Block,203.2,352,3,15
Concrete Block,190.6,341.1,6,10
Brick,213.4,348.4,8,12
Brick,233.1,398.6,2,29
Brick,117.1,207.8,8,9
Brick,249.8,454.7,2,36
Concrete Block,260.9,433.5,3,22
Brick,220.9,443.3,8,15
Brick,249.8,454.7,11,14
Brick,127.6,226,9,10
Brick,255.1,402.1,6,15
Concrete Block,102.3,154.5,7,6
Brick,212.4,371.4,14,11
Brick,220.9,443.3,16,11
Brick,233.6,358.7,3,22
Brick,115.4,200.3,12,8
Concrete Block,174.5,317.1,4,16
Brick,249.8,454.7,15,12
Brick,223.2,346,14,11
Brick,249.8,454.7,18,11
Brick,192.1,307.6,4,16
Concrete Block,178.7,293.1,19,6
Concrete Block,144.3,247.2,16,6
Brick,232.9,365.7,15,10
Concrete Block,178.7,293.1,12,7
Brick,159.6,287.1,4,16
Brick,133.6,261.5,18,9
Concrete Block,203.2,352,2,19
Concrete Block,157.6,309.3,3,18
Brick,158.7,282.5,14,9
Concrete Block,177.2,332.6,19,8
Brick,158.7,282.5,16,9
Concrete Block,260.9,433.5,7,13
Brick,184.1,300.8,18,8
Brick,157.3,239.5,18,7
Brick,178.7,296,19,8
Brick,131.6,238.9,6,12
Brick,145.6,264.1,11,10
Brick,210.5,415.2,19,9
Brick,213.8,354.6,5,17
Brick,257.2,433.9,12,13
Concrete Block,177.2,332.6,17,8
Concrete Block,132.1,240.9,20,6
Brick,190.4,369.7,13,11
Brick,269.5,500,5,19
Brick,142.1,261.9,2,21
Concrete Block,102.3,154.5,9,6
Brick,214.6,409.1,2,30
Concrete Block,177.2,332.6,16,8
Concrete Block,221.3,397.4,12,9
Brick,233.1,398.6,8,13
Brick,232.9,365.7,2,29
Brick,232.6,470.4,6,17
Brick,113.6,190.5,4,12
Concrete Block,157.6,309.3,2,23
Brick,133.6,261.5,11,11
Brick,166.6,248.9,14,9
Concrete Block,219.6,429.2,19,7
Brick,144,230.4,14,8
Concrete Block,260.2,420.5,5,15
Concrete Block,174.5,317.1,14,8
Brick,249.7,454.4,7,19
Brick,229.3,381,11,12
Concrete Block,244.3,388.4,14,8
Concrete Block,235.4,425,7,12
Brick,208.2,330.9,9,12
Brick,133.1,287.8,8,13
Concrete Block,174.5,317.1,9,10
Concrete Block,260.9,433.5,16,9
Concrete Block,174.5,317.1,5,14
Concrete Block,170.8,309.1,4,14
Brick,232.6,470.4,9,14
Brick,257.2,433.9,11,13
Brick,113.6,190.5,6,10
Brick,217.5,394.8,14,12
Concrete Block,145.7,215.3,18,6
Brick,220.9,443.3,2,33
Concrete Block,145.7,215.3,13,6
Brick,255.1,402.1,19,9
Concrete Block,244.3,388.4,3,18
Brick,192.1,307.6,13,9
Brick,173.3,283.9,15,10
Brick,157.3,239.5,3,14
Concrete Block,145.7,215.3,4,10
Concrete Block,218.1,418.9,13,9
Brick,116.4,195.9,19,8
Concrete Block,246.5,387.4,7,10
Brick,205.1,378.2,13,11
Brick,133.6,261.5,4,18
Concrete Block,110.8,212.9,11,6
Brick,249.8,454.7,9,15
Brick,262.5,500,17,11
Brick,154.3,230.1,16,7
Brick,140.4,227.7,7,10
Brick,262.5,500,5,21
Concrete Block,235.4,425,10,10
Brick,160.2,328.4,5,15
Brick,213.4,348.4,5,15
Concrete Block,244.3,388.4,13,8
Brick,227.4,331.3,11,10
Brick,120,201.5,6,10
Concrete Block,219.1,443.9,8,12
Concrete Block,110.8,212.9,15,6
Brick,221.9,420.3,9,12
Brick,147.3,258.9,16,8
Brick,210.5,415.2,9,12
Concrete Block,202.9,365.5,3,17
Brick,240.9,408.8,3,23
Brick,208.7,324.1,12,10
Brick,218.3,393.4,15,10
Brick,205.1,378.2,6,16
Brick,178.7,309.7,17,9
Concrete Block,171.1,317.8,18,7
Brick,96,186.3,16,7
Concrete Block,145.7,215.3,6,8
Brick,178.3,300.5,9,11
Brick,183.8,353.1,11,11
Concrete Block,260.2,420.5,16,8
Brick,184.1,300.8,4,16
Brick,91.9,141.9,2,13
Brick,276.2,477.7,10,13
Brick,220.9,443.3,17,11
Brick,167.4,304.8,20,8
Concrete Block,177.2,332.6,4,17
Concrete Block,260.2,420.5,12,9
Brick,190.8,330.2,18,9
Brick,115.4,200.3,13,8
Brick,208.7,324.1,10,11
Brick,276.2,477.7,14,11
Brick,180.7,281.2,4,15
Brick,131.6,238.9,11,9
Brick,233.1,398.6,19,9
Brick,218.4,425.4,3,21
Brick,208.7,324.1,5,15
Concrete Block,202.5,370.7,17,7
Brick,232.6,470.4,2,32
Brick,159.6,287.1,19,8
Concrete Block,174.5,317.1,8,11
Concrete Block,162.4,311.8,10,8
Brick,210.5,415.2,18,9
Brick,214.6,409.1,6,16
Brick,192.1,307.6,9,11
Brick,220.9,443.3,4,22
Brick,264.9,481.7,9,15
Concrete Block,260.2,420.5,17,8
Brick,253.9,439.4,3,26
Brick,117.5,208.8,20,7
Brick,197.6,343,16,10
Brick,227.4,331.3,19,8
Brick,178.3,300.5,16,9
Brick,167.4,304.8,3,16
Brick,134,270.6,9,10
Brick,133.1,287.8,14,10
Brick,157.3,239.5,4,13
Concrete Block,235.4,425,12,9
Brick,145.6,264.1,4,15
Brick,233.6,358.7,7,14
Concrete Block,244.3,388.4,13,8
Brick,264.9,481.7,2,37
Concrete Block,244.3,388.4,18,7
Brick,181.2,357,5,16
Brick,227.4,331.3,15,9
Brick,215.3,404.8,3,25
Brick,172.2,333.9,10,12
Brick,215.3,404.8,14,11
Brick,166.5,302.1,16,9
Concrete Block,225.3,364.4,14,8
Brick,141.2,262.3,19,8
Brick,115.4,200.3,17,7
Brick,227.4,331.3,20,8
Concrete Block,132.1,240.9,12,8
Concrete Block,120.5,233.9,20,6
Brick,184.1,300.8,7,12
Concrete Block,221.3,397.4,16,8
Brick,213.4,348.4,15,9
Concrete Block,203.2,352,5,11
Concrete Block,178.7,293.1,15,6
Brick,127.6,226,19,7
Brick,141.2,262.3,12,9
Concrete Block,219.6,429.2,17,8
Brick,262.5,500,18,11
Brick,213.4,348.4,10,11
Brick,257.2,433.9,4,22
Brick,213.4,348.4,2,25
Concrete Block,120.5,233.9,10,7
Concrete Block,110.8,212.9,13,6
Brick,208.2,330.9,19,9
Brick,186.7,357.2,12,11
Brick,172.2,333.9,2,28
Concrete Block,160.6,251.7,12,7
Concrete Block,207.1,332.8,13,8
Brick,141.2,262.3,3,16
Brick,213.8,354.6,19,9
Brick,160.2,328.4,6,13
Concrete Block,235.4,425,19,8
Brick,190.4,369.7,20,9
Concrete Block,151.7,247.2,14,6
Brick,178.7,296,2,23
Concrete Block,260.2,420.5,6,13
Brick,276.2,477.7,19,10
Concrete Block,235.4,425,20,8
Brick,172.4,327.8,13,10
Concrete Block,143.5,240.4,13,6
Brick,228.7,361.6,6,14
Brick,181.2,357,4,18
Brick,218.4,425.4,9,12
Concrete Block,195.3,351.6,16,8
Brick,213.4,348.4,7,13
Brick,133.6,261.5,4,18
Concrete Block,202.9,365.5,4,14
Concrete Block,157.6,309.3,16,8
Brick,158.7,282.5,20,8
Concrete Block,218.1,418.9,15,9
Brick,160.2,328.4,8,12
Brick,96,186.3,14,8
Brick,233.1,398.6,15,10
Brick,183.8,353.1,7,13
Brick,178.7,309.7,5,14
Concrete Block,203.2,352,20,6
Concrete Block,203.2,352,9,9
Concrete Block,151.7,247.2,6,9
Concrete Block,110.8,212.9,5,8
Brick,215.3,404.8,11,13
Brick,190.8,330.2,9,12
Brick,257.2,433.9,7,16
Concrete Block,110.8,212.9,7,7
Brick,133.1,287.8,10,12
Brick,229.3,381,17,10
Brick,276.2,477.7,8,15
Brick,228.7,361.6,9,11
Brick,212.4,371.4,5,18
Brick,276.2,477.7,4,21
Brick,213.8,354.6,4,19
Brick,208.2,330.9,19,9
Concrete Block,260.2,420.5,15,8
Concrete Block,190.6,341.1,2,19
Brick,249.8,454.7,4,24
Concrete Block,207.1,332.8,14,8
Brick,160.2,328.4,4,16
Concrete Block,225.3,364.4,14,8
Concrete Block,144.3,247.2,7,8
Brick,215.3,404.8,19,10
Brick,172.2,333.9,17,9
Brick,214.6,409.1,3,23
Brick,192.1,307.6,5,14
Brick,221.9,386.7,5,15
Brick,166.5,302.1,14,10
Brick,190.4,369.7,15,10
Brick,257.2,433.9,5,20
Brick,249.8,454.7,16,12
Concrete Block,170.8,309.1,12,8
Brick,197.6,343,13,11
Brick,253.9,439.4,6,17
Concrete Block,171.1,317.8,15,7
Brick,157.3,239.5,18,7
Concrete Block,145.7,215.3,19,6
Brick,140.4,227.7,3,15
Concrete Block,203.2,352,18,7
Brick,210.5,415.2,10,12
Brick,228.7,361.6,8,12
Brick,262.5,500,8,16
Concrete Block,190.6,341.1,10,8
Brick,133.1,287.8,16,10
Brick,260.2,428.5,19,9
Brick,252.7,419.1,8,14
Concrete Block,178.7,293.1,2,17
Concrete Block,251.4,453.2,6,14
Brick,217.5,394.8,16,11
Brick,220.9,443.3,6,18
Concrete Block,143.5,240.4,18,6
Brick,166.6,248.9,12,9
Brick,262.5,500,10,14
Brick,134,270.6,6,12
Concrete Block,162.4,311.8,15,7
Brick,173.3,283.9,14,10
Brick,133.1,287.8,17,9
Concrete Block,260.2,420.5,13,9
Brick,233.6,358.7,8,13
Brick,200.6,366.5,6,15
Brick,192.1,307.6,19,8
Brick,159.6,287.1,14,9
Brick,229.3,381,15,10
Brick,215.3,404.8,5,19
Brick,157.3,239.5,5,11
Concrete Block,221.3,397.4,4,15
Brick,154.3,230.1,11,8
Brick,215.3,404.8,16,11
Concrete Block,137.3,237.4,7,7
Concrete Block,137.3,237.4,11,6
Brick,218.4,425.4,12,11
Brick,133.6,261.5,16,9
Brick,173.3,283.9,9,13
Brick,233.6,358.7,9,12
Brick,214.6,409.1,7,15
Concrete Block,221.3,397.4,6,12
Brick,166.5,302.1,12,10
Brick,217.5,394.8,20,10
Brick,252.7,419.1,18,10
Concrete Block,251.4,453.2,8,12
Concrete Block,145.7,215.3,12,6
Concrete Block,143.5,240.4,7,8
Brick,181.2,357,6,15
Brick,145.7,269,16,8
Brick,140.4,227.7,19,7
Brick,190.4,369.7,4,20
Concrete Block,218.1,418.9,19,8
Concrete Block,207.1,332.8,12,9
Brick,140.4,227.7,5,12
Concrete Block,110.8,212.9,8,7
Brick,120,201.5,2,17
Brick,166.6,248.9,5,13
Brick,144,230.4,11,9
Brick,213.4,348.4,17,9
Brick,145.7,269,9,10
Brick,192.1,307.6,2,23
Brick,172.4,327.8,7,13
Concrete Block,260.9,433.5,10,11
Brick,212.4,371.4,20,9
Brick,228.7,361.6,19,9
Brick,147.3,258.9,14,9
Brick,116.4,195.9,6,12
Concrete Block,246.5,387.4,9,9
Brick,264.9,481.7,3,28
Brick,117.5,208.8,15,8
Brick,117.1,207.8,17,7
Concrete Block,260.2,420.5,8,11
Brick,262.5,500,14,12
Brick,192.1,307.6,16,9
Concrete Block,260.9,433.5,6,14
Concrete Block,143.5,240.4,5,9
Brick,228.7,361.6,13,10
Concrete Block,151.7,247.2,5,10
Concrete Block,246.5,387.4,3,15
Brick,264.9,481.7,5,21
Brick,145.6,264.1,9,11
Concrete Block,143.5,240.4,15,6
Brick,264.9,481.7,6,19
Brick,197.6,343,5,16
Brick,208.7,324.1,11,10
Brick,141.5,225.2,9,9
Brick,145.6,264.1,7,12
Brick,212.4,371.4,16,10
Brick,264.9,481.7,13,13
Brick,252.7,419.1,2,30
Concrete Block,202.9,365.5,5,13
Brick,134,270.6,13,9
Brick,214.6,409.1,8,14
Brick,249.7,454.4,17,12
Brick,158.7,282.5,18,8
Brick,178.3,300.5,2,23
Brick,262.5,500,2,36
Concrete Block,260.9,433.5,20,8
Concrete Block,199.3,400.8,4,15
Brick,249.7,454.4,5,23
Brick,142.1,261.9,18,8
Concrete Block,202.5,370.7,13,8
Brick,160.2,328.4,9,11
Brick,180.7,281.2,8,11
Brick,255.1,402.1,12,11
Brick,172.4,327.8,11,11
Brick,145.7,269,4,14
Concrete Block,235.4,425,6,13
Brick,147.3,258.9,5,13
Brick,210.5,415.2,15,10
Brick,145.7,269,14,8
Brick,276.2,477.7,7,16
Brick,252.7,419.1,10,12
Concrete Block,199.3,400.8,13,8
Concrete Block,202.9,365.5,15,8
Brick,166.5,302.1,11,11
Brick,218.4,425.4,11,11
Brick,145.6,264.1,5,14
Brick,96,186.3,5,11
Concrete Block,235.4,425,18,8
Brick,208.2,330.9,20,9
Brick,117.5,208.8,18,7
Concrete Block,235.4,425,13,9
Brick,134,270.6,2,20
Concrete Block,199.3,400.8,7,11
Concrete Block,162.5,266.2,11,7
Brick,154.3,230.1,19,7
Brick,276.2,477.7,3,25
Concrete Block,174.5,317.1,20,7
Concrete Block,207.1,332.8,3,18
Brick,113.6,190.5,5,11
Brick,158.7,282.5,3,18
Brick,186.7,357.2,7,14
Brick,213.8,354.6,10,12
Brick,133.6,261.5,12,10
Concrete Block,151.8,311.1,8,10
Brick,215.3,404.8,10,13
Brick,160.2,328.4,19,8
Brick,257.2,433.9,19,10
Concrete Block,160.6,251.7,11,7
Brick,134,270.6,18,8
Concrete Block,203.2,352,7,10
Brick,166.6,248.9,6,12
Brick,181.2,357,18,9
Concrete Block,246.5,387.4,16,7
Concrete Block,157.6,309.3,19,7
Brick,172.4,327.8,3,20
Brick,253.9,439.4,15,11
Brick,252.7,419.1,15,10
Brick,233.1,398.6,18,9
Concrete Block,120.5,233.9,11,6
Concrete Block,246.5,387.4,15,7
Brick,217.5,394.8,11,13
Brick,141.2,262.3,19,8
Brick,133.6,261.5,7,13
Brick,218.4,425.4,5,16
Concrete Block,195.3,351.6,15,8
Brick,158.7,282.5,17,8
Concrete Block,219.6,429.2,3,18
Brick,113.6,190.5,11,8
Brick,131.6,238.9,9,10
Brick,228.7,361.6,16,9
Brick,264.9,481.7,4,24
Brick,172.2,333.9,8,13
Brick,133.6,261.5,10,11
Concrete Block,260.2,420.5,19,8
Brick,172.4,327.8,18,9
Brick,253.9,439.4,18,10
Brick,214.6,409.1,14,11
Brick,213.8,354.6,11,11
Brick,270.8,500,12,13
Brick,262.5,500,15,12
Brick,141.5,225.2,17,7
Brick,134,270.6,15,8
Brick,159.6,287.1,5,15
Concrete Block,251.4,453.2,14,9
Concrete Block,132.1,240.9,8,9
Concrete Block,195.3,351.6,13,9
Concrete Block,151.8,311.1,10,9
Brick,210.5,415.2,11,11
Concrete Block,218.1,418.9,17,8
Concrete Block,202.9,365.5,6,12
Brick,221.9,420.3,12,11
Concrete Block,110.8,212.9,2,13
Brick,229.3,381,18,9
Brick,127.6,226,3,16
Brick,127.6,226,10,9
Concrete Block,156.4,274.2,9,8
Brick,134,270.6,3,16
Brick,208.7,324.1,3,19
Brick,232.9,365.7,18,10
Brick,214.6,409.1,17,10
Brick,133.1,287.8,20,9
Brick,270.8,500,9,15
Brick,144,230.4,8,10
Brick,210.5,415.2,2,28
Concrete Block,219.6,429.2,11,9
Concrete Block,162.5,266.2,10,7
Concrete Block,145.7,215.3,3,11
Brick,178.7,309.7,18,8
Brick,232.6,470.4,4,21
Brick,167.4,304.8,6,12
Brick,131.6,238.9,5,13
Concrete Block,162.5,266.2,5,9
Concrete Block,244.3,388.4,8,10
Brick,172.4,327.8,5,15
Concrete Block,203.2,352,14,7
Brick,159.6,287.1,12,10
Concrete Block,170.8,309.1,9,9
Concrete Block,120.5,233.9,6,8
Brick,232.6,470.4,8,14
Concrete Block,162.4,311.8,2,19
Brick,252.7,419.1,4,20
Brick,227.4,331.3,7,12
Brick,160.2,328.4,13,10
Brick,173.3,283.9,7,14
Concrete Block,253.1,457.6,4,17
Brick,228.7,361.6,5,15
Brick,220.9,443.3,7,16
Brick,117.1,207.8,10,8
Concrete Block,221.3,397.4,15,8
Concrete Block,144.3,247.2,9,7
Brick,116.4,195.9,4,14
Brick,159.6,287.1,20,8
Concrete Block,162.5,266.2,17,6
Concrete Block,253.1,457.6,15,9
Concrete Block,253.1,457.6,7,12
Brick,158.7,282.5,5,14
Concrete Block,202.9,365.5,13,8
Concrete Block,110.8,212.9,10,6
Concrete Block,151.8,311.1,11,9
Concrete Block,218.1,418.9,10,10
Brick,213.8,354.6,17,9
Brick,208.2,330.9,4,18
Brick,215.3,404.8,18,10
Brick,131.6,238.9,10,9
Concrete Block,120.5,233.9,15,6
Brick,221.9,420.3,2,27
Concrete Block,199.3,400.8,3,18
Brick,141.2,262.3,10,9
Concrete Block,177.2,332.6,6,13
Brick,154.3,230.1,13,8
Concrete Block,156.4,274.2,15,6
Brick,190.8,330.2,2,28
Concrete Block,202.9,365.5,12,8
Brick,217.5,394.8,6,18
Concrete Block,190.6,341.1,10,8
Brick,183.8,353.1,19,9
Brick,178.7,309.7,3,19
Brick,181.2,357,20,9
Brick,145.7,269,2,20
Brick,205.1,378.2,10,12
Brick,181.2,357,12,11
Concrete Block,143.5,240.4,20,6
Brick,180.7,281.2,3,18
Brick,133.6,261.5,20,9
Concrete Block,170.8,309.1,18,7
Brick,166.5,302.1,20,8
Brick,255.1,402.1,5,16
Brick,184.1,300.8,2,24
Concrete Block,225.3,364.4,13,8
Brick,116.4,195.9,7,11
Concrete Block,137.3,237.4,12,6
Concrete Block,221.3,397.4,14,8
Brick,214.6,409.1,9,13
Brick,145.6,264.1,12,9
Brick,264.9,481.7,17,11
Concrete Block,260.9,433.5,18,8
Concrete Block,102.3,154.5,8,6
Brick,117.5,208.8,5,11
Brick,181.2,357,16,9
Brick,257.2,433.9,14,12
Concrete Block,137.3,237.4,16,6
Concrete Block,102.3,154.5,11,5
Brick,190.8,330.2,11,11
Concrete Block,151.7,247.2,16,6
Concrete Block,178.7,293.1,20,6
Brick,221.9,386.7,7,13
Brick,142.1,261.9,17,8
Brick,260.2,428.5,17,10
Brick,229.3,381,4,19
Brick,264.9,481.7,16,12
Brick,249.7,454.4,10,15
Brick,133.6,261.5,9,12
Brick,159.6,287.1,13,10
Brick,221.9,420.3,4,18
Brick,145.6,264.1,6,13
Brick,210.5,415.2,6,15
Brick,249.7,454.4,16,12
Concrete Block,144.3,247.2,12,7
Concrete Block,162.4,311.8,11,8
Concrete Block,160.6,251.7,20,6
Concrete Block,162.4,311.8,13,7
Concrete Block,219.1,443.9,12,10
Brick,218.4,425.4,8,13
Brick,217.5,394.8,17,11
Brick,208.2,330.9,7,13
Brick,252.7,419.1,20,9
Concrete Block,190.6,341.1,13,7
Brick,166.6,248.9,15,9
Brick,232.9,365.7,14,11
Brick,214.6,409.1,12,11
Brick,264.9,481.7,20,11
Brick,255.1,402.1,17,9
Brick,145.7,269,18,8
Concrete Block,235.4,425,14,9
Brick,116.4,195.9,2,20
Concrete Block,177.2,332.6,15,8
Concrete Block,177.2,332.6,10,10
Brick,232.6,470.4,5,18
Brick,145.6,264.1,13,9
Brick,229.3,381,3,23
Brick,260.2,428.5,12,11
Brick,180.7,281.2,16,9
Brick,178.7,309.7,6,13
Brick,157.3,239.5,13,8
Concrete Block,260.9,433.5,8,12
Brick,131.6,238.9,7,11
Concrete Block,137.3,237.4,6,8
Brick,142.1,261.9,6,12
Brick,208.2,330.9,16,9
Brick,232.6,470.4,10,13
Concrete Block,219.1,443.9,19,8
Brick,190.8,330.2,16,10
Concrete Block,160.6,251.7,5,10
Concrete Block,132.1,240.9,14,7
Brick,218.4,425.4,15,10
Brick,270.8,500,4,24
Brick,255.1,402.1,9,12
Concrete Block,151.7,247.2,13,7
Brick,186.7,357.2,13,11
Brick,210.5,415.2,16,10
Brick,116.4,195.9,11,9
Concrete Block,251.4,453.2,19,8
Brick,249.7,454.4,15,13
Concrete Block,218.1,418.9,14,9
Brick,134,270.6,11,9
Brick,186.7,357.2,8,14
Brick,180.7,281.2,7,12
Brick,205.1,378.2,17,10
Brick,173.3,283.9,4,19
Concrete Block,195.3,351.6,20,7
Concrete Block,219.1,443.9,18,8
Brick,117.1,207.8,15,7
Brick,116.4,195.9,17,8
Brick,133.6,261.5,5,16
Brick,173.3,283.9,18,9
Brick,257.2,433.9,12,13
Brick,178.7,309.7,11,10
Concrete Block,160.6,251.7,2,17
Brick,200.6,366.5,20,9
Brick,173.3,283.9,11,11
Brick,142.1,261.9,10,10
Brick,233.6,358.7,20,9
Brick,249.8,454.7,12,13
Brick,213.4,348.4,19,8
Concrete Block,202.5,370.7,18,7
Brick,240.9,408.8,9,13
Concrete Block,251.4,453.2,9,11
Brick,249.7,454.4,2,40
Brick,180.7,281.2,19,8
Brick,133.1,287.8,9,12
Brick,117.5,208.8,16,8
Brick,183.8,353.1,6,14
Brick,218.3,393.4,17,9
Brick,186.7,357.2,11,12
Brick,223.2,346,7,15
Brick,249.8,454.7,17,11
Brick,240.9,408.8,18,9
Brick,249.7,454.4,4,26
Concrete Block,162.4,311.8,14,7
Brick,255.1,402.1,11,11
Brick,141.2,262.3,14,8
Brick,200.6,366.5,13,11
Brick,183.8,353.1,14,10
Brick,117.1,207.8,18,7
Concrete Block,137.3,237.4,13,6
Concrete Block,171.1,317.8,9,9
Brick,154.3,230.1,12,8
Concrete Block,151.7,247.2,18,6
Brick,228.7,361.6,15,9
Brick,181.2,357,13,10
Brick,141.5,225.2,13,8
Brick,240.9,408.8,7,14
Brick,116.4,195.9,18,8
Concrete Block,132.1,240.9,13,7
Concrete Block,144.3,247.2,15,6
Concrete Block,202.5,370.7,5,12
Concrete Block,177.2,332.6,16,8
Brick,180.7,281.2,11,10
Brick,212.4,371.4,7,15
Concrete Block,156.4,274.2,17,6
Brick,172.4,327.8,9,11
Brick,212.4,371.4,4,20
Brick,233.1,398.6,10,12
Concrete Block,190.6,341.1,9,9
Concrete Block,190.6,341.1,15,7
Concrete Block,199.3,400.8,9,10
Brick,233.6,358.7,8,13
Brick,208.7,324.1,14,9
Brick,208.2,330.9,12,11
Brick,183.8,353.1,8,13
Brick,144,230.4,10,9
Brick,173.3,283.9,5,17
Brick,229.3,381,13,11
Concrete Block,132.1,240.9,2,20
Brick,208.2,330.9,6,15
Brick,220.9,443.3,5,19
Brick,269.5,500,17,11
Concrete Block,195.3,351.6,4,16
Brick,160.2,328.4,11,10
Concrete Block,199.3,400.8,8,11
Brick,218.3,393.4,9,12
Brick,181.2,357,15,10
Concrete Block,218.1,418.9,18,8
Brick,221.9,386.7,19,9
Concrete Block,151.8,311.1,15,8
Brick,172.2,333.9,6,15
Brick,252.7,419.1,16,10
Concrete Block,162.4,311.8,17,7
Concrete Block,151.8,311.1,6,12
Brick,131.6,238.9,16,8
Concrete Block,145.7,215.3,8,7
Brick,186.7,357.2,17,10
Brick,144,230.4,4,14
Concrete Block,178.7,293.1,3,13
Brick,255.1,402.1,15,10
Concrete Block,225.3,364.4,7,11
Brick,184.1,300.8,6,13
Concrete Block,171.1,317.8,16,7
Brick,252.7,419.1,3,23
Brick,120,201.5,17,7
Concrete Block,120.5,233.9,3,11
Brick,205.1,378.2,14,11
Brick,205.1,378.2,8,14
Brick,147.3,258.9,17,8
Brick,172.2,333.9,19,9
Brick,249.7,454.4,9,16
Concrete Block,156.4,274.2,19,6
Brick,142.1,261.9,13,9
Concrete Block,157.6,309.3,5,13
Concrete Block,251.4,453.2,17,8
Concrete Block,219.1,443.9,11,10
Brick,180.7,281.2,15,9
Brick,214.6,409.1,4,20
Concrete Block,219.1,443.9,7,13
Brick,159.6,287.1,8,12
Brick,270.8,500,2,36
Concrete Block,102.3,154.5,18,5
Brick,262.5,500,12,13
Brick,91.9,141.9,4,9
Concrete Block,156.4,274.2,13,7
Brick,181.2,357,19,9
Brick,96,186.3,13,8
Brick,141.2,262.3,20,8
Concrete Block,151.8,311.1,17,7
Brick,173.3,283.9,14,10
Brick,218.3,393.4,18,9
Brick,214.6,409.1,16,10
Concrete Block,219.6,429.2,2,24
Brick,159.6,287.1,9,11
Concrete Block,202.5,370.7,4,13
Brick,181.2,357,9,12
Concrete Block,202.5,370.7,19,7
Brick,142.1,261.9,20,8
Brick,167.4,304.8,13,9
Brick,117.1,207.8,19,7
Brick,233.6,358.7,17,10
Concrete Block,260.2,420.5,10,10
Brick,260.2,428.5,6,15
Brick,232.6,470.4,7,15
Concrete Block,162.5,266.2,19,6
Brick,184.1,300.8,8,12
Brick,197.6,343,17,9
Brick,172.4,327.8,15,9
Brick,167.4,304.8,18,8
Brick,269.5,500,11,13
Concrete Block,203.2,352,7,10
Concrete Block,102.3,154.5,10,6
Brick,197.6,343,6,15
Brick,269.5,500,15,11
Brick,134,270.6,10,9
Brick,160.2,328.4,9,11
Brick,181.2,357,7,14
Brick,269.5,500,14,11
Brick,154.3,230.1,15,8
Brick,200.6,366.5,20,9
Concrete Block,253.1,457.6,17,8
Brick,184.1,300.8,3,19
Brick,133.6,261.5,6,14
Concrete Block,203.2,352,11,8
Concrete Block,110.8,212.9,12,6
Brick,131.6,238.9,17,8
Brick,178.3,300.5,5,14
Brick,269.5,500,7,16
Brick,212.4,371.4,8,14
Concrete Block,244.3,388.4,7,11
Brick,240.9,408.8,12,11
Brick,115.4,200.3,2,17
Brick,215.3,404.8,2,33
Brick,133.1,287.8,20,9
Concrete Block,178.7,293.1,5,10
Concrete Block,178.7,293.1,4,11
Brick,115.4,200.3,11,8
Concrete Block,170.8,309.1,11,8
Concrete Block,202.5,370.7,9,9
Brick,255.1,402.1,13,10
Brick,262.5,500,9,15
Concrete Block,219.1,443.9,10,11
Brick,221.9,420.3,17,9
Concrete Block,170.8,309.1,10,9
Concrete Block,195.3,351.6,8,11
Concrete Block,160.6,251.7,9,8
Brick,160.2,328.4,12,10
Brick,208.7,324.1,19,8
Brick,220.9,443.3,20,10
Brick,208.2,330.9,17,9
Brick,200.6,366.5,18,9
Brick,213.8,354.6,18,9
Brick,232.9,365.7,4,19
Brick,213.4,348.4,17,9
Concrete Block,219.1,443.9,14,9
Concrete Block,137.3,237.4,20,6
Brick,178.7,309.7,16,9
Brick,257.2,433.9,10,14
Concrete Block,174.5,317.1,16,8
Concrete Block,219.6,429.2,9,10
Concrete Block,178.7,293.1,10,7
Concrete Block,151.8,311.1,3,18
Brick,157.3,239.5,7,10
Concrete Block,219.6,429.2,3,18
Brick,184.1,300.8,10,11
Concrete Block,162.4,311.8,8,9
Brick,180.7,281.2,5,14
Brick,166.6,248.9,3,17
Brick,91.9,141.9,5,9
Concrete Block,244.3,388.4,2,23
Brick,232.9,365.7,3,23
Concrete Block,143.5,240.4,3,11
Brick,232.9,365.7,7,14
Concrete Block,251.4,453.2,4,18
Concrete Block,260.9,433.5,17,9
Brick,159.6,287.1,6,13
Concrete Block,253.1,457.6,18,8
Brick,227.4,331.3,14,9
Concrete Block,203.2,352,16,7
Brick,276.2,477.7,11,13
Concrete Block,260.9,433.5,2,28
Brick,253.9,439.4,12,12
Brick,190.8,330.2,14,10
Brick,147.3,258.9,18,8
Brick,141.2,262.3,13,9
Brick,217.5,394.8,9,14
Brick,158.7,282.5,3,18
Concrete Block,174.5,317.1,12,9
Brick,183.8,353.1,18,9
Concrete Block,202.9,365.5,14,8
Brick,134,270.6,14,8
Concrete Block,174.5,317.1,10,10
Brick,212.4,371.4,12,12
Brick,117.1,207.8,14,8
Brick,141.5,225.2,10,8
Concrete Block,144.3,247.2,18,6
Brick,227.4,331.3,10,10
Concrete Block,170.8,309.1,17,7
Brick,127.6,226,11,9
Brick,113.6,190.5,17,7
Brick,115.4,200.3,19,7
Brick,249.8,454.7,20,11
Brick,220.9,443.3,14,12
Brick,117.1,207.8,20,7
Brick,223.2,346,12,11
Brick,213.8,354.6,8,13
Brick,141.5,225.2,20,7
Brick,117.5,208.8,11,8
Concrete Block,171.1,317.8,2,19
Brick,210.5,415.2,12,11
Concrete Block,218.1,418.9,5,15
Brick,270.8,500,3,28
Brick,180.7,281.2,14,9
Brick,120,201.5,16,7
Brick,208.2,330.9,18,9
Brick,229.3,381,10,12
Concrete Block,253.1,457.6,2,26
Brick,200.6,366.5,9,13
Concrete Block,203.2,352,6,10
Brick,276.2,477.7,20,10
Brick,116.4,195.9,3,16
Brick,127.6,226,20,7
Brick,178.7,309.7,13,10
Brick,140.4,227.7,14,8
Concrete Block,162.5,266.2,4,11
Brick,249.8,454.7,6,19
Concrete Block,174.5,317.1,13,9
Brick,184.1,300.8,12,10
Brick,116.4,195.9,12,9
Concrete Block,178.7,293.1,8,8
Brick,172.4,327.8,17,9
Brick,154.3,230.1,2,17
Brick,223.2,346,13,11
Concrete Block,207.1,332.8,15,8
Brick,117.1,207.8,3,14
Concrete Block,157.6,309.3,11,9
Brick,232.6,470.4,11,12
Brick,172.4,327.8,20,8
Concrete Block,151.7,247.2,17,6
Concrete Block,195.3,351.6,7,12
Brick,158.7,282.5,11,10
Brick,269.5,500,10,13
Brick,140.4,227.7,16,8
Concrete Block,221.3,397.4,11,9
Brick,172.2,333.9,9,12
Brick,145.7,269,8,10
Brick,113.6,190.5,12,8
Brick,205.1,378.2,18,10
Concrete Block,219.6,429.2,14,8
Brick,180.7,281.2,20,8
Brick,91.9,141.9,8,8
Concrete Block,110.8,212.9,6,8
Concrete Block,199.3,400.8,16,8
Brick,212.4,371.4,18,10
Brick,232.6,470.4,18,10
Concrete Block,170.8,309.1,3,16
Concrete Block,156.4,274.2,16,6
Brick,116.4,195.9,10,9
Brick,233.1,398.6,15,10
Brick,145.7,269,12,9
Brick,160.2,328.4,14,9
Concrete Block,144.3,247.2,4,11
Concrete Block,120.5,233.9,5,9
Brick,232.6,470.4,14,11
Brick,127.6,226,16,8
Concrete Block,190.6,341.1,8,9
Brick,229.3,381,8,13
Concrete Block,102.3,154.5,12,5
Brick,131.6,238.9,20,7
Concrete Block,110.8,212.9,20,6
Concrete Block,170.8,309.1,6,11
Concrete Block,251.4,453.2,16,9
Brick,221.9,386.7,10,11
Concrete Block,143.5,240.4,6,8
Concrete Block,177.2,332.6,2,26
Brick,133.1,287.8,3,22
Brick,173.3,283.9,12,11
Concrete Block,143.5,240.4,19,6
Concrete Block,156.4,274.2,6,9
Brick,269.5,500,9,14
Brick,213.8,354.6,7,14
Brick,117.5,208.8,6,11
Brick,218.3,393.4,11,11
Brick,220.9,443.3,15,11
Concrete Block,160.6,251.7,8,8
Brick,140.4,227.7,6,11
Brick,221.9,420.3,3,21
Brick,257.2,433.9,8,15
Brick,233.1,398.6,11,12
Concrete Block,246.5,387.4,19,6
Concrete Block,157.6,309.3,17,7
Concrete Block,162.5,266.2,6,9
Concrete Block,235.4,425,8,11
Brick,141.5,225.2,3,13
Concrete Block,145.7,215.3,7,8
Brick,113.6,190.5,2,17
Brick,96,186.3,12,8
Brick,91.9,141.9,20,6
Brick,113.6,190.5,13,8
Concrete Block,170.8,309.1,20,7
Brick,197.6,343,8,13
Brick,96,186.3,2,17
Brick,190.4,369.7,3,23
Brick,212.4,371.4,2,30
Brick,221.9,386.7,2,25
Brick,212.4,371.4,11,12
Concrete Block,162.4,311.8,5,11
Concrete Block,110.8,212.9,17,6
Brick,141.5,225.2,6,10
Brick,276.2,477.7,7,16
Concrete Block,151.7,247.2,19,6
Concrete Block,202.5,370.7,3,16
Concrete Block,195.3,351.6,10,10
Brick,233.6,358.7,6,15
Brick,183.8,353.1,20,9
Brick,117.5,208.8,19,7
Brick,228.7,361.6,6,14
Concrete Block,162.5,266.2,15,6
Brick,232.9,365.7,20,9
Brick,157.3,239.5,12,8
Brick,264.9,481.7,7,18
Concrete Block,160.6,251.7,14,7
Brick,144,230.4,7,11
Brick,190.8,330.2,10,12
Brick,183.8,353.1,15,10
Brick,141.5,225.2,2,16
Brick,140.4,227.7,20,7
Brick,218.4,425.4,6,15
Brick,180.7,281.2,19,8
Brick,116.4,195.9,20,7
Brick,218.3,393.4,16,9
Concrete Block,202.5,370.7,12,8
Brick,260.2,428.5,9,13
Concrete Block,219.1,443.9,20,8
Brick,227.4,331.3,2,23
Brick,159.6,287.1,18,9
Brick,215.3,404.8,5,19
Brick,186.7,357.2,2,29
Concrete Block,156.4,274.2,6,9
Brick,183.8,353.1,17,9
Concrete Block,219.1,443.9,16,9
Brick,205.1,378.2,19,9
Brick,229.3,381,20,9
Brick,173.3,283.9,6,15
Brick,134,270.6,19,8
Brick,221.9,386.7,8,12
Brick,213.8,354.6,15,10
Brick,172.4,327.8,4,17
Brick,115.4,200.3,7,10
Brick,115.4,200.3,5,11
Concrete Block,260.2,420.5,9,11
Concrete Block,171.1,317.8,8,9
Brick,140.4,227.7,8,10
Concrete Block,160.6,251.7,17,6
Brick,166.5,302.1,3,20
Brick,167.4,304.8,5,13
Brick,116.4,195.9,16,8
Concrete Block,160.6,251.7,4,12
Concrete Block,132.1,240.9,17,7
Brick,221.9,386.7,20,8
Concrete Block,151.8,311.1,13,8
Brick,133.6,261.5,8,12
Concrete Block,132.1,240.9,10,8
Brick,208.2,330.9,2,27
Concrete Block,219.1,443.9,17,8
Brick,140.4,227.7,4,13
Brick,223.2,346,20,9
Brick,232.9,365.7,9,13
Brick,172.2,333.9,4,18
Concrete Block,203.2,352,15,7
Brick,145.6,264.1,19,8
Concrete Block,195.3,351.6,19,7
Concrete Block,207.1,332.8,10,9
Concrete Block,157.6,309.3,4,15
Concrete Block,151.7,247.2,2,16
Brick,221.9,386.7,11,11
Brick,255.1,402.1,20,9
Brick,200.6,366.5,10,12
Brick,133.1,287.8,5,16
Brick,178.7,296,16,9
Brick,220.9,443.3,8,15
Brick,260.2,428.5,15,10
Concrete Block,144.3,247.2,8,8
Concrete Block,225.3,364.4,11,9
Brick,269.5,500,13,12
Concrete Block,151.7,247.2,20,6
Brick,232.9,365.7,16,10
Brick,96,186.3,8,9
Brick,116.4,195.9,9,10
Brick,197.6,343,10,12
Concrete Block,195.3,351.6,12,9
Brick,184.1,300.8,11,10
Brick,96,186.3,18,7
Brick,178.3,300.5,14,9
Concrete Block,219.6,429.2,7,11
Brick,167.4,304.8,2,21
Concrete Block,235.4,425,3,20
Brick,147.3,258.9,3,17
Brick,232.6,470.4,16,11
Brick,145.6,264.1,20,8
Brick,178.7,296,15,9
Concrete Block,160.6,251.7,16,6
Concrete Block,156.4,274.2,8,8
Concrete Block,219.1,443.9,14,9
Brick,116.4,195.9,15,8
Brick,249.8,454.7,3,28
Concrete Block,246.5,387.4,20,6
Brick,160.2,328.4,15,9
Concrete Block,199.3,400.8,10,9
Concrete Block,151.7,247.2,3,13
Concrete Block,110.8,212.9,3,11
Concrete Block,202.5,370.7,2,20
Concrete Block,170.8,309.1,19,7
Concrete Block,203.2,352,17,7
Brick,120,201.5,13,8
Brick,159.6,287.1,10,11
Brick,260.2,428.5,2,29
Brick,133.1,287.8,15,10
Brick,91.9,141.9,18,6
Concrete Block,219.1,443.9,2,28
Concrete Block,203.2,352,12,8
Concrete Block,144.3,247.2,19,6
Brick,214.6,409.1,5,17
Concrete Block,170.8,309.1,5,12
Concrete Block,162.4,311.8,18,6
Brick,190.4,369.7,18,10
Concrete Block,151.7,247.2,9,8
Brick,145.6,264.1,15,9
Brick,210.5,415.2,20,9
Concrete Block,218.1,418.9,11,10
Brick,120,201.5,4,12
Concrete Block,202.9,365.5,10,9
Concrete Block,102.3,154.5,13,5
Brick,227.4,331.3,8,11
Brick,218.3,393.4,2,26
Brick,218.3,393.4,10,11
Brick,218.4,425.4,18,9
Brick,208.7,324.1,17,9
Brick,270.8,500,19,11
Brick,260.2,428.5,10,12
Brick,249.8,454.7,5,21
Brick,257.2,433.9,15,11
Brick,269.5,500,4,22
Brick,269.5,500,19,10
Concrete Block,260.2,420.5,5,15
Brick,144,230.4,13,8
Brick,117.5,208.8,17,7
Concrete Block,199.3,400.8,18,7
Concrete Block,157.6,309.3,20,7
Brick,178.7,296,4,16
Brick,240.9,408.8,4,19
Brick,144,230.4,20,7
Brick,276.2,477.7,2,32
Brick,249.8,454.7,19,11
Brick,221.9,420.3,13,10
Concrete Block,246.5,387.4,18,7
Brick,184.1,300.8,5,14
Brick,134,270.6,16,8
Concrete Block,137.3,237.4,2,14
Brick,233.1,398.6,5,17
Brick,205.1,378.2,5,17
Brick,208.7,324.1,6,14
Brick,173.3,283.9,3,22
Concrete Block,137.3,237.4,19,6
Brick,147.3,258.9,7,12
Brick,131.6,238.9,13,9
Brick,205.1,378.2,12,11
Brick,131.6,238.9,18,8
Brick,221.9,420.3,7,13
Concrete Block,137.3,237.4,9,7
Brick,208.7,324.1,7,13
Concrete Block,102.3,154.5,2,10
Brick,262.5,500,11,14
Brick,173.3,283.9,16,10
Brick,158.7,282.5,7,12
Brick,166.6,248.9,6,12
Concrete Block,246.5,387.4,12,8
Brick,178.7,309.7,4,16
Concrete Block,219.6,429.2,20,7
Concrete Block,244.3,388.4,5,13
Brick,147.3,258.9,2,22
Concrete Block,195.3,351.6,4,16
Brick,264.9,481.7,10,15
Brick,221.9,386.7,19,9
Brick,232.9,365.7,17,10
Concrete Block,221.3,397.4,19,7
Brick,167.4,304.8,19,8
Concrete Block,160.6,251.7,19,6
Brick,131.6,238.9,12,9
Brick,260.2,428.5,4,19
Concrete Block,190.6,341.1,4,13
Brick,208.7,324.1,16,9
Brick,270.8,500,8,16
Brick,116.4,195.9,14,8
Concrete Block,225.3,364.4,9,10
Brick,252.7,419.1,6,16
Concrete Block,162.5,266.2,3,12
Brick,240.9,408.8,2,29
Brick,200.6,366.5,14,10
Concrete Block,221.3,397.4,20,7
Brick,218.4,425.4,16,10
Concrete Block,219.6,429.2,4,15
Brick,221.9,386.7,6,14
Brick,117.5,208.8,13,8
Brick,212.4,371.4,17,10
Brick,205.1,378.2,19,9
Brick,213.4,348.4,18,9
Concrete Block,174.5,317.1,17,8
Concrete Block,253.1,457.6,16,8
Concrete Block,151.8,311.1,16,8
Brick,166.6,248.9,16,8
Brick,221.9,420.3,18,9
Brick,113.6,190.5,16,7
Concrete Block,144.3,247.2,3,13
Brick,147.3,258.9,3,17
Brick,186.7,357.2,3,23
Brick,262.5,500,20,11
Concrete Block,218.1,418.9,4,17
Brick,233.6,358.7,2,28
Brick,91.9,141.9,11,7
Concrete Block,137.3,237.4,3,11
Concrete Block,199.3,400.8,6,12
Brick,255.1,402.1,16,10
Concrete Block,178.7,293.1,14,7
Concrete Block,251.4,453.2,15,9
Concrete Block,219.6,429.2,16,8
Brick,210.5,415.2,19,9
Brick,142.1,261.9,12,9
Brick,192.1,307.6,20,8
Concrete Block,225.3,364.4,5,14
Concrete Block,132.1,240.9,3,16
Brick,213.8,354.6,3,22
Concrete Block,162.5,266.2,3,12
Brick,197.6,343,2,28
Brick,120,201.5,18,7
Brick,223.2,346,15,10
Concrete Block,162.5,266.2,9,7
Concrete Block,151.7,247.2,7,9
Brick,260.2,428.5,9,13
Concrete Block,253.1,457.6,8,12
Brick,173.3,283.9,20,9
Brick,233.1,398.6,4,19
Brick,96,186.3,11,8
Concrete Block,157.6,309.3,7,11
Concrete Block,102.3,154.5,16,5
Concrete Block,132.1,240.9,9,9
Brick,117.1,207.8,4,12
Brick,190.8,330.2,15,10
Brick,154.3,230.1,9,9
Brick,221.9,420.3,2,27
Concrete Block,251.4,453.2,3,21
Concrete Block,151.8,311.1,20,7
Brick,240.9,408.8,5,17
Concrete Block,219.1,443.9,6,14
Brick,183.8,353.1,16,9
Brick,180.7,281.2,17,8
Brick,233.6,358.7,16,10
Concrete Block,219.6,429.2,10,9
Concrete Block,160.6,251.7,7,9
Concrete Block,235.4,425,11,10
Brick,192.1,307.6,17,9
Brick,208.7,324.1,4,17
Brick,213.4,348.4,12,10
Brick,217.5,394.8,19,10
Brick,190.8,330.2,8,13
Concrete Block,202.5,370.7,10,8
Concrete Block,203.2,352,19,6
Brick,117.1,207.8,16,7
Brick,91.9,141.9,12,7
Brick,120,201.5,16,7
Brick,205.1,378.2,2,29
